country,segment,sales_rep_id,team,pcid_count,revenue_90d,pqr_90d,rev_growth_pct,jobs_90d,rev_per_job,impact_calls_90d,impact_coverage
AU,ACC,5101,AU-NAM-ACCDE-SYD-1,31,60185.4,40194.8,0.5,98572,0.6,0,0
AU,ACC,6383,AU-NAM-ACCDE-SYD-1,53,15798.7,13250.1,0.2,27916,0.6,0,0
AU,ACC,9208,AU-M-ACCDE-SYD-1,198,117882.5,126683.6,-0.1,29583,4.0,153,0
AU,ACC,13758,AU-M-ACCDE-SYD-1,154,57689.3,63998.0,-0.1,17572,3.3,0,0
AU,ACC,17704,AU-NAM-ACCDE-SYD-1,49,40521.2,21485.9,0.9,344698,0.1,15,0
AU,ACC,18351,AU-M-ACCDE-SYD-1,197,84205.7,62822.9,0.3,35842,2.3,144,0
AU,ACC,24772,AU-M-ACCDE-SYD-1,196,83425.1,78579.6,0.1,43315,1.9,185,0
AU,ACC,25650,AU-M-ACCDE-SYD-1,143,46590.0,62452.8,-0.3,15100,3.1,,
AU,ACC,30398,AU-M-ACCDE-SYD-1,185,92342.7,80095.9,0.2,25907,3.6,160,0
AU,ACC,35451,AU-NAM-ACCDE-SYD-1,49,27353.2,18464.5,0.5,42069,0.7,2,0
AU,ACC,43078,AU-M-ACCDE-SYD-1,169,75951.3,89038.5,-0.1,20507,3.7,26,0
AU,ACC,43720,AU-M-ACCDE-SYD-1,176,57555.9,55963.9,0.0,43544,1.3,166,0
AU,NAM,8861,AU-NAM-ACCSA-SYD-1,46,10495.8,8816.7,0.2,28155,0.4,0,0
AU,NAM,14665,AU-NAM-ACCSA-SYD-1,67,13696.5,8623.3,0.6,56128,0.2,3,0
AU,NAM,20039,AU-NAM-ACCSA-SYD-1,51,18382.5,21864.2,-0.2,39520,0.5,0,0
AU,NAM,25018,AU-NAM-ACCSA-SYD-1,47,21920.8,11285.8,0.9,43349,0.5,0,0
BNL,ACC,2351,NL-M-ACCDE-DUB-1,180,70027.2,38150.5,0.8,11970,5.9,0,0
BNL,ACC,4940,BE-NAM-ACCDE-BRU-1,32,50922.3,24322.9,1.0,48525,1.0,0,0
BNL,ACC,5286,NL-M-ACCDE-AMS-2,181,63207.4,36660.6,0.7,10954,5.8,282,1
BNL,ACC,6493,NL-M-ACCDE-AMS-2,175,94057.2,26333.4,1.0,14910,6.3,193,1
BNL,ACC,8128,BE-NAM-ACCDE-BRU-1,28,43020.9,24829.2,0.7,62169,0.7,0,0
BNL,ACC,8673,NL-M-ACCDE-AMS-2,192,75594.8,60899.0,0.2,9128,8.3,271,1
BNL,ACC,8834,NL-NAM-ACCDE-AMS-1,38,20076.2,17167.8,0.2,31855,0.6,15,0
BNL,ACC,10379,NL-M-ACCDE-AMS-2,204,45514.0,34553.0,0.3,14648,3.1,317,1
BNL,ACC,10493,NL-NAM-ACCDE-AMS-1,42,22676.1,10420.9,1.0,35358,0.6,0,0
BNL,ACC,14772,NL-M-ACCDE-AMS-2,175,45399.4,42801.9,0.1,23409,1.9,308,1
BNL,ACC,14813,BE-NAM-ACCDE-BRU-1,27,97199.1,71407.8,0.4,9851,9.9,0,0
BNL,ACC,16472,NL-NAM-ACCDE-AMS-1,40,29544.9,17598.2,0.7,71228,0.4,0,0
BNL,ACC,16516,BE-NAM-ACCDE-BRU-1,35,53141.9,37194.0,0.4,23805,2.2,12,0
BNL,ACC,17142,BE-M-ACCDE-BRU-1,106,59074.8,36731.5,0.6,22463,2.6,250,2
BNL,ACC,19507,BE-M-ACCDE-BRU-1,104,74555.3,61204.4,0.2,145233,0.5,205,1
BNL,ACC,19806,BE-M-ACCDE-BRU-1,115,69472.8,51363.6,0.4,5929,11.7,179,1
BNL,ACC,27047,BE-NAM-ACCDE-BRU-1,25,111479.6,103958.5,0.1,4707,23.7,1,0
BNL,ACC,31700,NL-M-ACCDE-DUB-1,181,57796.1,29701.1,0.9,12110,4.8,177,0
BNL,ACC,35575,NL-M-ACCDE-DUB-1,178,78311.1,66254.9,0.2,7854,10.0,233,1
BNL,ACC,42598,BE-NAM-ACCDE-BRU-1,32,88115.0,50734.6,0.7,11581,7.6,0,0
BNL,ACC,42831,BE-M-ACCDE-BRU-1,190,67836.7,57506.3,0.2,12834,5.3,278,1
BNL,ACC,43160,BE-M-ACCDE-BRU-1,68,64640.8,42242.7,0.5,4620,14.0,112,1
BNL,ACC,44003,BE-M-ACCDE-BRU-1,76,108134.1,62353.2,0.7,19546,5.5,371,4
BNL,ACC,46334,BE-M-ACCDE-BRU-1,98,44896.9,40109.9,0.1,6821,6.6,2,0
BNL,ISDCA,30907,NL-ISDCA-DE-DUB-1,53,223223.5,136015.8,0.6,18314,12.2,140,2
BNL,L,3638,NL-L-SA-DUB-1,49,135114.3,139291.8,0.0,28171,4.8,126,2
BNL,L,6382,NL-L-DE-AMS-1,41,118894.8,75409.6,0.6,38835,3.1,116,2
BNL,L,9479,NL-L-DE-AMS-1,39,128308.2,127323.8,0.0,17941,7.2,121,3
BNL,L,16517,BE-L-SA-BRU-1,53,23261.1,35614.4,-0.3,20855,1.1,145,2
BNL,L,17951,NL-L-DE-AMS-1,41,86967.1,70205.1,0.2,20090,4.3,41,1
BNL,L,28956,NL-L-DE-AMS-1,39,169318.5,149402.1,0.1,28031,6.0,137,3
BNL,L,33964,NL-L-SA-DUB-1,49,211904.5,154615.2,0.4,31243,6.8,152,3
BNL,L,35143,NL-L-SA-DUB-1,48,137232.2,117498.8,0.2,20935,6.6,5,0
BNL,L,36246,NL-L-SA-DUB-1,51,123736.6,128765.4,0.0,24000,5.2,169,3
BNL,L,39849,BE-L-SA-BRU-1,55,21226.8,21340.3,0.0,16790,1.3,46,0
BNL,L,42609,NL-L-DE-AMS-1,41,131314.1,103972.3,0.3,15357,8.6,94,2
BNL,M,6393,NL-M-DE-DUB-1,95,527724.9,438909.2,0.2,9988,52.8,151,1
BNL,M,6585,NL-M-DE-DUB-2,90,495861.5,374846.4,0.3,8979,55.2,0,0
BNL,M,6917,NL-M-PSE-AMS-1,105,32517.1,20272.2,0.6,14657,2.2,30,0
BNL,M,9379,NL-M-DE-AMS-1,91,578337.4,465234.1,0.2,7099,81.5,189,2
BNL,M,12914,NL-M-DE-AMS-1,90,510544.0,511643.3,0.0,18192,28.1,252,2
BNL,M,13680,NL-M-DE-AMS-1,90,424348.0,355596.1,0.2,8655,49.0,249,2
BNL,M,15870,NL-M-SA-DUB-1,81,199184.6,215958.9,-0.1,18891,10.5,46,0
BNL,M,18422,NL-M-DE-AMS-1,92,453874.8,348755.2,0.3,9275,48.9,277,3
BNL,M,19493,NL-M-DE-DUB-1,90,463109.5,360673.6,0.3,12290,37.7,74,0
BNL,M,21208,NL-M-DE-DUB-2,90,411327.3,369796.0,0.1,19273,21.3,249,2
BNL,M,30795,NL-M-DE-DUB-2,93,438245.7,380323.5,0.2,15740,27.8,229,2
BNL,M,31711,NL-M-PSE-AMS-1,176,79806.3,66522.4,0.2,24102,3.3,31,0
BNL,M,32064,NL-M-SA-DUB-1,74,197871.5,176171.7,0.1,16304,12.1,244,3
BNL,M,35817,NL-M-DE-DUB-1,90,535746.6,380053.1,0.4,11479,46.7,223,2
BNL,M,38440,NL-M-SA-DUB-1,81,226985.9,236077.0,0.0,19503,11.6,216,2
BNL,M,40233,NL-M-DE-DUB-2,87,401846.5,356383.0,0.1,6407,62.7,225,2
BNL,M,41428,NL-M-SA-DUB-1,196,36395.7,20108.1,0.8,47048,0.8,231,1
BNL,M,42904,NL-M-SA-DUB-1,78,221915.6,191123.2,0.2,13389,16.6,231,2
BNL,M,44931,NL-M-DE-DUB-1,93,487304.4,396531.4,0.2,11171,43.6,213,2
BNL,M,45182,NL-M-DE-DUB-1,92,472963.6,387314.4,0.2,12375,38.2,254,2
BNL,NAM,2609,NL-NAM-ACCSA-AMS-1,23,49349.0,26686.2,0.8,78728,0.6,59,2
BNL,NAM,2769,NL-NAM-SA-AMS-1,12,61486.8,53285.0,0.2,230966,0.3,0,0
BNL,NAM,3735,NL-NAM-SA-AMS-2,15,131060.1,82194.9,0.6,89037,1.5,0,0
BNL,NAM,6572,NL-NAM-B2B-AMS-1,12,16152.8,29830.8,-0.5,48806,0.3,0,0
BNL,NAM,6949,NL-NAM-SA-AMS-2,13,110303.3,92528.3,0.2,175409,0.6,0,0
BNL,NAM,6950,NL-NAM-RHLOG-AMS-1,12,14495.1,25682.6,-0.4,8490,1.7,0,0
BNL,NAM,7652,NL-NAM-B2B-AMS-1,12,39277.0,22642.1,0.7,10494,3.7,0,0
BNL,NAM,8757,NL-NAM-PSE-AMS-1,14,96066.0,17318.5,1.0,9037,10.6,0,0
BNL,NAM,8835,NL-NAM-SA-AMS-1,13,42470.2,33558.0,0.3,90600,0.5,5,0
BNL,NAM,8842,NL-NAM-RHLOG-AMS-1,12,38214.8,27827.1,0.4,16799,2.3,0,0
BNL,NAM,9592,NL-NAM-B2B-AMS-1,11,379593.2,10509.2,1.0,13076,29.0,0,0
BNL,NAM,9828,NL-NAM-B2B-AMS-1,11,57368.9,12951.4,1.0,22098,2.6,0,0
BNL,NAM,9895,BE-NAM-PSE-BRU-1,39,76370.0,81305.4,-0.1,49603,1.5,1,0
BNL,NAM,10014,NL-NAM-RHLOG-AMS-1,12,27694.2,13697.0,1.0,28558,1.0,0,0
BNL,NAM,10018,NL-NAM-RHLOG-AMS-1,12,30578.8,28395.1,0.1,32912,0.9,0,0
BNL,NAM,10233,BE-NAM-ACCSA-BRU-1,14,35495.9,24619.5,0.4,128247,0.3,0,0
BNL,NAM,11636,NL-NAM-RHLOG-AMS-1,9,614842.8,313669.7,1.0,38852,15.8,0,0
BNL,NAM,14732,BE-NAM-ACCSA-BRU-1,15,88207.1,76962.2,0.1,125175,0.7,5,0
BNL,NAM,15055,NL-NAM-ACCSA-AMS-1,27,15951.1,21308.0,-0.3,52685,0.3,2,0
BNL,NAM,15382,NL-NAM-SA-AMS-1,11,34120.0,36862.9,-0.1,43555,0.8,0,0
BNL,NAM,16506,NL-NAM-SA-AMS-1,13,120721.7,48128.0,1.0,153977,0.8,0,0
BNL,NAM,17728,NL-NAM-B2B-AMS-1,11,67529.6,59869.8,0.1,11461,5.9,0,0
BNL,NAM,18845,BE-NAM-ACCSA-BRU-1,14,15446.6,17618.1,-0.1,138447,0.1,0,0
BNL,NAM,34395,BE-NAM-ACCSA-BRU-1,13,1955.6,6579.5,-0.5,62502,0.0,0,0
BNL,NAM,34781,NL-NAM-SA-AMS-1,16,102938.2,109444.7,-0.1,35391,2.9,0,0
BNL,NAM,35567,NL-NAM-RHLOG-AMS-1,12,181588.2,117070.2,0.6,18931,9.6,0,0
BNL,NAM,36094,NL-NAM-SA-AMS-2,14,40744.1,41487.6,0.0,92098,0.4,0,0
BNL,NAM,40919,NL-NAM-ACCSA-AMS-1,24,63710.4,24602.4,1.0,47192,1.4,40,1
BNL,NAM,42336,NL-NAM-PSE-AMS-2,34,21898.8,17295.1,0.3,23145,0.9,0,0
BNL,NAM,42814,BE-NAM-PSE-BRU-1,39,24774.4,20241.6,0.2,23896,1.0,0,0
BNL,NAM,46717,NL-NAM-PSE-AMS-1,12,36016.9,47460.3,-0.2,12886,2.8,0,0
BNL,NAM,46909,NL-NAM-PSE-AMS-2,37,25775.0,24257.8,0.1,31413,0.8,0,0
BNL,NAMDCA,16586,NL-NAMDCA-DE-AMS-1,21,148781.5,89531.6,0.7,47523,3.1,28,1
BR,M,8152,BR-M-DE-SAO-1,150,59866.8,40726.3,0.5,45768,1.3,0,0
BR,M,28881,BR-M-SA-SAO-1,114,37041.9,23626.6,0.6,248097,0.1,184,1
BR,M,39738,BR-M-SA-SAO-1,132,39718.5,40210.7,0.0,21758,1.8,11,0
BR,M,40197,BR-M-SA-SAO-1,93,19903.0,13838.8,0.4,482878,0.0,4,0
BR,M,41946,BR-M-DE-SAO-1,142,68579.6,61780.7,0.1,469746,0.1,1,0
BR,M,42830,BR-M-DE-SAO-1,137,45105.4,42197.8,0.1,84192,0.5,39,0
BR,NAM,6425,BR-NAM-DE-SAO-1,34,554393.6,144407.8,1.0,194474,2.9,0,0
BR,NAM,14913,BR-NAM-DE-SAO-1,41,10812.4,6506.0,0.7,46095,0.2,0,0
BR,NAM,29156,BR-NAM-DE-SAO-1,44,24722.4,10222.7,1.0,69926,0.4,5,0
BR,NAM,42815,BR-NAM-DE-SAO-1,39,6153.1,5135.6,0.2,40652,0.2,0,0
CA,ACC,7771,CA-NAM-ACCDE-TOR-1,36,98839.3,64965.4,0.5,59559,1.7,0,0
CA,ACC,9566,CA-NAM-ACCDE-WEST-1,39,141566.3,135465.7,0.0,71633,2.0,2,0
CA,ACC,10081,CA-NAM-ACCDE-WEST-1,43,199144.2,167469.9,0.2,49000,4.1,0,0
CA,ACC,31663,CA-NAM-ACCDE-TOR-1,57,104793.3,79445.0,0.3,39267,2.7,0,0
CA,L,6843,CA-L-DE-TOR-1,37,193059.7,152401.1,0.3,16090,12.0,83,2
CA,L,9082,CA-L-DE-TOR-1,35,277022.4,198057.9,0.4,18132,15.3,57,1
CA,L,12154,CA-L-DE-TOR-1,36,151815.7,140588.1,0.1,28474,5.3,83,2
CA,L,13215,CA-L-DE-TOR-1,34,57829.6,39878.3,0.5,19296,3.0,71,2
CA,L,13566,CA-L-DE-TOR-1,38,131094.1,86947.6,0.5,23825,5.5,72,1
CA,L,13568,CA-L-DE-TOR-1,38,249632.2,239583.5,0.0,24627,10.1,84,2
CA,L,14488,CA-L-DE-TOR-1,36,370715.4,280218.7,0.3,26850,13.8,53,1
CA,L,16319,CA-L-DE-TOR-1,36,224580.2,173081.3,0.3,23889,9.4,75,2
CA,L,18922,CA-L-SA-TOR-1,47,93441.3,65597.8,0.4,23506,4.0,103,2
CA,L,19536,CA-L-SA-TOR-1,42,71851.1,49923.6,0.4,189056,0.4,76,1
CA,L,19589,CA-L-SA-TOR-1,47,170136.5,137132.7,0.2,27351,6.2,131,2
CA,L,21019,CA-L-DE-TOR-1,36,148577.9,146849.7,0.0,28305,5.2,107,2
CA,M,1855,CA-M-DE-TOR-1,108,263858.1,196152.6,0.3,8468,31.2,144,1
CA,M,3141,CA-M-DE-TOR-4,110,222085.7,197275.6,0.1,7277,30.5,119,1
CA,M,6316,CA-M-DE-TOR-2,101,248590.3,171086.6,0.5,6747,36.8,164,1
CA,M,8381,CA-M-DE-TOR-1,107,214729.7,199656.5,0.1,7071,30.4,160,1
CA,M,9085,CA-M-DE-TOR-1,101,202067.8,138975.1,0.5,7030,28.7,150,1
CA,M,9401,CA-M-DE-TOR-2,109,261020.4,192721.0,0.4,6959,37.5,168,1
CA,M,9973,CA-M-DE-TOR-2,109,314243.5,268641.7,0.2,8418,37.3,179,1
CA,M,11152,CA-M-DE-TOR-4,105,353039.7,296396.2,0.2,8100,43.6,153,1
CA,M,12156,CA-M-DE-TOR-1,106,268573.2,233353.0,0.2,6667,40.3,148,1
CA,M,13561,CA-M-DE-MTL-1,92,398743.5,292656.4,0.4,14722,27.1,84,0
CA,M,13570,CA-M-ACC-TOR-1,200,67427.7,31331.9,1.0,22615,3.0,69,0
CA,M,14890,CA-M-DE-TOR-1,109,331600.9,250074.7,0.3,7343,45.2,169,1
CA,M,14892,CA-M-DE-TOR-4,111,336773.6,243195.3,0.4,9077,37.1,150,1
CA,M,16354,CA-M-DE-MTL-2,95,367550.1,332633.6,0.1,15402,23.9,115,1
CA,M,16715,CA-M-DE-TOR-4,101,215029.1,175055.6,0.2,10738,20.0,73,0
CA,M,17256,CA-M-DE-TOR-4,108,388528.3,322628.3,0.2,16138,24.1,127,1
CA,M,18928,CA-M-DE-MTL-2,105,281045.2,237349.6,0.2,16406,17.1,20,0
CA,M,19002,CA-M-DE-MTL-1,102,385681.2,351374.2,0.1,24338,15.8,120,1
CA,M,19359,CA-M-DE-TOR-1,108,232754.8,189253.5,0.2,12584,18.5,142,1
CA,M,19535,CA-M-DE-TOR-4,109,285648.1,239756.5,0.2,6678,42.8,99,0
CA,M,19549,CA-M-DE-TOR-4,113,321269.1,266193.9,0.2,7958,40.4,150,1
CA,M,22888,CA-M-SA-TOR-1,71,160083.1,120767.0,0.3,10079,15.9,180,2
CA,M,23442,CA-M-DE-TOR-2,109,327415.9,264028.7,0.2,11357,28.8,146,1
CA,M,23981,CA-M-DE-TOR-1,110,265665.0,230662.0,0.2,7081,37.5,168,1
CA,M,24622,CA-M-DE-TOR-2,104,277095.7,206714.8,0.3,7237,38.3,89,0
CA,M,26765,CA-M-DE-TOR-2,108,341986.8,295153.0,0.2,8521,40.1,195,1
CA,M,28681,CA-M-DE-MTL-2,102,408422.8,314888.1,0.3,13729,29.7,105,1
CA,M,28897,CA-M-DE-TOR-4,103,268241.6,214710.3,0.2,7741,34.7,156,1
CA,M,29046,CA-M-DE-TOR-2,104,272826.4,270562.5,0.0,7040,38.8,114,1
CA,M,29094,CA-M-ACC-TOR-1,195,60669.0,29605.6,1.0,35090,1.7,123,0
CA,M,30207,CA-M-ACC-TOR-1,194,85330.6,28478.9,1.0,22226,3.8,79,0
CA,M,30235,CA-M-ACC-TOR-1,192,63930.7,35905.9,0.8,22624,2.8,95,0
CA,M,30251,CA-M-DE-TOR-4,110,295855.8,272061.7,0.1,7811,37.9,166,1
CA,M,30945,CA-M-DE-MTL-1,96,306816.6,250000.8,0.2,17721,17.3,92,0
CA,M,31197,CA-M-DE-TOR-2,110,303389.0,249990.7,0.2,7050,43.0,135,1
CA,M,31712,CA-M-SA-TOR-1,67,125075.5,97628.3,0.3,17527,7.1,152,2
CA,M,31714,CA-M-DE-TOR-2,108,370439.7,295234.0,0.3,8154,45.4,171,1
CA,M,31789,CA-M-DE-MTL-2,99,456907.7,367549.2,0.2,20066,22.8,87,0
CA,M,32085,CA-M-ACC-TOR-1,186,81874.3,29723.7,1.0,22295,3.7,141,0
CA,M,32867,CA-M-DE-MTL-1,99,342443.4,291831.0,0.2,17597,19.5,89,0
CA,M,33605,CA-M-ACC-TOR-1,192,42367.5,30060.5,0.4,47228,0.9,89,0
CA,M,33712,CA-M-DE-MTL-2,93,278872.4,230342.4,0.2,19107,14.6,81,0
CA,M,35195,CA-M-SA-TOR-1,63,100158.5,89510.4,0.1,13114,7.6,168,2
CA,M,38275,CA-M-DE-MTL-2,87,291583.9,218273.8,0.3,12410,23.5,76,0
CA,M,39535,CA-M-DE-TOR-1,106,245767.7,233733.6,0.1,12960,19.0,152,1
CA,M,44450,CA-M-DE-TOR-2,105,402992.4,316379.0,0.3,6571,61.3,173,1
CA,NAM,1778,CA-NAM-B2B-TOR-2,11,54733.6,24774.2,1.0,24690,2.2,0,0
CA,NAM,2277,CA-NAM-B2B-TOR-2,13,125911.1,76275.5,0.7,72194,1.7,0,0
CA,NAM,2336,CA-NAM-DE-MTL-1,8,256482.6,149407.6,0.7,54840,4.7,0,0
CA,NAM,3143,CA-NAM-SA-TOR-1,20,122733.0,85730.1,0.4,76088,1.6,0,0
CA,NAM,3771,CA-NAM-B2B-TOR-1,10,115505.3,50554.7,1.0,94684,1.2,0,0
CA,NAM,3773,CA-NAM-DE-MTL-1,17,86439.6,105478.8,-0.2,31605,2.7,1,0
CA,NAM,4789,CA-NAM-B2B-TOR-2,10,279674.2,155659.7,0.8,93787,3.0,0,0
CA,NAM,5374,CA-NAM-DE-MTL-1,15,131341.2,66487.4,1.0,68044,1.9,0,0
CA,NAM,5774,CA-NAM-B2B-TOR-1,13,101247.8,108312.2,-0.1,60719,1.7,2,0
CA,NAM,6313,CA-NAM-B2B-TOR-1,11,202383.8,179210.6,0.1,31140,6.5,0,0
CA,NAM,6314,CA-NAM-HC-TOR-1,35,73574.0,41108.4,0.8,47237,1.6,0,0
CA,NAM,8414,CA-NAM-DE-MTL-1,11,197000.4,213011.7,-0.1,42949,4.6,0,0
CA,NAM,11030,CA-NAM-B2B-WEST-1,14,98231.7,120415.3,-0.2,44158,2.2,0,0
CA,NAM,16304,CA-NAM-DE-MTL-1,15,79281.4,74116.4,0.1,61702,1.3,0,0
CA,NAM,16724,CA-NAM-B2B-WEST-1,15,145951.9,114191.1,0.3,31160,4.7,0,0
CA,NAM,18206,CA-NAM-B2B-WEST-1,16,190470.6,145755.6,0.3,35002,5.4,0,0
CA,NAM,18698,CA-NAM-B2B-WEST-1,11,198530.4,114538.0,0.7,9749,20.4,0,0
CA,NAM,18953,CA-NAM-DE-MTL-1,16,69472.0,85671.7,-0.2,162594,0.4,0,0
CA,NAM,18956,CA-NAM-DE-MTL-1,15,208164.4,156848.8,0.3,38233,5.4,0,0
CA,NAM,24466,CA-NAM-B2B-WEST-1,13,377319.2,289810.6,0.3,24327,15.5,0,0
CA,NAM,31293,CA-NAM-B2B-TOR-2,12,203870.2,242679.7,-0.2,30020,6.8,0,0
CA,UMM,1974,CA-MUpper-DE-TOR-1,47,166848.1,109715.8,0.5,11337,14.7,37,0
CA,UMM,6087,CA-MUpper-DE-TOR-1,49,285382.2,224070.3,0.3,8762,32.6,94,1
CA,UMM,6476,CA-MUpper-DE-TOR-1,51,155029.6,118356.9,0.3,10953,14.2,104,2
CA,UMM,14487,CA-MUpper-DE-TOR-1,44,175874.1,117394.9,0.5,8503,20.7,41,0
CA,UMM,15982,CA-MUpper-DE-TOR-1,47,167252.5,137196.0,0.2,8453,19.8,112,2
CA,UMM,18224,CA-MUpper-DE-TOR-1,46,235335.8,140526.8,0.7,7616,30.9,92,2
CA,UMM,23978,CA-MUpper-DE-TOR-1,44,171860.9,132151.7,0.3,10480,16.4,64,1
CA,UMM,25985,CA-MUpper-DE-TOR-1,47,163053.6,131257.0,0.2,8200,19.9,81,1
CA,UMM,26599,CA-MUpper-DE-TOR-1,47,189731.3,151935.2,0.2,9662,19.6,19,0
CA,UMM,32629,CA-MUpper-DE-TOR-1,45,137316.4,140788.8,0.0,12693,10.8,76,1
DACH,ACC,3431,DE-NAM-ACCDE-DUSS-1,57,53082.6,25133.2,1.0,31385,1.7,79,1
DACH,ACC,7140,DE-M-ACCDE-DUB-1,312,43634.4,22156.9,1.0,14191,3.1,1,0
DACH,ACC,7552,DE-NAM-ACCDE-DUSS-1,59,42889.7,21195.5,1.0,22741,1.9,9,0
DACH,ACC,7891,DE-M-ACCDE-DUSS-2,118,52677.9,17712.9,1.0,7861,6.7,154,1
DACH,ACC,7897,DE-M-ACCDE-DUSS-2,117,10183.6,10004.9,0.0,8566,1.2,108,0
DACH,ACC,8582,CH-NAM-ACCDE-ZRH-1,39,26120.1,5777.3,1.0,40364,0.6,40,1
DACH,ACC,8644,CH-NAM-ACCDE-ZRH-1,36,38163.3,14578.6,1.0,22676,1.7,10,0
DACH,ACC,9591,DE-M-ACCDE-DUSS-1,151,35497.3,13220.6,1.0,12316,2.9,175,1
DACH,ACC,10153,DE-M-ACCDE-DUSS-2,114,31195.3,23759.1,0.3,4620,6.8,16,0
DACH,ACC,11271,CH-M-ACCDE-ZRH-1,139,31003.9,17795.9,0.7,17725,1.7,102,0
DACH,ACC,12566,DE-M-ACCDE-DUSS-1,167,12909.4,11641.6,0.1,11721,1.1,240,1
DACH,ACC,13497,DE-NAM-ACCDE-DUSS-1,53,18965.7,9970.7,0.9,17194,1.1,74,1
DACH,ACC,14875,DE-M-ACCDE-DUSS-4,84,33141.6,5370.1,1.0,2536,13.1,268,3
DACH,ACC,15322,DE-M-ACCDE-DUB-1,111,25087.3,22410.3,0.1,4456,5.6,171,1
DACH,ACC,15806,DE-M-ACCDE-DUSS-2,132,18816.8,8825.3,1.0,7473,2.5,217,1
DACH,ACC,15862,DE-M-ACCDE-DUSS-4,84,9380.7,7110.9,0.3,2974,3.2,199,2
DACH,ACC,16137,DE-M-ACCDE-DUB-2,126,66486.8,38865.9,0.7,8853,7.5,202,1
DACH,ACC,17415,DE-M-ACCDE-DUSS-1,140,24383.2,23942.0,0.0,97493,0.3,251,1
DACH,ACC,17416,DE-M-ACCDE-DUB-1,163,30162.3,30272.8,0.0,29168,1.0,204,1
DACH,ACC,17417,DE-M-ACCDE-DUSS-1,142,23515.1,15512.2,0.5,10786,2.2,104,0
DACH,ACC,17949,DE-M-ACCDE-DUSS-2,110,11583.8,7161.3,0.6,4258,2.7,130,1
DACH,ACC,17950,DE-M-ACCDE-DUSS-2,162,25632.9,10633.9,1.0,83705,0.3,231,1
DACH,ACC,18645,CH-M-ACCDE-ZRH-1,114,16035.6,10221.8,0.6,10619,1.5,205,1
DACH,ACC,18832,DE-NAM-ACCDE-DUSS-1,50,9875.4,16207.3,-0.4,20504,0.5,80,1
DACH,ACC,20186,DE-M-ACCDE-DUSS-2,141,36034.3,19425.3,0.9,53617,0.7,129,0
DACH,ACC,24361,CH-NAM-ACCDE-ZRH-1,28,18208.5,18306.7,0.0,11153,1.6,32,1
DACH,ACC,24602,DE-NAM-ACCDE-DUSS-1,30,2362.9,11147.9,-0.5,18030,0.1,18,0
DACH,ACC,25619,DE-M-ACCDE-DUB-2,141,48207.6,9472.9,1.0,13439,3.6,,
DACH,ACC,26620,DE-M-ACCDE-DUB-1,171,67925.6,40959.2,0.7,1923955,0.0,204,1
DACH,ACC,26631,DE-M-ACCDE-DUB-1,172,25366.5,10572.7,1.0,17206,1.5,323,1
DACH,ACC,30258,CH-NAM-ACCDE-ZRH-1,35,30677.2,52307.8,-0.4,31074,1.0,3,0
DACH,ACC,34377,DE-M-ACCDE-DUSS-1,126,17777.4,10311.9,0.7,10078,1.8,218,1
DACH,ACC,36514,CH-NAM-ACCDE-ZRH-1,39,18977.3,21457.0,-0.1,27606,0.7,40,1
DACH,ACC,42818,CH-M-ACCDE-ZRH-1,56,26562.3,9904.5,1.0,9636,2.8,34,0
DACH,ACC,42825,CH-M-ACCDE-ZRH-1,54,37414.3,29560.9,0.3,5735,6.5,164,3
DACH,ACC,42826,CH-M-ACCDE-ZRH-1,73,37072.2,24996.9,0.5,5969,6.2,152,2
DACH,ACC,42970,CH-M-ACCDE-ZRH-1,46,13111.5,6768.2,0.9,2853,4.6,175,3
DACH,ACC,43788,CH-M-ACCDE-ZRH-1,66,17887.2,8242.0,1.0,5360,3.3,202,3
DACH,ACC,44294,DE-M-ACCDE-DUSS-3,325,28686.4,15448.5,0.9,5165,5.6,256,0
DACH,ACC,44444,DE-M-ACCDE-DUB-1,133,21370.8,21970.2,0.0,8035,2.7,187,1
DACH,ACC,44710,DE-M-ACCDE-DUB-2,129,33525.1,10283.7,1.0,5830,5.8,199,1
DACH,ACC,44716,DE-M-ACCDE-DUSS-4,93,6135.9,10354.9,-0.4,4247,1.4,282,3
DACH,ACC,44719,CH-M-ACCDE-ZRH-1,87,16080.1,20032.4,-0.2,5312,3.0,186,2
DACH,ACC,44720,DE-M-ACCDE-DUB-2,104,17618.7,18934.9,-0.1,4995,3.5,239,2
DACH,ACC,44722,DE-M-ACCDE-DUSS-3,269,39434.1,22639.6,0.7,4976,7.9,206,0
DACH,ACC,45423,DE-M-ACCDE-DUB-1,134,56873.6,48004.9,0.2,6112,9.3,121,0
DACH,ACC,45427,DE-M-ACCDE-DUSS-4,74,5118.8,8405.5,-0.4,1671,3.1,163,2
DACH,ACC,45894,DE-M-ACCDE-DUB-2,119,21857.6,17905.3,0.2,7095,3.1,,
DACH,ACC,45896,DE-M-ACCDE-DUSS-2,101,9060.0,5101.1,0.8,4286,2.1,,
DACH,ACC,45924,DE-M-ACCDE-DUSS-3,236,8688.1,7501.5,0.2,4379,2.0,,
DACH,ISDCA,16627,DE-ISDCA-DE-DUSS-1,20,68726.2,164128.2,-0.5,7766,8.8,88,4
DACH,ISDCA,45111,DE-ISDCA-DE-DUSS-1,36,60700.5,74938.0,-0.2,92445,0.7,58,1
DACH,L,5898,DE-L-DE-DUSS-1,42,199468.0,192883.6,0.0,17949,11.1,135,3
DACH,L,7261,DE-L-DE-DUSS-1,41,94780.6,83487.3,0.1,16145,5.9,120,2
DACH,L,12199,DE-L-DE-DUSS-2,47,74921.2,84947.3,-0.1,20331,3.7,124,2
DACH,L,13395,DE-L-SA-DUSS-1,85,196306.0,175984.7,0.1,41287,4.8,196,2
DACH,L,13499,DE-L-DE-DUSS-2,46,214141.0,176822.3,0.2,17863,12.0,114,2
DACH,L,13503,DE-L-SA-DUSS-1,90,424273.5,195841.6,1.0,39401,10.8,222,2
DACH,L,14348,DE-L-DE-DUSS-1,17,60991.3,77819.5,-0.2,9719,6.3,11,0
DACH,L,14778,DE-L-DE-DUSS-2,45,270589.6,258793.9,0.0,14843,18.2,151,3
DACH,L,15323,DE-L-DE-DUSS-2,42,90733.9,137913.9,-0.3,21295,4.3,132,3
DACH,L,15830,DE-L-DE-DUSS-2,42,312444.1,279642.2,0.1,18371,17.0,121,2
DACH,L,17426,DE-L-DE-DUSS-1,42,134877.5,110914.4,0.2,20962,6.4,66,1
DACH,L,18849,DE-L-DE-DUSS-1,47,113596.1,84253.5,0.3,22053,5.2,100,2
DACH,L,19115,DE-L-SA-DUSS-1,83,125034.0,87764.2,0.4,51553,2.4,156,1
DACH,L,21204,DE-L-SA-DUSS-1,87,152620.5,85553.5,0.8,35731,4.3,249,2
DACH,L,23577,DE-L-DE-DUSS-2,45,241034.3,151454.2,0.6,16042,15.0,122,2
DACH,L,38749,DE-L-DE-DUSS-2,46,94436.5,82030.3,0.2,20693,4.6,106,2
DACH,L,44596,DE-L-DE-DUSS-2,41,258791.7,127807.5,1.0,23561,11.0,147,3
DACH,M,4867,DE-M-SA-DUSS-1,161,304026.5,230207.2,0.3,25615,11.9,302,1
DACH,M,5484,DE-M-DE-DUSS-3,103,444412.5,413187.6,0.1,13582,32.7,148,1
DACH,M,9206,DE-M-DE-DUSS-1,93,316410.9,245523.9,0.3,10427,30.3,191,2
DACH,M,9858,DE-M-PSE-DUSS-1,138,30893.1,28069.0,0.1,7242,4.3,258,1
DACH,M,10167,DE-M-DE-DUSS-3,110,430797.4,343753.5,0.3,20934,20.6,126,1
DACH,M,11649,DE-M-DE-DUSS-1,99,302546.0,249341.8,0.2,15833,19.1,204,2
DACH,M,11873,DE-M-SA-DUSS-1,78,161704.6,179968.1,-0.1,21982,7.4,2,0
DACH,M,12213,DE-M-DE-DUSS-3,105,414426.5,327279.6,0.3,22729,18.2,197,1
DACH,M,12240,DE-M-DE-DUB-1,96,499889.3,374655.2,0.3,10304,48.5,188,1
DACH,M,14402,DE-M-DE-DUSS-1,71,332594.0,266874.6,0.2,18638,17.8,140,1
DACH,M,14633,DE-M-DE-DUB-1,80,443462.9,362070.2,0.2,11625,38.1,120,1
DACH,M,19328,DE-M-DE-DUSS-1,95,289097.0,211474.1,0.4,11380,25.4,264,2
DACH,M,20198,DE-M-DE-DUSS-3,109,481378.0,430768.4,0.1,13955,34.5,159,1
DACH,M,20963,DE-M-DE-DUSS-1,94,454274.1,301166.4,0.5,11199,40.6,214,2
DACH,M,21193,DE-M-DE-DUSS-3,105,274576.9,218423.2,0.3,14002,19.6,200,1
DACH,M,29573,DE-M-PSE-DUSS-1,147,21053.8,32640.3,-0.4,8625,2.4,259,1
DACH,M,34786,DE-M-DE-DUSS-1,100,257802.6,223823.5,0.2,50882,5.1,327,3
DACH,M,38356,DE-M-DE-DUB-1,81,559309.4,457262.2,0.2,7683,72.8,161,1
DACH,M,38465,DE-M-DE-DUB-1,83,441570.1,386138.4,0.1,10764,41.0,149,1
DACH,M,39671,DE-M-DE-DUSS-3,109,389016.9,360831.5,0.1,14000,27.8,248,2
DACH,M,41360,DE-M-DE-DUSS-1,96,330747.8,260039.0,0.3,14818,22.3,323,3
DACH,M,41363,DE-M-SA-DUSS-1,168,374124.2,315012.1,0.2,41221,9.1,244,1
DACH,M,41364,DE-M-DE-DUB-1,107,430797.5,333246.0,0.3,16527,26.1,7,0
DACH,M,41802,DE-M-PSE-DUSS-1,133,35220.4,29286.7,0.2,8853,4.0,242,1
DACH,M,42732,DE-M-DE-DUB-1,69,343656.1,282291.9,0.2,8430,40.8,114,1
DACH,M,42738,DE-M-DE-DUB-1,88,500677.4,345830.2,0.4,8575,58.4,205,2
DACH,M,43163,DE-M-DE-DUB-1,96,367824.2,370134.8,0.0,9087,40.5,174,1
DACH,M,45187,DE-M-DE-DUB-1,94,58615.7,228004.2,-0.5,7028,8.3,140,1
DACH,M,46336,DE-M-DE-DUB-1,48,246188.1,219489.6,0.1,4316,57.0,50,1
DACH,M,46542,DE-M-DE-DUB-1,57,225012.3,212771.8,0.1,10588,21.3,41,0
DACH,NAM,1726,DE-NAM-SA-DUSS-1,13,102760.7,107586.4,0.0,65353,1.6,18,1
DACH,NAM,3632,DE-NAM-SA-DUSS-2,14,98915.6,63073.4,0.6,56532,1.7,71,5
DACH,NAM,5492,DE-NAM-B2B-DUSS-1,11,39741.4,46558.4,-0.1,174022,0.2,71,6
DACH,NAM,7992,DE-NAM-RHLOG-DUSS-1,16,101805.7,48185.0,1.0,26170,3.9,3,0
DACH,NAM,7996,CH-NAM-ACCSA-ZRH-1,63,18392.9,30706.5,-0.4,164073,0.1,28,0
DACH,NAM,8327,DE-NAM-B2B-DUSS-1,8,215652.0,73971.4,1.0,45977,4.7,18,2
DACH,NAM,8756,DE-NAM-SA-DUSS-1,15,63420.1,50197.8,0.3,76224,0.8,1,0
DACH,NAM,8985,DE-NAM-HC-DUSS-1,11,64661.9,76010.6,-0.1,25227,2.6,92,8
DACH,NAM,9018,DE-NAM-SA-DUSS-1,18,113578.4,65164.2,0.7,117726,1.0,31,1
DACH,NAM,9589,DE-NAM-RHLOG-DUSS-1,5,81195.1,95345.4,-0.1,136237,0.6,46,9
DACH,NAM,10383,DE-NAM-ACCSA-DUSS-2,39,188709.3,209702.1,-0.1,38436,4.9,6,0
DACH,NAM,11132,DE-NAM-PSE-DUSS-1,26,49918.7,58766.8,-0.2,27443,1.8,83,3
DACH,NAM,11711,DE-NAM-RHLOG-DUSS-1,10,18341.7,10420.4,0.8,42408,0.4,67,6
DACH,NAM,12056,DE-NAM-PSE-DUSS-1,16,112970.4,109715.9,0.0,60536,1.9,86,5
DACH,NAM,14424,DE-NAM-SA-DUSS-2,11,79368.0,44312.8,0.8,267179,0.3,0,0
DACH,NAM,14779,DE-NAM-SA-DUSS-1,15,211682.8,220230.5,0.0,338368,0.6,28,1
DACH,NAM,14852,DE-NAM-SA-DUSS-2,19,191384.1,71873.5,1.0,207901,0.9,51,2
DACH,NAM,15810,DE-NAM-MCU-DUSS-1,10,7076.5,8648.1,-0.2,13253,0.5,63,6
DACH,NAM,16184,DE-NAM-SA-DUSS-1,18,83455.5,44145.5,0.9,124171,0.7,35,1
DACH,NAM,16494,DE-NAM-MCU-DUSS-1,9,172283.9,91901.9,0.9,20515,8.4,78,8
DACH,NAM,17145,DE-NAM-MCU-DUSS-1,11,145675.1,115743.5,0.3,25105,5.8,33,3
DACH,NAM,17512,DE-NAM-HC-DUSS-1,10,49691.8,45007.0,0.1,53151,0.9,103,10
DACH,NAM,18273,DE-NAM-B2B-DUSS-1,11,98134.9,86133.7,0.1,39152,2.5,54,4
DACH,NAM,18500,DE-NAM-RHLOG-DUSS-1,4,305471.5,199266.8,0.5,55045,5.5,81,20
DACH,NAM,19055,DE-NAM-B2B-DUSS-1,11,52695.3,53828.3,0.0,28303,1.9,51,4
DACH,NAM,24604,DE-NAM-PSE-DUSS-1,24,35866.1,53267.1,-0.3,94995,0.4,108,4
DACH,NAM,25434,DE-NAM-SA-DUSS-1,9,39165.5,29411.1,0.3,38496,1.0,8,0
DACH,NAM,25450,DE-NAM-SA-DUSS-2,17,49052.7,20452.1,1.0,187325,0.3,28,1
DACH,NAM,26627,DE-NAM-PSE-DUSS-1,13,121536.2,102454.1,0.2,65540,1.9,103,7
DACH,NAM,26654,CH-NAM-ACCSA-ZRH-1,29,10291.2,5964.4,0.7,95903,0.1,27,0
DACH,NAM,26793,DE-NAM-HC-DUSS-1,10,260120.5,196110.6,0.3,19075,13.6,106,10
DACH,NAM,27353,DE-NAM-HC-DUSS-1,11,93127.4,52401.5,0.8,36335,2.6,122,11
DACH,NAM,28905,DE-NAM-MCU-DUSS-1,12,17843.3,18709.9,0.0,14556,1.2,29,2
DACH,NAM,29671,DE-NAM-B2B-DUSS-1,11,153341.7,63501.8,1.0,15307,10.0,20,1
DACH,NAM,31674,DE-NAM-RHLOG-DUSS-1,4,245309.5,204681.1,0.2,23816,10.3,36,9
DACH,NAM,33776,DE-NAM-SA-DUSS-2,16,131501.2,63759.3,1.0,378121,0.3,55,3
DACH,NAM,34790,DE-NAM-HC-DUSS-1,12,148412.8,108288.8,0.4,25925,5.7,110,9
DACH,NAM,35545,DE-NAM-MCU-DUSS-1,9,113235.2,136712.9,-0.2,46178,2.5,59,6
DACH,NAM,36090,DE-NAM-RHLOG-DUSS-1,21,18482.3,51086.3,-0.5,60166,0.3,55,2
DACH,NAM,36419,DE-NAM-PSE-DUSS-1,19,23423.5,15552.9,0.5,11053,2.1,18,0
DACH,NAM,38387,DE-NAM-HC-DUSS-1,12,50063.8,23346.6,1.0,18998,2.6,108,9
DACH,NAM,42636,DE-NAM-B2B-DUSS-1,12,120977.8,72960.2,0.7,44659,2.7,26,2
DACH,NAM,43152,DE-NAM-HC-DUSS-1,11,57903.8,36421.8,0.6,22044,2.6,134,12
DACH,NAM,43784,DE-NAM-MCU-DUSS-1,10,54671.2,51561.0,0.1,19935,2.7,102,10
DACH,NAM,46325,DE-NAM-RHLOG-DUSS-1,17,48179.7,66204.3,-0.3,36611,1.3,15,0
DACH,NAMDCA,4823,DE-NAMDCA-DE-DUSS-1,23,174470.9,154076.0,0.1,34361,5.1,74,3
DACH,NAMDCA,10979,DE-NAMDCA-DE-DUSS-1,19,270463.5,159266.3,0.7,12088,22.4,165,8
DACH,NAMDCA,33256,DE-NAMDCA-DE-DUSS-1,11,44935.9,50500.0,-0.1,22254,2.0,64,5
DACH,NAMDCA,45425,DE-NAMDCA-DE-DUSS-1,26,15561.4,100910.5,-0.5,7795,2.0,34,1
FR,ACC,6486,FR-M-ACCDE-PAR-1,241,61851.2,36782.7,0.7,56827,1.1,216,0
FR,ACC,6928,FR-M-ACCDE-DUB-1,221,48912.4,41030.6,0.2,85071,0.6,1,0
FR,ACC,11650,FR-M-ACCDE-DUB-1,222,43682.6,37899.0,0.2,141435,0.3,137,0
FR,ACC,11955,FR-NAM-ACCDE-PAR-1,62,11260.0,7802.9,0.4,78777,0.1,3,0
FR,ACC,13505,FR-NAM-ACCDE-PAR-1,46,6720.7,14734.1,-0.5,38837,0.2,22,0
FR,ACC,14739,FR-M-ACCDE-DUB-1,239,62178.8,30122.6,1.0,236921,0.3,155,0
FR,ACC,14741,FR-NAM-ACCDE-PAR-1,53,34299.1,31011.6,0.1,128301,0.3,15,0
FR,ACC,18831,FR-M-ACCDE-PAR-1,231,54371.6,27433.3,1.0,44850,1.2,172,0
FR,ACC,19822,FR-M-ACCDE-DUB-1,219,49395.0,27469.4,0.8,36762,1.3,35,0
FR,ACC,25407,FR-M-ACCDE-DUB-1,236,57130.8,31235.0,0.8,52330,1.1,296,1
FR,ACC,34425,FR-M-ACCDE-DUB-1,238,49831.4,37082.4,0.3,44451,1.1,160,0
FR,ACC,44449,FR-M-ACCDE-DUB-1,236,61372.3,50154.8,0.2,39670,1.5,194,0
FR,ACC,45449,FR-M-ACCDE-DUB-1,229,54812.6,34707.4,0.6,42181,1.3,91,0
FR,ISDCA,14044,FR-ISDCA-DE-DUB-1,38,54292.2,48407.1,0.1,40723,1.3,4,0
FR,ISDCA,32508,FR-ISDCA-DE-DUB-1,122,132038.0,95656.3,0.4,43468,3.0,97,0
FR,ISDCA,32911,FR-ISDCA-DE-DUB-1,212,288047.3,227359.2,0.3,109692,2.6,48,0
FR,ISDCA,45904,FR-ISDCA-DE-DUB-1,94,197531.2,145685.6,0.4,52134,3.8,,
FR,L,2647,FR-L-DE-DUB-1,37,101312.2,108953.6,-0.1,30797,3.3,106,2
FR,L,4173,FR-L-DE-DUB-1,37,51114.2,46097.9,0.1,50594,1.0,1,0
FR,L,4831,FR-L-DE-DUB-1,39,198817.1,143036.4,0.4,47473,4.2,132,3
FR,L,14848,FR-L-DE-DUB-1,39,101870.6,53812.8,0.9,64489,1.6,100,2
FR,L,15837,FR-L-DE-DUB-1,38,98906.4,57003.9,0.7,53060,1.9,82,2
FR,L,25632,FR-L-DE-DUB-1,39,64172.0,34123.8,0.9,33097,1.9,,
FR,L,26680,FR-L-DE-DUB-1,37,128052.6,82946.3,0.5,30402,4.2,145,3
FR,L,28994,FR-L-SA-DUB-1,66,22212.4,13464.6,0.6,56974,0.4,148,2
FR,L,38381,FR-L-DE-DUB-1,40,82437.9,54862.6,0.5,37480,2.2,114,2
FR,L,44287,FR-L-SA-DUB-1,65,19345.5,17279.8,0.1,78732,0.2,193,2
FR,L,45926,FR-L-SA-DUB-1,64,38378.2,43598.8,-0.1,38975,1.0,,
FR,L,46329,FR-L-DE-DUB-1,39,27173.1,39945.5,-0.3,57294,0.5,36,0
FR,M,17491,FR-M-DE-DUB-1,106,318392.9,229475.5,0.4,32156,9.9,201,1
FR,M,19511,FR-M-DE-DUB-1,108,292554.5,296901.8,0.0,21682,13.5,170,1
FR,M,19804,FR-M-SA-DUB-1,79,52345.0,49577.9,0.1,147238,0.4,19,0
FR,M,20788,FR-M-PSE-DUB-1,189,12328.8,7391.4,0.7,173669,0.1,25,0
FR,M,28408,FR-M-DE-DUB-1,107,287592.1,221083.5,0.3,35609,8.1,178,1
FR,M,30162,FR-M-PSE-DUB-1,181,28212.9,19461.8,0.4,18836,1.5,147,0
FR,M,32506,FR-M-DE-DUB-2,104,293859.4,230985.7,0.3,27077,10.9,199,1
FR,M,33263,FR-M-DE-DUB-1,106,271756.3,240102.9,0.1,27026,10.1,203,1
FR,M,33639,FR-M-DE-DUB-2,53,345160.3,299660.3,0.2,75619,4.6,165,3
FR,M,34772,FR-M-DE-DUB-1,106,267622.0,254479.1,0.1,26618,10.1,151,1
FR,M,36421,FR-M-DE-DUB-2,53,229169.8,196408.8,0.2,33030,6.9,54,1
FR,M,38102,FR-M-SA-DUB-1,77,62214.6,61054.8,0.0,22861,2.7,169,2
FR,M,42601,FR-M-DE-DUB-1,105,328637.7,304208.5,0.1,20545,16.0,190,1
FR,M,42968,FR-M-DE-DUB-2,106,303541.7,267020.8,0.1,20520,14.8,206,1
FR,M,43792,FR-M-DE-DUB-2,107,296593.0,214029.5,0.4,30977,9.6,138,1
FR,M,44004,FR-M-DE-DUB-2,107,328515.8,276755.1,0.2,34868,9.4,149,1
FR,M,44728,FR-M-DE-DUB-1,105,327219.9,259730.2,0.3,29478,11.1,153,1
FR,M,45052,FR-M-SA-DUB-1,77,71058.6,63607.8,0.1,94193,0.8,162,2
FR,M,45186,FR-M-PSE-DUB-1,182,14511.0,9311.0,0.6,17661,0.8,137,0
FR,M,46918,FR-M-DE-DUB-2,106,338992.0,296825.2,0.1,20851,16.3,0,0
FR,NAM,4517,FR-NAM-B2B-PAR-1,13,75040.5,52633.8,0.4,35070,2.1,0,0
FR,NAM,5149,FR-NAM-SA-PAR-1,8,62567.3,6002.8,1.0,481030,0.1,0,0
FR,NAM,5987,FR-NAM-FI-PAR-1,5,103165.3,75220.2,0.4,24027,4.3,18,3
FR,NAM,6194,FR-NAM-SA-PAR-1,9,52679.6,36134.0,0.5,394367,0.1,0,0
FR,NAM,6252,FR-NAM-B2B-PAR-1,13,28644.5,20850.3,0.4,143404,0.2,7,0
FR,NAM,7146,FR-NAM-SA-PAR-1,17,32046.1,11322.8,1.0,422883,0.1,84,4
FR,NAM,7160,FR-NAM-SA-PAR-1,6,34111.1,25058.6,0.4,409532,0.1,0,0
FR,NAM,7163,FR-NAM-RHLOG-PAR-1,15,20282.0,54186.5,-0.5,53167,0.4,9,0
FR,NAM,7553,FR-NAM-SA-PAR-1,15,6414.3,8636.3,-0.3,225450,0.0,4,0
FR,NAM,7661,FR-NAM-MCU-PAR-1,8,5448.6,12742.6,-0.5,55034,0.1,3,0
FR,NAM,9860,FR-NAM-HCE-PAR-1,7,25240.6,16002.9,0.6,365568,0.1,23,3
FR,NAM,10504,FR-NAM-SA-PAR-1,11,28166.9,16942.5,0.7,551197,0.1,75,6
FR,NAM,15510,FR-NAM-PSE-PAR-1,13,40168.7,24691.6,0.6,87211,0.5,0,0
FR,NAM,16496,FR-NAM-HCE-PAR-1,9,56858.2,31014.2,0.8,76566,0.7,53,5
FR,NAM,17104,FR-NAM-FI-PAR-1,5,87139.3,100410.9,-0.1,32052,2.7,29,5
FR,NAM,17851,FR-NAM-HCE-PAR-1,9,92930.4,62953.9,0.5,55633,1.7,0,0
FR,NAM,19059,FR-NAM-MCU-PAR-1,6,96839.5,73622.8,0.3,36911,2.6,0,0
FR,NAM,19812,FR-NAM-MCU-PAR-1,8,41945.9,51482.9,-0.2,65763,0.6,0,0
FR,NAM,20193,FR-NAM-MCU-PAR-1,12,142375.1,163256.3,-0.1,54736,2.6,0,0
FR,NAM,25394,FR-NAM-B2B-PAR-1,13,79766.3,109745.3,-0.3,47209,1.7,16,1
FR,NAM,25831,FR-NAM-RHLOG-PAR-1,15,39500.9,37684.3,0.0,63018,0.6,27,1
FR,NAM,28406,FR-NAM-ACCSA-PAR-1,30,18644.1,11668.6,0.6,154157,0.1,89,2
FR,NAM,34793,FR-NAM-PSE-PAR-1,15,40629.5,15564.2,1.0,53732,0.8,8,0
FR,NAM,36423,FR-NAM-FI-PAR-1,4,38963.4,31602.5,0.2,57320,0.7,28,7
FR,NAMDCA,4387,FR-NAMDCA-DE-PAR-1,16,67466.3,55830.7,0.2,93906,0.7,7,0
FR,NAMDCA,4574,FR-NAMDCA-DE-PAR-1,12,26991.5,18566.2,0.5,91549,0.3,47,3
FR,NAMDCA,16500,FR-NAMDCA-DE-PAR-1,12,23443.0,45606.6,-0.5,47264,0.5,0,0
FR,NAMDCA,19807,FR-NAMDCA-DE-PAR-1,31,19093.2,24892.6,-0.2,39488,0.5,38,1
IBE,ACC,7557,ES-M-ACCDE-DUB-1,138,23761.8,19801.2,0.2,28640,0.8,127,0
IBE,ACC,9830,ES-NAM-ACCDE-MAD-1,64,85540.6,47823.4,0.8,57159,1.5,1,0
IBE,ACC,13320,ES-M-ACCDE-DUB-1,166,15944.0,5896.3,1.0,7691,2.1,17,0
IBE,ACC,16581,ES-NAM-ACCDE-MAD-1,50,85666.3,61919.2,0.4,47048,1.8,1,0
IBE,ACC,30408,PT-NAM-ACCDE-MAD-1,59,112094.5,21496.4,1.0,91385,1.2,0,0
IBE,ACC,39031,ES-NAM-ACCDE-MAD-1,57,48546.3,12662.1,1.0,63165,0.8,0,0
IBE,ACC,39284,ES-M-ACCDE-DUB-1,140,21401.9,12782.7,0.7,33091,0.6,155,1
IBE,ACC,41519,PT-M-ACCDE-DUB-1,164,169331.9,112991.9,0.5,54154,3.1,13,0
IBE,ACC,42593,ES-M-ACCDE-DUB-1,130,34561.4,24704.5,0.4,13420,2.6,141,1
IBE,ACC,45428,ES-M-ACCDE-DUB-1,136,24199.3,17433.9,0.4,7906,3.1,74,0
IBE,NAM,30256,ES-NAM-ACCSA-MAD-1,27,224983.5,12694.4,1.0,76252,3.0,0,0
IN,ACC,9847,IN-M-ACCDE-BLR-2,191,6138.2,5347.2,0.1,18527,0.3,196,1
IN,ACC,10264,IN-M-ACCDE-BLR-2,189,10754.6,12176.5,-0.1,101811,0.1,152,0
IN,ACC,13171,IN-M-ACCDE-BLR-1,190,2413.9,5823.5,-0.5,19494,0.1,201,1
IN,ACC,13649,IN-M-ACCDE-BLR-1,183,15329.9,8666.6,0.8,9758,1.6,171,0
IN,ACC,14337,IN-M-ACCDE-BLR-1,198,7631.9,5892.1,0.3,16549,0.5,246,1
IN,ACC,16884,IN-M-ACCDE-BLR-1,192,11231.7,9385.6,0.2,18964,0.6,150,0
IN,ACC,20127,IN-M-ACCDE-BLR-1,191,18557.2,22845.5,-0.2,20984,0.9,184,0
IN,ACC,26950,IN-NAM-ACCDE-BLR-1,41,4388.1,14740.7,-0.5,38137,0.1,0,0
IN,ACC,30096,IN-M-ACCDE-BLR-1,130,6494.4,9979.2,-0.3,16806,0.4,2,0
IN,ACC,33082,IN-NAM-ACCDE-BLR-1,37,37159.3,8268.9,1.0,39148,0.9,0,0
IN,ACC,39353,IN-M-ACCDE-BLR-1,207,134797.0,127599.9,0.1,22719,5.9,226,1
IN,ACC,41807,IN-M-ACCDE-BLR-2,170,27909.1,30591.4,-0.1,27712,1.0,176,1
IN,ACC,41900,IN-M-ACCDE-BLR-2,196,31324.1,28884.2,0.1,18401,1.7,174,0
IN,ACC,42567,IN-M-ACCDE-BLR-1,191,14632.0,14401.0,0.0,25346,0.6,162,0
IN,ACC,42917,IN-M-ACCDE-BLR-2,200,11319.8,10212.2,0.1,38724,0.3,182,0
IN,ACC,43716,IN-NAM-ACCDE-BLR-1,36,7442.0,21994.9,-0.5,15167,0.5,1,0
IN,ACC,43979,IN-NAM-ACCDE-BLR-1,37,56685.3,22769.8,1.0,97659,0.6,2,0
IN,ACC,46808,IN-M-ACCDE-BLR-2,131,17269.1,19004.1,-0.1,13885,1.2,0,0
IN,ACC,46818,IN-M-ACCDE-BLR-2,128,17616.2,18804.1,-0.1,13507,1.3,0,0
IN,ACC,46829,IN-M-ACCDE-BLR-1,110,9577.0,10959.3,-0.1,7098,1.3,1,0
IN,NAM,7586,IN-NAM-ACCSA-BLR-1,48,8904.4,17024.2,-0.5,61103,0.1,0,0
IN,NAM,31079,IN-NAM-ACCSA-BLR-1,41,20143.6,18313.0,0.1,32550,0.6,0,0
IT,ACC,6397,IT-M-ACCDE-DUB-1,151,248309.1,155718.6,0.6,10969,22.6,161,1
IT,ACC,6793,IT-NAM-ACCDE-MIL-2,58,72929.8,57026.4,0.3,141488,0.5,0,0
IT,ACC,8423,IT-M-ACCDE-DUB-1,144,115521.1,98919.3,0.2,13972,8.3,170,1
IT,ACC,12207,IT-M-ACCDE-DUB-1,131,250400.8,194151.6,0.3,12460,20.1,156,1
IT,ACC,14756,IT-M-ACCDE-DUB-2,153,114393.1,93527.7,0.2,26263,4.4,182,1
IT,ACC,14757,IT-M-ACCDE-DUB-1,155,189232.3,140270.5,0.3,13318,14.2,184,1
IT,ACC,14758,IT-M-ACCDE-DUB-1,128,213457.2,173995.5,0.2,25583,8.3,135,1
IT,ACC,15308,IT-NAM-ACCDE-MIL-2,57,121220.3,20494.3,1.0,12173,10.0,0,0
IT,ACC,18131,IT-M-ACCDE-DUB-2,143,156290.1,129011.1,0.2,11670,13.4,138,0
IT,ACC,19815,IT-M-ACCDE-DUB-1,134,196897.9,150217.2,0.3,9261,21.3,169,1
IT,ACC,21189,IT-NAM-ACCDE-MIL-2,55,84360.1,69329.9,0.2,31569,2.7,0,0
IT,ACC,24236,IT-NAM-ACCDE-MIL-2,51,70578.1,38780.8,0.8,39466,1.8,0,0
IT,ACC,26746,IT-M-ACCDE-DUB-2,157,213618.9,130543.9,0.6,12734,16.8,179,1
IT,ACC,29549,IT-NAM-ACCDE-MIL-2,57,152936.7,23166.5,1.0,53130,2.9,0,0
IT,ACC,30254,IT-NAM-ACCDE-MIL-2,42,143558.6,95640.3,0.5,9444,15.2,0,0
IT,ACC,30410,IT-NAM-ACCDE-MIL-3,31,52998.2,9375.2,1.0,17929,3.0,0,0
IT,ACC,31746,IT-NAM-ACCDE-MIL-2,65,17525.3,15174.7,0.2,94912,0.2,0,0
IT,ACC,40754,IT-M-ACCDE-DUB-2,147,218021.0,184057.5,0.2,14742,14.8,194,1
IT,ACC,42816,IT-M-ACCDE-DUB-1,129,229337.4,215351.9,0.1,7634,30.0,197,1
IT,ACC,42973,IT-M-ACCDE-DUB-2,143,246659.6,218679.6,0.1,10285,24.0,193,1
IT,ACC,43713,IT-NAM-ACCDE-MIL-2,44,114635.1,71281.7,0.6,56818,2.0,0,0
IT,ACC,44732,IT-NAM-ACCDE-MIL-2,51,73681.7,48017.9,0.5,17875,4.1,0,0
IT,ISDCA,29953,IT-ISDCA-DE-DUB-1,68,153733.4,150522.0,0.0,2967,51.8,48,0
IT,ISDCA,43783,IT-ISDCA-DE-DUB-1,74,150893.8,108647.2,0.4,3651,41.3,154,2
IT,NAM,5065,IT-NAM-ACCSA-MIL-1,30,118126.2,53486.7,1.0,135242,0.9,0,0
IT,NAM,21190,IT-NAM-ACCSA-MIL-1,27,52483.1,22253.8,1.0,599643,0.1,0,0
IT,NAM,21574,IT-NAM-ACCSA-MIL-1,30,1715.1,6901.5,-0.5,99823,0.0,0,0
IT,NAM,24745,IT-NAM-ACCSA-MIL-1,25,35011.3,17227.9,1.0,72990,0.5,0,0
IT,NAM,30127,IT-NAM-ACCSA-MIL-1,28,118788.6,74506.1,0.6,99056,1.2,0,0
IT,NAM,30146,IT-NAM-ACCSA-MIL-1,36,22084.6,14492.3,0.5,86368,0.3,0,0
IT,NAMDCA,30185,IT-NAMDCA-DE-MIL-1,5,161821.3,128495.3,0.3,5216,31.0,1,0
IT,NAMDCA,31756,IT-NAMDCA-DE-MIL-1,47,12292.5,7190.3,0.7,12508,1.0,0,0
IT,NAMDCA,41953,IT-NAMDCA-DE-MIL-1,55,132456.7,65375.1,1.0,35249,3.8,0,0
IT,NAMDCA,45433,IT-NAMDCA-DE-MIL-1,60,141464.3,92667.1,0.5,13600,10.4,0,0
Ireland,ACC,7558,IE-NAM-ACCDE-DUB-1,35,116296.5,123829.9,-0.1,36079,3.2,4,0
Ireland,ACC,9287,IE-NAM-ACCDE-DUB-1,41,116810.5,112257.6,0.0,23683,4.9,90,2
Ireland,ACC,10027,IE-M-ACCDE-DUB-1,101,196162.8,180945.0,0.1,37556,5.2,139,1
Ireland,ACC,12891,IE-NAM-ACCDE-DUB-1,35,226901.9,174155.2,0.3,69238,3.3,1,0
Ireland,ACC,13067,IE-NAM-ACCDE-DUB-1,20,121063.9,83174.8,0.5,11478,10.5,0,0
Ireland,ACC,17170,IE-M-ACCDE-DUB-1,132,315722.0,261878.1,0.2,53424,5.9,154,1
Ireland,ACC,17173,IE-M-ACCDE-DUB-1,115,204615.7,181874.7,0.1,693688,0.3,143,1
Ireland,ACC,19416,IE-M-ACCDE-DUB-1,124,186005.4,172409.1,0.1,18871,9.9,184,1
Ireland,ACC,19785,IE-M-ACCDE-DUB-1,126,235763.9,210052.5,0.1,47020,5.0,157,1
Ireland,ACC,27012,IE-M-ACCDE-DUB-1,120,207212.2,201571.6,0.0,39214,5.3,136,1
Ireland,ACC,34120,IE-M-ACCDE-DUB-1,125,297143.4,219805.8,0.4,16181,18.4,196,1
Ireland,ACC,35562,IE-NAM-ACCDE-DUB-1,30,83007.5,82569.6,0.0,112741,0.7,0,0
Ireland,NAM,16140,IE-NAM-ACCSA-DUB-1,26,69125.0,61662.7,0.1,49523,1.4,24,0
Ireland,NAM,19453,IE-NAM-ACCSA-DUB-1,28,117193.5,83005.1,0.4,32892,3.6,40,1
MX,M,7178,MX-M-DE-ATX-1,127,120212.1,110754.8,0.1,23911,5.0,0,0
MX,M,13241,MX-M-DE-ATX-1,135,189998.2,160164.5,0.2,35275,5.4,64,0
MX,M,23697,MX-M-DE-ATX-2,133,115303.4,91606.8,0.3,73458,1.6,24,0
MX,M,24331,MX-M-DE-ATX-1,135,99633.3,99730.1,0.0,17593,5.7,145,1
MX,M,26547,MX-M-DE-ATX-1,134,183050.3,160921.7,0.1,18013,10.2,196,1
MX,M,29643,MX-M-DE-ATX-1,135,159643.4,132080.6,0.2,13775,11.6,91,0
MX,M,29644,MX-M-ACC-ATX-1,284,14473.8,10837.5,0.3,22863,0.6,42,0
MX,M,31794,MX-M-ACC-ATX-1,268,12622.2,10253.1,0.2,30813,0.4,57,0
MX,M,34491,MX-M-DE-ATX-2,135,141505.1,129397.4,0.1,14588,9.7,33,0
MX,M,39150,MX-M-ACC-ATX-1,276,14936.4,10596.1,0.4,25384,0.6,84,0
MX,M,39198,MX-M-DE-ATX-2,137,157007.5,127309.0,0.2,50309,3.1,37,0
MX,M,39285,MX-M-DE-ATX-2,135,86185.1,63559.3,0.4,28220,3.1,37,0
MX,M,39342,MX-M-ACC-ATX-1,293,17941.0,10532.7,0.7,34544,0.5,26,0
MX,M,40331,MX-M-ACC-ATX-1,277,9875.4,7488.2,0.3,26145,0.4,79,0
MX,M,40506,MX-M-ACC-ATX-1,302,14033.8,9019.7,0.6,21576,0.7,66,0
MX,M,41943,MX-M-ACC-ATX-1,270,14410.7,8753.6,0.6,64546,0.2,99,0
MX,M,42894,MX-M-DE-ATX-2,137,183639.2,171902.8,0.1,21672,8.5,54,0
MX,M,42895,MX-M-DE-ATX-2,134,153059.9,161494.6,-0.1,17889,8.6,86,0
MX,M,44481,MX-M-DE-ATX-2,135,170625.3,174515.7,0.0,25815,6.6,54,0
MX,M,46844,MX-M-DE-ATX-1,133,95889.7,101595.4,-0.1,19732,4.9,0,0
MX,NAM,32588,MX-NAM-DE-CDMX-1,26,23315.1,14612.1,0.6,24761,0.9,0,0
MX,NAM,33772,MX-NAM-DE-CDMX-1,33,110984.4,70712.4,0.6,32981,3.4,0,0
MX,NAM,33778,MX-NAM-DE-CDMX-1,29,9355.8,10451.7,-0.1,39408,0.2,0,0
MX,NAM,34879,MX-NAM-DE-CDMX-1,28,53067.5,43441.7,0.2,73556,0.7,0,0
MX,NAM,35438,MX-NAM-DE-CDMX-1,29,96022.6,40325.6,1.0,12644,7.6,0,0
MX,NAM,39088,MX-NAM-DE-CDMX-1,26,22799.8,13568.8,0.7,72012,0.3,0,0
MX,NAM,42505,MX-NAM-DE-CDMX-1,30,42395.9,16615.5,1.0,23071,1.8,0,0
MX,NAM,45021,MX-NAM-DE-CDMX-1,29,24176.1,17339.5,0.4,35351,0.7,0,0
SG,ACC,8078,SG-M-ACCDE-SG-1,167,17485.3,15089.0,0.2,39542,0.4,1,0
SG,ACC,10693,SG-NAM-ACCDE-SG-1,60,50368.5,32939.8,0.5,59973,0.8,4,0
SG,ACC,20145,SG-M-ACCDE-SG-1,202,23366.2,32442.1,-0.3,105426,0.2,6,0
SG,ACC,20317,SG-M-ACCDE-SG-1,202,55331.5,61438.9,-0.1,42257,1.3,24,0
SG,ACC,21136,SG-NAM-ACCDE-SG-1,64,57961.2,33711.6,0.7,44859,1.3,0,0
SG,ACC,21428,SG-NAM-ACCDE-SG-1,59,6902.7,17984.4,-0.5,46224,0.1,0,0
SG,ACC,26789,SG-NAM-ACCDE-SG-1,66,19448.5,12601.4,0.5,43223,0.4,2,0
SG,ACC,46174,SG-M-ACCDE-SG-1,203,66987.0,52760.3,0.3,39575,1.7,0,0
UK,ACC,2253,UK-M-ACCDE-DUB-2,188,89439.0,66722.4,0.3,18771,4.8,165,0
UK,ACC,5901,UK-M-ACCDE-DUB-2,194,80164.5,44010.4,0.8,17971,4.5,204,1
UK,ACC,6924,UK-M-ACCDE-DUB-2,190,66601.4,53862.6,0.2,29832,2.2,61,0
UK,ACC,7153,UK-M-ACCDE-DUB-2,187,81676.9,80236.4,0.0,26557,3.1,191,1
UK,ACC,8332,UK-NAM-ACCDE-LDN-1,49,31089.5,33547.7,-0.1,47743,0.7,0,0
UK,ACC,8840,UK-NAM-ACCDE-LDN-1,51,30275.3,29427.7,0.0,41387,0.7,0,0
UK,ACC,9483,UK-NAM-ACCDE-LDN-1,48,45162.3,30168.9,0.5,60580,0.7,6,0
UK,ACC,9886,UK-M-ACCDE-DUB-1,195,179692.1,161195.6,0.1,28413,6.3,136,0
UK,ACC,10365,UK-M-ACCDE-DUB-2,187,59366.1,41448.6,0.4,640784,0.1,160,0
UK,ACC,12339,UK-M-ACCDE-DUB-1,197,64044.7,38363.0,0.7,73873,0.9,142,0
UK,ACC,13510,UK-M-ACCDE-DUB-1,186,83688.9,59972.2,0.4,21138,4.0,138,0
UK,ACC,13540,UK-M-ACCDE-DUB-2,186,74613.0,48826.3,0.5,25837,2.9,152,0
UK,ACC,14671,UK-NAM-ACCDE-LDN-1,49,21429.0,23792.2,-0.1,50513,0.4,0,0
UK,ACC,14736,UK-M-ACCDE-DUB-2,173,81805.6,48648.1,0.7,197247,0.4,191,1
UK,ACC,18973,UK-M-ACCDE-DUB-1,203,113676.1,87708.7,0.3,28477,4.0,102,0
UK,ACC,21198,UK-M-ACCDE-DUB-1,215,90295.6,59766.6,0.5,77468,1.2,163,0
UK,ACC,33629,UK-M-ACCDE-DUB-1,190,74906.4,44008.9,0.7,107573,0.7,149,0
UK,ACC,34419,UK-M-ACCDE-DUB-1,170,96537.7,25627.0,1.0,17531,5.5,125,0
UK,ACC,41672,UK-M-ACCDE-DUB-1,185,66313.7,36431.0,0.8,44459,1.5,133,0
UK,ACC,43796,UK-M-ACCDE-DUB-1,190,86856.0,46590.0,0.9,26990,3.2,53,0
UK,ACC,46526,UK-NAM-ACCDE-LDN-1,52,44048.6,13247.3,1.0,40538,1.1,0,0
UK,ISDCA,2909,UK-ISDCA-DE-DUB-1,50,107759.3,76226.7,0.4,7494,14.4,0,0
UK,ISDCA,6668,UK-ISDCA-DE-LDN-1,67,333875.1,219073.6,0.5,14857,22.5,33,0
UK,ISDCA,10996,UK-ISDCA-DE-LDN-1,94,346460.1,308487.0,0.1,10089,34.3,83,0
UK,ISDCA,14872,UK-ISDCA-DE-DUB-2,63,332991.6,292869.7,0.1,10653,31.3,67,1
UK,ISDCA,17137,UK-ISDCA-DE-LDN-1,96,330151.8,316118.0,0.0,9798,33.7,27,0
UK,ISDCA,18976,UK-ISDCA-DE-DUB-1,96,273169.7,220424.4,0.2,13907,19.6,57,0
UK,ISDCA,31704,UK-ISDCA-DE-DUB-2,86,360474.8,306226.2,0.2,6140,58.7,110,1
UK,ISDCA,38726,UK-ISDCA-DE-DUB-2,150,373692.4,307565.1,0.2,32087,11.6,35,0
UK,ISDCA,43977,UK-ISDCA-DE-LDN-1,119,315481.7,254725.8,0.2,16434,19.2,49,0
UK,L,2043,UK-L-SA-DUB-1,44,38951.5,39329.1,0.0,21072,1.8,113,2
UK,L,2808,UK-L-SA-DUB-2,46,153025.2,125021.0,0.2,22345,6.8,6,0
UK,L,3251,UK-L-DE-DUB-2,34,93356.0,55599.3,0.7,29435,3.2,0,0
UK,L,3302,UK-L-DE-DUB-1,33,146072.9,143633.9,0.0,39985,3.7,82,2
UK,L,3533,UK-L-SA-DUB-1,45,120981.6,95740.1,0.3,41685,2.9,130,2
UK,L,4171,UK-L-SA-DUB-2,46,70068.8,44822.1,0.6,34079,2.1,123,2
UK,L,4573,UK-L-DE-DUB-3,32,154767.9,146003.1,0.1,35640,4.3,68,2
UK,L,4827,UK-L-DE-DUB-2,36,447308.0,366901.3,0.2,21284,21.0,38,1
UK,L,5180,UK-L-DE-DUB-3,33,125426.1,72241.7,0.7,22900,5.5,88,2
UK,L,5586,UK-L-DE-DUB-2,33,157394.4,141459.3,0.1,19554,8.0,43,1
UK,L,7151,UK-L-DE-DUB-1,33,351299.5,218286.2,0.6,19880,17.7,112,3
UK,L,7230,UK-L-DE-DUB-2,32,239006.3,245952.7,0.0,20950,11.4,110,3
UK,L,7396,UK-L-DE-DUB-3,32,151290.7,96995.6,0.6,16932,8.9,103,3
UK,L,8133,UK-L-SA-DUB-2,46,100740.0,86378.3,0.2,22299,4.5,116,2
UK,L,8135,UK-L-DE-DUB-2,34,194778.5,207725.0,-0.1,19744,9.9,63,1
UK,L,9197,UK-L-SA-DUB-1,45,170348.9,114564.9,0.5,25679,6.6,109,2
UK,L,10960,UK-L-SA-DUB-1,44,117034.0,76279.3,0.5,43863,2.7,8,0
UK,L,12773,UK-L-SA-DUB-2,44,99841.9,82432.4,0.2,28149,3.5,65,1
UK,L,14641,UK-L-DE-DUB-1,32,303874.0,234262.4,0.3,16685,18.2,76,2
UK,L,15387,UK-L-SA-DUB-2,46,114864.5,83052.7,0.4,45143,2.5,107,2
UK,L,16576,UK-L-DE-DUB-3,33,200867.2,151180.4,0.3,20601,9.8,60,1
UK,L,17037,UK-L-SA-DUB-1,45,113236.1,63346.5,0.8,29209,3.9,104,2
UK,L,17171,UK-L-DE-DUB-1,32,228226.5,160110.2,0.4,19285,11.8,13,0
UK,L,17726,UK-L-DE-DUB-3,32,174843.7,207204.7,-0.2,24835,7.0,71,2
UK,L,18414,UK-L-SA-DUB-1,46,118183.4,95543.1,0.2,26139,4.5,93,2
UK,L,18625,UK-L-SA-DUB-2,44,71713.6,57723.2,0.2,37510,1.9,123,2
UK,L,19219,UK-L-SA-DUB-1,47,82068.9,79061.0,0.0,33117,2.5,141,3
UK,L,19415,UK-L-DE-DUB-1,33,221089.9,120539.1,0.8,21502,10.3,83,2
UK,L,19914,UK-L-SA-DUB-2,45,79948.4,72167.1,0.1,20136,4.0,115,2
UK,L,20049,UK-L-DE-DUB-3,33,199517.7,72257.0,1.0,19253,10.4,91,2
UK,L,29005,UK-L-SA-DUB-1,44,88870.5,67936.2,0.3,22486,4.0,76,1
UK,L,30156,UK-L-DE-DUB-1,32,194968.8,150691.3,0.3,20356,9.6,95,2
UK,L,30182,UK-L-SA-DUB-2,45,92084.1,69516.8,0.3,22595,4.1,88,1
UK,L,30199,UK-L-SA-DUB-1,44,111931.7,86116.1,0.3,21313,5.3,0,0
UK,L,33630,UK-L-DE-DUB-2,34,194639.6,143814.9,0.4,20658,9.4,42,1
UK,L,39563,UK-L-DE-DUB-3,33,165880.4,181051.4,-0.1,19468,8.5,33,1
UK,L,40746,UK-L-SA-DUB-2,45,166583.5,123246.3,0.4,24582,6.8,131,2
UK,L,42596,UK-L-SA-DUB-1,44,73229.6,76342.8,0.0,38450,1.9,79,1
UK,L,45905,UK-L-DE-DUB-2,32,132419.2,94709.4,0.4,20148,6.6,,
UK,M,4285,UK-M-SA-DUB-1,127,194566.2,160327.2,0.2,25968,7.5,206,1
UK,M,4921,UK-M-DE-DUB-1,92,442613.4,395855.5,0.1,16901,26.2,158,1
UK,M,5064,UK-M-DE-DUB-3,92,361444.6,309519.6,0.2,11774,30.7,128,1
UK,M,5072,UK-M-SA-DUB-1,126,254085.6,219640.1,0.2,23467,10.8,7,0
UK,M,5176,UK-M-DE-DUB-8,90,521763.7,414175.1,0.3,21063,24.8,178,1
UK,M,5494,UK-M-DE-DUB-1,91,508587.8,447042.6,0.1,13201,38.5,141,1
UK,M,6929,UK-M-SA-DUB-1,124,239856.8,182060.2,0.3,25271,9.5,59,0
UK,M,6938,UK-M-DE-DUB-5,92,409376.3,375897.7,0.1,19544,20.9,94,1
UK,M,6942,UK-M-DE-DUB-8,89,469906.7,378990.9,0.2,17970,26.1,157,1
UK,M,7135,UK-M-DE-DUB-2,90,583547.6,449981.7,0.3,12195,47.9,129,1
UK,M,7329,UK-M-DE-DUB-1,89,358935.5,287871.5,0.2,13355,26.9,132,1
UK,M,7332,UK-M-DE-DUB-2,92,490545.7,392374.6,0.3,14962,32.8,67,0
UK,M,8325,UK-M-ACCPSE-DUB-2,66,160710.4,132344.1,0.2,58572,2.7,145,2
UK,M,8968,UK-M-DE-DUB-9,93,642413.0,518817.2,0.2,12087,53.1,148,1
UK,M,9191,UK-M-SA-DUB-1,127,340273.5,262191.1,0.3,31779,10.7,170,1
UK,M,9834,UK-M-DE-DUB-8,90,442360.6,403240.6,0.1,26300,16.8,111,1
UK,M,9856,UK-M-DE-DUB-1,89,466760.5,394839.5,0.2,11970,39.0,139,1
UK,M,10369,UK-M-SA-DUB-1,125,312188.1,291716.5,0.1,30022,10.4,182,1
UK,M,12200,UK-M-DE-DUB-9,92,472758.3,429042.8,0.1,10412,45.4,111,1
UK,M,13392,UK-M-ACCPSE-DUB-1,100,191619.6,95637.7,1.0,82973,2.3,91,0
UK,M,13483,UK-M-DE-DUB-2,89,511635.1,442589.7,0.2,14653,34.9,213,2
UK,M,13490,UK-M-DE-DUB-3,94,387693.6,366329.6,0.1,17664,21.9,26,0
UK,M,13492,UK-M-DE-DUB-2,91,451546.2,420318.7,0.1,10931,41.3,172,1
UK,M,13763,UK-M-DE-DUB-1,92,568346.4,450759.8,0.3,13460,42.2,119,1
UK,M,14929,UK-M-ACCPSE-DUB-2,137,92763.8,63700.8,0.5,126621,0.7,175,1
UK,M,15309,UK-M-DE-DUB-5,90,546779.1,438712.8,0.2,12740,42.9,192,2
UK,M,15521,UK-M-DE-DUB-8,92,403470.3,408865.6,0.0,12805,31.5,162,1
UK,M,15524,UK-M-DE-DUB-8,91,638767.6,541102.9,0.2,28689,22.3,163,1
UK,M,16141,UK-M-DE-DUB-9,92,501485.7,447077.1,0.1,12708,39.5,126,1
UK,M,16468,UK-M-DE-DUB-3,92,92391.2,346396.3,-0.5,6105,15.1,145,1
UK,M,16485,UK-M-DE-DUB-1,91,455607.0,396712.2,0.1,13393,34.0,93,1
UK,M,17038,UK-M-DE-DUB-3,91,415208.3,294255.0,0.4,14085,29.5,24,0
UK,M,18391,UK-M-DE-DUB-5,88,383119.8,356260.5,0.1,14440,26.5,142,1
UK,M,18975,UK-M-DE-DUB-9,92,581960.3,441135.1,0.3,9428,61.7,120,1
UK,M,19113,UK-M-SA-DUB-1,2,37957.2,16749.3,1.0,779,48.7,118,59
UK,M,19203,UK-M-DE-DUB-2,91,423151.5,344452.5,0.2,11167,37.9,0,0
UK,M,19207,UK-M-DE-DUB-9,92,392018.4,363179.9,0.1,13250,29.6,95,1
UK,M,19218,UK-M-DE-DUB-8,92,484011.0,426316.2,0.1,14030,34.5,190,2
UK,M,19796,UK-M-SA-DUB-1,128,209062.6,209090.9,0.0,33403,6.3,145,1
UK,M,20773,UK-M-ACCPSE-DUB-2,114,55041.1,23463.1,1.0,46834,1.2,39,0
UK,M,20781,UK-M-DE-DUB-2,57,360699.6,397131.5,-0.1,7836,46.0,60,1
UK,M,20786,UK-M-DE-DUB-5,88,344259.0,298581.1,0.2,14035,24.5,160,1
UK,M,26345,UK-M-DE-DUB-5,91,466902.8,443626.2,0.1,9590,48.7,110,1
UK,M,32930,UK-M-DE-DUB-9,92,515540.8,439599.3,0.2,20319,25.4,111,1
UK,M,33635,UK-M-DE-DUB-9,93,536825.3,354489.3,0.5,10695,50.2,142,1
UK,M,34418,UK-M-ACCPSE-DUB-1,90,122072.3,79358.7,0.5,294044,0.4,88,0
UK,M,34773,UK-M-SA-DUB-1,177,101635.2,71501.6,0.4,40846,2.5,153,0
UK,M,35140,UK-M-DE-DUB-5,90,388650.9,327769.9,0.2,12721,30.6,130,1
UK,M,36247,UK-M-DE-DUB-3,95,486608.1,486813.2,0.0,13973,34.8,136,1
UK,M,41669,UK-M-ACCPSE-DUB-1,152,86169.6,64814.8,0.3,49463,1.7,76,0
UK,M,42967,UK-M-DE-DUB-8,90,510859.8,449459.2,0.1,11602,44.0,151,1
UK,M,43902,UK-M-DE-DUB-5,91,506455.6,408147.8,0.2,13624,37.2,45,0
UK,M,43911,UK-M-DE-DUB-1,87,492451.1,455009.4,0.1,9513,51.8,352,4
UK,M,45898,UK-M-DE-DUB-2,92,478973.7,386916.7,0.2,12850,37.3,,
UK,M,45910,UK-M-SA-DUB-1,124,264332.8,231091.1,0.1,28121,9.4,,
UK,NAM,714,UK-NAM-SA-LDN-2,14,218347.9,189475.8,0.2,54944,4.0,33,2
UK,NAM,2797,UK-NAM-HC-LDN-1,12,140990.2,135108.7,0.0,76220,1.8,3,0
UK,NAM,2860,UK-NAM-ACCPSE-LDN-1,49,119841.9,91855.4,0.3,8483,14.1,0,0
UK,NAM,2897,UK-NAM-B2B-LDN-1,10,84462.1,64815.5,0.3,46890,1.8,0,0
UK,NAM,4835,UK-NAM-LOG-LDN-2,4,422691.0,125787.6,1.0,394761,1.1,0,0
UK,NAM,4857,UK-NAM-SA-LDN-1,14,161266.5,104661.9,0.5,183190,0.9,12,0
UK,NAM,5100,UK-NAM-RH-LDN-1,14,138924.4,112776.4,0.2,172241,0.8,0,0
UK,NAM,7061,UK-NAM-RH-LDN-1,13,126001.1,72946.1,0.7,175263,0.7,4,0
UK,NAM,8634,UK-NAM-B2B-LDN-1,13,93435.0,76931.4,0.2,56710,1.6,14,1
UK,NAM,8637,UK-NAM-SA-LDN-2,19,93599.6,41917.2,1.0,54659,1.7,30,1
UK,NAM,9127,UK-NAM-SA-LDN-2,15,37381.0,29859.3,0.3,66357,0.6,21,1
UK,NAM,9376,UK-NAM-SA-LDN-1,16,82936.2,57202.0,0.4,76989,1.1,39,2
UK,NAM,9879,UK-NAM-SA-LDN-1,16,113894.1,78636.3,0.4,190918,0.6,25,1
UK,NAM,10116,UK-NAM-SA-LDN-2,18,66640.1,45984.5,0.4,58377,1.1,12,0
UK,NAM,10734,UK-NAM-RPO-LDN-1,13,50746.5,66537.1,-0.2,42899,1.2,0,0
UK,NAM,11707,UK-NAM-ACCPSE-LDN-1,49,83408.1,52392.6,0.6,9502,8.8,0,0
UK,NAM,11865,UK-NAM-SA-LDN-1,15,21536.7,15553.2,0.4,66795,0.3,130,8
UK,NAM,12058,UK-NAM-LOG-LDN-1,11,1042303.5,1067810.6,0.0,118640,8.8,0,0
UK,NAM,12059,UK-NAM-PSE-LDN-1,6,135832.9,18052.3,1.0,41178,3.3,0,0
UK,NAM,12206,UK-NAM-LOG-LDN-1,18,203771.5,123068.9,0.7,62713,3.2,0,0
UK,NAM,12748,UK-NAM-LOG-LDN-2,1,600910.1,332148.3,0.8,4257,141.2,46,46
UK,NAM,12909,UK-NAM-HC-LDN-1,9,63588.2,41369.2,0.5,50207,1.3,0,0
UK,NAM,13701,UK-NAM-SA-LDN-2,16,89014.0,50769.9,0.8,65529,1.4,60,3
UK,NAM,14123,UK-NAM-RPO-LDN-1,8,491754.0,495724.4,0.0,92506,5.3,5,0
UK,NAM,14777,UK-NAM-HC-LDN-1,11,31972.2,100132.4,-0.5,43323,0.7,0,0
UK,NAM,15057,UK-NAM-RPO-LDN-1,10,343443.5,183163.4,0.9,190013,1.8,0,0
UK,NAM,15058,UK-NAM-HC-LDN-1,11,48887.6,80233.2,-0.4,28245,1.7,1,0
UK,NAM,15059,UK-NAM-ACCSA-LDN-1,32,37291.2,27148.9,0.4,27824,1.3,92,2
UK,NAM,15860,UK-NAM-B2B-LDN-1,14,76179.8,40957.7,0.9,36167,2.1,0,0
UK,NAM,15865,UK-NAM-SA-LDN-1,19,15703.3,19273.2,-0.2,71462,0.2,24,1
UK,NAM,16460,UK-NAM-B2B-LDN-1,17,106738.4,77725.5,0.4,333736,0.3,0,0
UK,NAM,19012,UK-NAM-B2B-LDN-1,11,126573.2,131128.5,0.0,28883,4.4,0,0
UK,NAM,19787,UK-NAM-HC-LDN-1,13,75242.2,67773.1,0.1,40531,1.9,15,1
UK,NAM,19814,UK-NAM-PSE-LDN-2,11,131645.1,92453.1,0.4,15235,8.6,1,0
UK,NAM,20187,UK-NAM-ACCSA-LDN-1,33,48873.6,49217.4,0.0,29063,1.7,39,1
UK,NAM,23570,UK-NAM-RH-LDN-1,18,59205.6,34110.5,0.7,100693,0.6,0,0
UK,NAM,30197,UK-NAM-LOG-LDN-2,1,331483.3,202254.8,0.6,2373,139.7,74,74
UK,NAM,32942,UK-NAM-LOG-LDN-2,1,594452.7,476790.8,0.2,4345,136.8,56,56
UK,NAM,34754,UK-NAM-ACCSA-LDN-1,35,11792.1,29300.5,-0.5,41504,0.3,48,1
UK,NAM,35989,UK-NAM-LOG-LDN-1,18,259339.3,116089.8,1.0,150526,1.7,0,0
UK,NAM,36104,UK-NAM-PSE-LDN-1,15,95120.3,95600.1,0.0,44170,2.2,1,0
UK,NAM,36390,UK-NAM-RPO-LDN-1,10,80001.4,78844.6,0.0,104749,0.8,0,0
UK,NAM,42629,UK-NAM-B2B-LDN-1,18,27016.8,19140.1,0.4,61225,0.4,0,0
UK,NAM,44447,UK-NAM-B2B-LDN-1,13,84177.4,42464.8,1.0,50458,1.7,1,0
UK,NAM,46722,UK-NAM-SA-LDN-1,17,113619.8,75179.1,0.5,93465,1.2,0,0
UK,NAMDCA,2735,UK-NAMDCA-DE-LDN-3,80,170050.0,85839.5,1.0,50738,3.4,61,0
UK,NAMDCA,6526,UK-NAMDCA-DE-LDN-3,234,397471.3,192970.3,1.0,84609,4.7,39,0
UK,NAMDCA,10377,UK-NAMDCA-DE-LDN-2,58,161015.9,96742.3,0.7,67532,2.4,2,0
UK,NAMDCA,12918,UK-NAMDCA-DE-LDN-3,24,638441.6,316812.2,1.0,17677,36.1,3,0
UK,NAMDCA,13064,UK-NAMDCA-DE-LDN-3,18,194904.8,131149.3,0.5,3336,58.4,0,0
UK,NAMDCA,14672,UK-NAMDCA-DE-LDN-1,39,309825.7,207977.4,0.5,23167,13.4,25,0
UK,NAMDCA,21342,UK-NAMDCA-DE-LDN-2,49,345068.1,244535.6,0.4,34739,9.9,2,0
UK,NAMDCA,45927,UK-NAMDCA-DE-LDN-3,38,242526.9,212324.4,0.1,115954,2.1,,
US,ACC,3075,US-M-ACCDE-NYC-3,330,36186.4,16012.2,1.0,56004,0.6,63,0
US,ACC,3210,US-M-ACCDE-NYC-2,322,40927.9,15718.1,1.0,50106,0.8,55,0
US,ACC,3498,US-M-ACCDE-NYC-4,491,14175.5,19259.1,-0.3,49538,0.3,119,0
US,ACC,3906,US-M-ACCDE-NYC-1,98,60340.9,19677.7,1.0,13267,4.5,10,0
US,ACC,5211,US-M-ACCDE-NYC-2,407,53820.0,33202.4,0.6,46289,1.2,5,0
US,ACC,5719,US-M-ACCDE-NYC-3,349,46721.4,16567.1,1.0,62631,0.7,36,0
US,ACC,8161,US-M-ACCDE-NYC-2,330,50540.6,10839.9,1.0,51365,1.0,63,0
US,ACC,8586,US-M-ACCDE-NYC-4,860,158891.7,46655.8,1.0,153468,1.0,0,0
US,ACC,9294,US-M-ACCDE-NYC-2,337,53908.1,20968.8,1.0,40071,1.3,38,0
US,ACC,10075,US-M-ACCDE-NYC-1,287,48147.4,10436.4,1.0,35935,1.3,62,0
US,ACC,10665,US-M-ACCDE-NYC-3,330,53718.6,12176.1,1.0,58189,0.9,35,0
US,ACC,11389,US-M-ACCDE-NYC-2,303,60328.7,14855.2,1.0,42188,1.4,43,0
US,ACC,11491,US-M-ACCDE-NYC-2,347,75191.0,29374.8,1.0,36891,2.0,65,0
US,ACC,13204,US-M-ACCDE-NYC-2,332,53112.9,24132.9,1.0,48786,1.1,78,0
US,ACC,13207,US-M-ACCDE-NYC-3,303,38591.5,14435.1,1.0,42189,0.9,85,0
US,ACC,13748,US-M-ACCDE-NYC-1,308,31393.9,14880.9,1.0,42602,0.7,65,0
US,ACC,13754,US-M-ACCDE-NYC-1,302,51871.3,14661.1,1.0,26582,2.0,88,0
US,ACC,17250,US-M-ACCDE-NYC-2,294,34834.7,13658.4,1.0,50140,0.7,82,0
US,ACC,17286,US-M-ACCDE-NYC-3,323,35502.4,11085.5,1.0,55473,0.6,127,0
US,ACC,17287,US-M-ACCDE-NYC-3,307,45720.8,15338.1,1.0,45950,1.0,47,0
US,ACC,17351,US-M-ACCDE-NYC-1,307,42715.3,14700.2,1.0,27154,1.6,127,0
US,ACC,18369,US-M-ACCDE-NYC-3,280,28980.4,19455.7,0.5,42585,0.7,58,0
US,ACC,18695,US-M-ACCDE-NYC-3,302,24986.1,9639.4,1.0,49458,0.5,74,0
US,ACC,19048,US-M-ACCDE-NYC-1,287,40245.2,10274.8,1.0,44146,0.9,75,0
US,ACC,19555,US-M-ACCDE-NYC-3,302,64497.1,17116.4,1.0,54608,1.2,1,0
US,ACC,19864,US-M-ACCDE-NYC-1,301,40591.8,15050.3,1.0,41353,1.0,6,0
US,ACC,19876,US-M-ACCDE-NYC-3,323,46420.3,20300.0,1.0,49343,0.9,178,0
US,ACC,19929,US-M-ACCDE-NYC-1,285,81681.3,16491.2,1.0,41856,2.0,41,0
US,ACC,34194,US-M-ACCDE-NYC-2,317,40424.6,18165.0,1.0,37099,1.1,38,0
US,ACC,41785,US-M-ACCDE-NYC-1,283,41347.5,14874.0,1.0,35827,1.2,16,0
US,DCA,1583,US-DCA-AUTO-STM-3,31,509418.6,430608.8,0.2,32649,15.6,59,1
US,DCA,1852,US-DCA-AUTO-STM-2,173,811207.6,769264.6,0.1,9941,81.6,84,0
US,DCA,2458,US-DCA-WELLCOMM-NYC-2,131,371308.9,344110.7,0.1,15585,23.8,49,0
US,DCA,2469,US-DCA-WELLCOMM-STM-2,152,327845.4,279002.8,0.2,14069,23.3,51,0
US,DCA,2841,US-DCA-WELLCOMM-NYC-2,146,389175.3,374406.5,0.0,9087,42.8,6,0
US,DCA,4251,US-DCA-WELLCOMM-STM-2,8,6094.2,27647.4,-0.5,202,30.2,4,0
US,DCA,4283,US-DCA-QSR-STM-1,40,854562.8,673194.2,0.3,107890,7.9,11,0
US,DCA,4356,US-DCA-INS-STM-1,125,402032.5,380824.2,0.1,13124,30.6,71,0
US,DCA,4360,US-DCA-QSR-NYC-1,109,221755.2,234972.3,-0.1,34244,6.5,41,0
US,DCA,4499,US-DCA-AUTO-STM-3,48,815000.3,661781.3,0.2,25029,32.6,46,0
US,DCA,4661,US-DCA-AUTO-STM-2,155,907998.3,732229.4,0.2,13965,65.0,113,0
US,DCA,4785,US-DCA-WELLCOMM-STM-2,144,380527.0,327881.3,0.2,13579,28.0,102,0
US,DCA,4798,US-DCA-INS-NYC-1,117,258707.2,417237.4,-0.4,6458,40.1,47,0
US,DCA,4814,US-DCA-QSR-NYC-2,52,700888.4,550304.2,0.3,585124,1.2,27,0
US,DCA,5027,US-DCA-INS-NYC-1,116,445809.3,512894.0,-0.1,9851,45.3,1,0
US,DCA,5035,US-DCA-AUTO-STM-1,40,612819.2,514161.8,0.2,19754,31.0,64,1
US,DCA,5216,US-DCA-WELLCOMM-STM-1,137,356721.8,357447.7,0.0,12183,29.3,230,1
US,DCA,5568,US-DCA-AUTO-STM-2,152,959571.7,825453.5,0.2,14366,66.8,72,0
US,DCA,6301,US-DCA-WELLCOMM-STM-1,137,244044.9,199024.9,0.2,14042,17.4,83,0
US,DCA,6413,US-DCA-AUTO-STM-1,41,925912.9,770058.2,0.2,27446,33.7,29,0
US,DCA,7071,US-DCA-WELLCOMM-STM-2,52,335081.4,331517.1,0.0,50941,6.6,29,0
US,DCA,8375,US-DCA-INS-STM-1,120,473571.0,421872.9,0.1,9706,48.8,40,0
US,DCA,8507,US-DCA-INS-NYC-1,113,703240.4,553577.9,0.3,27713,25.4,84,0
US,DCA,8514,US-DCA-INS-STM-1,115,109574.4,432885.8,-0.5,4569,24.0,32,0
US,DCA,8703,US-DCA-AUTO-STM-1,148,837555.4,692263.9,0.2,11797,71.0,68,0
US,DCA,8799,US-DCA-WELLCOMM-STM-1,43,461958.8,365463.9,0.3,50641,9.1,13,0
US,DCA,8946,US-DCA-QSR-STM-2,92,342619.4,323802.5,0.1,21016,16.3,46,0
US,DCA,9666,US-DCA-WELLCOMM-STM-1,151,323530.4,293718.6,0.1,10229,31.6,85,0
US,DCA,9784,US-DCA-INS-STM-1,39,232019.1,138714.9,0.7,17491,13.3,12,0
US,DCA,9810,US-DCA-QSR-STM-2,75,316928.3,200465.9,0.6,16142,19.6,87,1
US,DCA,9824,US-DCA-QSR-NYC-1,111,295172.9,220983.4,0.3,37916,7.8,45,0
US,DCA,10078,US-DCA-WELLCOMM-NYC-2,159,408076.6,327267.1,0.2,15286,26.7,68,0
US,DCA,10174,US-DCA-WELLCOMM-NYC-2,148,302580.8,291334.7,0.0,9732,31.1,95,0
US,DCA,10390,US-DCA-WELLCOMM-STM-2,154,269215.9,192430.5,0.4,18600,14.5,129,0
US,DCA,11034,US-DCA-INS-NYC-1,114,538706.9,494037.1,0.1,8653,62.3,28,0
US,DCA,11168,US-DCA-AUTO-STM-2,154,984449.9,801541.1,0.2,11282,87.3,35,0
US,DCA,11485,US-DCA-WELLCOMM-NYC-2,33,443305.2,303832.7,0.5,111422,4.0,27,0
US,DCA,11490,US-DCA-WELLCOMM-NYC-1,147,304759.9,349539.6,-0.1,24675,12.4,40,0
US,DCA,11560,US-DCA-INS-STM-1,114,411085.0,426696.5,0.0,8128,50.6,58,0
US,DCA,11561,US-DCA-AUTO-STM-1,154,926181.1,844762.5,0.1,16228,57.1,153,0
US,DCA,12304,US-DCA-AUTO-STM-1,41,955500.5,674140.8,0.4,14597,65.5,31,0
US,DCA,12305,US-DCA-WELLCOMM-STM-1,39,331595.4,234598.1,0.4,58674,5.7,41,1
US,DCA,12358,US-DCA-AUTO-STM-2,157,846012.8,849969.6,0.0,10247,82.6,57,0
US,DCA,12546,US-DCA-QSR-NYC-1,104,286822.1,305140.5,-0.1,11974,24.0,39,0
US,DCA,12717,US-DCA-QSR-NYC-2,112,342865.3,284579.3,0.2,44764,7.7,74,0
US,DCA,12950,US-DCA-WELLCOMM-NYC-1,52,324022.0,156144.1,1.0,51534,6.3,6,0
US,DCA,13202,US-DCA-AUTO-STM-3,135,916406.6,846175.0,0.1,8314,110.2,100,0
US,DCA,13208,US-DCA-WELLCOMM-NYC-1,140,372514.0,330113.4,0.1,7787,47.8,127,0
US,DCA,13597,US-DCA-AUTO-STM-3,145,942993.2,788804.6,0.2,11205,84.2,60,0
US,DCA,13750,US-DCA-AUTO-STM-2,34,699616.1,558757.8,0.3,14170,49.4,51,1
US,DCA,14484,US-DCA-QSR-NYC-2,107,330820.6,251955.5,0.3,28533,11.6,100,0
US,DCA,15232,US-DCA-INS-NYC-1,24,115279.1,118528.4,0.0,29065,4.0,9,0
US,DCA,15396,US-DCA-QSR-NYC-2,103,398899.4,306052.3,0.3,15521,25.7,31,0
US,DCA,15423,US-DCA-INS-STM-1,123,475807.0,453757.4,0.0,6612,72.0,4,0
US,DCA,15429,US-DCA-QSR-STM-2,35,607301.3,494151.5,0.2,185158,3.3,32,0
US,DCA,17014,US-DCA-QSR-STM-1,88,303424.9,255363.1,0.2,17307,17.5,62,0
US,DCA,17834,US-DCA-AUTO-STM-1,153,818586.6,753541.8,0.1,9123,89.7,139,0
US,DCA,18144,US-DCA-QSR-NYC-1,35,402065.3,338023.1,0.2,90184,4.5,29,0
US,DCA,18509,US-DCA-WELLCOMM-NYC-1,162,318462.7,279682.6,0.1,9755,32.6,24,0
US,DCA,19070,US-DCA-QSR-STM-1,48,576892.1,447719.7,0.3,236450,2.4,17,0
US,DCA,19138,US-DCA-AUTO-STM-2,40,786387.8,571163.7,0.4,23043,34.1,46,1
US,DCA,19244,US-DCA-AUTO-STM-3,116,871586.7,743890.5,0.2,9185,94.9,115,0
US,DCA,19661,US-DCA-WELLCOMM-STM-1,142,366872.8,313475.9,0.2,27230,13.5,147,1
US,DCA,21467,US-DCA-AUTO-STM-1,145,964999.7,769068.4,0.3,9910,97.4,100,0
US,DCA,23768,US-DCA-WELLCOMM-NYC-2,118,382709.2,309888.9,0.2,32935,11.6,109,0
US,DCA,24655,US-DCA-WELLCOMM-STM-1,126,405520.5,375503.5,0.1,12234,33.1,115,0
US,DCA,24746,US-DCA-AUTO-STM-3,142,714770.1,605254.8,0.2,10938,65.3,68,0
US,DCA,25533,US-DCA-WELLCOMM-STM-1,140,476632.7,347097.8,0.4,22380,21.3,175,1
US,DCA,25612,US-DCA-AUTO-STM-2,40,758166.5,628158.3,0.2,34123,22.2,,
US,DCA,25809,US-DCA-WELLCOMM-NYC-1,121,291388.2,226134.3,0.3,61664,4.7,80,0
US,DCA,25983,US-DCA-INS-NYC-1,132,502520.7,472628.5,0.1,10017,50.2,0,0
US,DCA,26038,US-DCA-WELLCOMM-NYC-1,65,583587.3,434659.3,0.3,76424,7.6,14,0
US,DCA,26542,US-DCA-QSR-STM-1,84,284489.3,281133.5,0.0,48389,5.9,36,0
US,DCA,26555,US-DCA-WELLCOMM-NYC-1,121,252569.8,212943.4,0.2,25959,9.7,54,0
US,DCA,27413,US-DCA-WELLCOMM-NYC-1,140,335515.3,337087.5,0.0,7677,43.7,84,0
US,DCA,27646,US-DCA-AUTO-STM-3,30,307080.6,231280.3,0.3,30240,10.2,57,1
US,DCA,28430,US-DCA-WELLCOMM-NYC-1,152,356377.0,316537.7,0.1,11420,31.2,48,0
US,DCA,29943,US-DCA-QSR-STM-2,98,371223.4,269508.1,0.4,12303,30.2,60,0
US,DCA,30248,US-DCA-QSR-NYC-1,92,238487.3,183285.0,0.3,14718,16.2,46,0
US,DCA,31835,US-DCA-QSR-STM-1,67,377226.0,315182.0,0.2,14176,26.6,37,0
US,DCA,32166,US-DCA-WELLCOMM-STM-2,147,367821.8,328816.1,0.1,13329,27.6,151,1
US,DCA,33621,US-DCA-QSR-NYC-2,108,296627.1,243541.1,0.2,16971,17.5,0,0
US,DCA,35540,US-DCA-WELLCOMM-STM-1,137,368009.8,324526.9,0.1,11651,31.6,84,0
US,DCA,35874,US-DCA-WELLCOMM-NYC-1,150,395405.7,371256.2,0.1,38242,10.3,56,0
US,DCA,40757,US-DCA-WELLCOMM-STM-2,132,336593.9,287490.6,0.2,15265,22.1,132,1
US,DCA,40827,US-DCA-AUTO-STM-1,136,752133.9,605561.4,0.2,8092,92.9,187,1
US,DCA,41041,US-DCA-WELLCOMM-NYC-2,139,380685.4,312592.7,0.2,10116,37.6,77,0
US,DCA,41379,US-DCA-WELLCOMM-NYC-2,140,369899.6,319411.5,0.2,10475,35.3,100,0
US,DCA,42461,US-DCA-QSR-NYC-2,92,290472.4,259391.2,0.1,13225,22.0,46,0
US,DCA,42726,US-DCA-QSR-STM-2,82,242987.4,269159.6,-0.1,10387,23.4,21,0
US,DCA,42727,US-DCA-WELLCOMM-STM-2,129,383726.0,321159.3,0.2,14316,26.8,111,0
US,DCA,42729,US-DCA-WELLCOMM-NYC-2,149,361147.8,326526.5,0.1,8552,42.2,91,0
US,DCA,43467,US-DCA-QSR-STM-2,104,421589.0,345534.9,0.2,14319,29.4,34,0
US,DCA,43972,US-DCA-INS-STM-1,116,502898.1,449523.8,0.1,5701,88.2,55,0
US,DCA,43973,US-DCA-WELLCOMM-NYC-2,135,307914.1,284172.3,0.1,7215,42.7,125,0
US,DCA,44349,US-DCA-WELLCOMM-NYC-1,137,387400.6,340273.1,0.1,9594,40.4,83,0
US,DCA,44976,US-DCA-QSR-STM-1,85,255739.8,257853.6,0.0,32602,7.8,77,0
US,DCA,45232,US-DCA-WELLCOMM-NYC-2,145,342041.1,268109.5,0.3,10658,32.1,74,0
US,DCA,45364,US-DCA-QSR-NYC-1,101,347407.2,259924.7,0.3,21925,15.8,18,0
US,DCA,46555,US-DCA-INS-NYC-1,118,454833.7,430922.6,0.1,11829,38.5,7,0
US,L,1071,US-L-DE-STM-3,35,469061.8,475487.9,0.0,49732,9.4,52,1
US,L,1258,US-L-DE-ATX-1,46,575318.1,589328.5,0.0,56250,10.2,94,2
US,L,1428,US-L-DE-ATX-2,41,796271.4,702919.7,0.1,52922,15.0,4,0
US,L,1573,US-L-DE-NYC-7,37,589954.8,541608.2,0.1,54803,10.8,0,0
US,L,2151,US-L-DE-ATX-4,40,330906.0,273094.5,0.2,29373,11.3,1,0
US,L,2531,US-L-SA-STM-1,59,407849.2,332673.7,0.2,46977,8.7,131,2
US,L,2580,US-L-DE-NYC-5,35,486051.8,452644.5,0.1,60362,8.1,82,2
US,L,2738,US-L-DE-STM-5,38,806776.7,722052.3,0.1,45669,17.7,63,1
US,L,2778,US-L-DE-NYC-4,35,553356.5,423357.2,0.3,27310,20.3,13,0
US,L,3316,US-L-DE-NYC-7,35,422358.3,393167.0,0.1,49554,8.5,46,1
US,L,3606,US-L-DE-STM-5,37,432407.1,391631.7,0.1,86873,5.0,113,3
US,L,3650,US-L-DE-STM-1,37,1092341.7,957139.1,0.1,38931,28.1,90,2
US,L,3782,US-L-SA-STM-1,57,444545.4,377443.5,0.2,59803,7.4,152,2
US,L,4234,US-L-DE-NYC-6,41,680465.9,548456.6,0.2,50341,13.5,0,0
US,L,4334,US-L-DE-NYC-8,34,639459.7,554791.0,0.2,55734,11.5,14,0
US,L,5030,US-L-SA-NYC-1,58,293333.1,198878.5,0.5,58338,5.0,105,1
US,L,5137,US-L-DE-NYC-1,38,309697.5,208906.6,0.5,45950,6.7,74,1
US,L,6297,US-L-DE-STM-3,35,667703.8,505094.0,0.3,77346,8.6,84,2
US,L,7167,US-L-DE-STM-2,35,440667.3,237082.9,0.9,33349,13.2,29,0
US,L,8267,US-L-DE-NYC-6,39,538198.9,442591.8,0.2,54607,9.9,68,1
US,L,8524,US-L-DE-STM-4,36,626223.7,433715.4,0.4,32366,19.3,112,3
US,L,9656,US-L-DE-NYC-4,36,399238.8,466155.7,-0.1,35292,11.3,37,1
US,L,9700,US-L-DE-ATX-1,40,374731.6,317560.8,0.2,43406,8.6,73,1
US,L,10177,US-L-DE-NYC-5,39,369854.1,386511.4,0.0,43281,8.5,51,1
US,L,10178,US-L-DE-NYC-3,37,615643.2,471796.7,0.3,41589,14.8,83,2
US,L,10323,US-L-DE-STM-6,38,489450.3,335048.8,0.5,38297,12.8,59,1
US,L,10346,US-L-DE-NYC-5,36,333304.4,299623.3,0.1,44067,7.6,56,1
US,L,10474,US-L-DE-NYC-4,37,500387.5,348185.9,0.4,40533,12.3,83,2
US,L,11801,US-L-SA-STM-Franchise-1,6,212344.3,213540.7,0.0,60224,3.5,73,12
US,L,12135,US-L-DE-NYC-3,34,335590.6,300465.9,0.1,35814,9.4,96,2
US,L,12301,US-L-DE-STM-6,42,409851.6,296748.9,0.4,65912,6.2,89,2
US,L,12539,US-L-DE-STM-6,37,526350.4,418816.8,0.3,33405,15.8,61,1
US,L,13214,US-L-DE-STM-4,35,207918.3,155781.2,0.3,51314,4.1,0,0
US,L,13251,US-L-DE-ATX-4,39,705119.9,644442.5,0.1,43792,16.1,41,1
US,L,13755,US-L-DE-NYC-6,35,430156.9,363856.4,0.2,48821,8.8,97,2
US,L,13805,US-L-DE-ATX-1,39,682567.1,645308.6,0.1,61198,11.2,39,1
US,L,14255,US-L-DE-STM-3,34,555729.5,505640.5,0.1,48291,11.5,130,3
US,L,14267,US-L-DE-STM-4,36,995876.7,695881.3,0.4,31677,31.4,120,3
US,L,14472,US-L-DE-NYC-5,36,578497.9,412916.4,0.4,49690,11.6,98,2
US,L,14476,US-L-DE-STM-6,37,253515.2,364639.3,-0.3,37828,6.7,89,2
US,L,15229,US-L-DE-STM-7,40,351946.3,256004.3,0.4,27869,12.6,72,1
US,L,15230,US-L-DE-STM-1,35,468015.8,390213.9,0.2,34587,13.5,74,2
US,L,15240,US-L-DE-STM-5,41,312869.2,277579.3,0.1,60197,5.2,34,0
US,L,15478,US-L-DE-NYC-3,33,239775.9,134007.1,0.8,41561,5.8,32,0
US,L,15634,US-L-DE-STM-2,33,257338.8,274144.6,-0.1,40959,6.3,94,2
US,L,15731,US-L-DE-ATX-3,41,455159.2,422013.2,0.1,66149,6.9,43,1
US,L,15732,US-L-DE-ATX-3,40,365840.3,371848.7,0.0,40740,9.0,42,1
US,L,15970,US-L-DE-STM-1,36,485225.8,378921.7,0.3,63268,7.7,35,0
US,L,16997,US-L-DE-ATX-5,43,554457.3,398685.0,0.4,46077,12.0,1,0
US,L,17054,US-L-SA-NYC-1,57,674105.7,543067.8,0.2,52540,12.8,177,3
US,L,17113,US-L-DE-STM-2,36,428965.1,403955.2,0.1,26731,16.0,33,0
US,L,17350,US-L-DE-NYC-6,36,568934.0,375185.4,0.5,58032,9.8,91,2
US,L,17596,US-L-DE-STM-4,38,380304.4,366427.3,0.0,45879,8.3,56,1
US,L,17628,US-L-DE-NYC-5,32,410495.5,453616.6,-0.1,36126,11.4,54,1
US,L,17645,US-L-DE-NYC-4,35,270151.7,239516.2,0.1,33733,8.0,75,2
US,L,17646,US-L-SA-STM-1,58,340869.9,230855.9,0.5,64684,5.3,146,2
US,L,17674,US-L-DE-NYC-7,33,294202.3,273947.5,0.1,41820,7.0,62,1
US,L,17695,US-L-SA-STM-1,57,507588.9,374029.1,0.4,41313,12.3,10,0
US,L,17707,US-L-SA-STM-1,56,496530.3,472202.3,0.1,58554,8.5,149,2
US,L,17848,US-L-DE-STM-2,37,219251.9,229884.8,0.0,40931,5.4,0,0
US,L,18094,US-L-SA-STM-1,57,227660.7,247139.5,-0.1,39154,5.8,106,1
US,L,18138,US-L-DE-NYC-8,36,420995.9,332070.4,0.3,27445,15.3,101,2
US,L,18153,US-L-DE-STM-2,42,355945.2,257473.4,0.4,39474,9.0,76,1
US,L,18364,US-L-DE-NYC-7,37,369940.4,272139.0,0.4,62807,5.9,47,1
US,L,18917,US-L-DE-NYC-4,35,613857.0,478177.8,0.3,41580,14.8,80,2
US,L,18943,US-L-DE-STM-5,38,797395.5,705184.3,0.1,52900,15.1,1,0
US,L,19570,US-L-DE-NYC-8,32,558471.0,419150.9,0.3,43064,13.0,50,1
US,L,19577,US-L-SA-NYC-1,57,738900.0,416900.0,0.8,50787,14.5,184,3
US,L,20068,US-L-DE-ATX-5,41,285376.5,250330.1,0.1,48699,5.9,38,0
US,L,20204,US-L-DE-NYC-4,37,52907.4,253902.2,-0.5,33628,1.6,83,2
US,L,20321,US-L-DE-NYC-2,38,499736.1,430504.8,0.2,48857,10.2,120,3
US,L,20346,US-L-DE-ATX-4,42,311674.8,306234.2,0.0,40918,7.6,16,0
US,L,20978,US-L-DE-ATX-2,40,949844.2,906837.2,0.0,67483,14.1,36,0
US,L,22734,US-L-DE-ATX-3,37,307109.8,253359.3,0.2,39340,7.8,37,1
US,L,23204,US-L-DE-NYC-5,35,862914.4,764500.9,0.1,39388,21.9,83,2
US,L,23205,US-L-DE-STM-5,37,546994.1,452651.6,0.2,54715,10.0,63,1
US,L,23224,US-L-DE-STM-1,37,398411.9,358370.0,0.1,24258,16.4,55,1
US,L,23228,US-L-DE-ATX-4,42,579849.2,467121.9,0.2,50298,11.5,15,0
US,L,23240,US-L-DE-STM-5,35,158078.8,160694.7,0.0,48978,3.2,104,2
US,L,23941,US-L-DE-NYC-7,34,287228.1,288795.2,0.0,30542,9.4,32,0
US,L,24011,US-L-DE-CHI-1,41,654176.7,642884.4,0.0,60755,10.8,55,1
US,L,24948,US-L-DE-STM-1,37,561737.0,445827.0,0.3,72154,7.8,92,2
US,L,25544,US-L-DE-STM-1,36,477681.5,396673.7,0.2,35442,13.5,0,0
US,L,25580,US-L-DE-STM-1,35,47009.1,233918.5,-0.5,25082,1.9,53,1
US,L,25611,US-L-DE-ATX-4,40,743376.3,518845.9,0.4,37048,20.1,,
US,L,25614,US-L-DE-ATX-5,41,418264.9,412640.0,0.0,32362,12.9,,
US,L,25615,US-L-DE-ATX-3,41,1299505.2,1214603.9,0.1,36855,35.3,,
US,L,25618,US-L-DE-ATX-2,41,373857.0,354663.4,0.1,36472,10.3,,
US,L,25620,US-L-DE-NYC-4,37,636740.8,481770.1,0.3,47845,13.3,,
US,L,25621,US-L-DE-STM-6,35,485973.8,417468.4,0.2,42797,11.4,,
US,L,25626,US-L-DE-NYC-2,37,569100.0,558443.6,0.0,49423,11.5,,
US,L,25630,US-L-DE-ATX-5,40,495743.6,443705.5,0.1,37196,13.3,,
US,L,25633,US-L-DE-ATX-1,42,815646.1,738046.9,0.1,53881,15.1,,
US,L,25653,US-L-DE-NYC-2,34,518943.6,479281.8,0.1,48978,10.6,,
US,L,26132,US-L-DE-STM-5,34,377015.6,235204.0,0.6,54193,7.0,24,0
US,L,26177,US-L-SA-STM-1,57,262401.9,263873.4,0.0,60121,4.4,152,2
US,L,26473,US-L-DE-STM-7,35,567394.1,485025.6,0.2,35432,16.0,72,2
US,L,26768,US-L-DE-NYC-6,37,469870.5,288127.3,0.6,74253,6.3,37,1
US,L,26775,US-L-DE-NYC-5,34,866016.5,662102.1,0.3,51749,16.7,83,2
US,L,26946,US-L-DE-NYC-8,34,419302.8,273415.0,0.5,32820,12.8,64,1
US,L,27648,US-L-DE-STM-4,42,545958.6,467339.6,0.2,59349,9.2,61,1
US,L,28368,US-L-DE-STM-3,36,751910.7,614235.3,0.2,46196,16.3,102,2
US,L,28371,US-L-DE-NYC-1,39,341731.6,278678.0,0.2,39439,8.7,88,2
US,L,28467,US-L-SA-NYC-2,57,251596.4,294614.9,-0.1,95845,2.6,128,2
US,L,28951,US-L-DE-STM-6,35,436409.1,391947.4,0.1,24268,18.0,77,2
US,L,29222,US-L-DE-STM-6,35,344958.7,197107.8,0.8,55503,6.2,53,1
US,L,30204,US-L-SA-NYC-1,57,276134.5,243817.0,0.1,57957,4.8,131,2
US,L,30205,US-L-SA-NYC-2,57,879627.7,585712.2,0.5,90474,9.7,126,2
US,L,30801,US-L-DE-STM-7,34,692364.1,496858.2,0.4,38200,18.1,98,2
US,L,31227,US-L-DE-NYC-8,34,371111.2,322809.0,0.1,26945,13.8,106,3
US,L,31248,US-L-DE-NYC-8,41,692018.3,421322.2,0.6,48470,14.3,65,1
US,L,31302,US-L-DE-STM-6,37,1079714.7,739230.7,0.5,37753,28.6,21,0
US,L,31328,US-L-DE-CHI-1,43,383725.4,335151.8,0.1,58611,6.5,57,1
US,L,31342,US-L-DE-CHI-1,41,871766.1,729719.7,0.2,44099,19.8,100,2
US,L,31817,US-L-DE-NYC-6,34,345476.5,312294.7,0.1,53879,6.4,69,2
US,L,32099,US-L-DE-NYC-8,34,155496.0,128480.1,0.2,29550,5.3,43,1
US,L,32175,US-L-DE-NYC-1,41,280111.6,202451.1,0.4,38475,7.3,3,0
US,L,32413,US-L-SA-STM-Franchise-1,2,306757.8,273412.0,0.1,138852,2.2,0,0
US,L,32448,US-L-DE-STM-5,38,381869.0,285140.7,0.3,39902,9.6,79,2
US,L,32553,US-L-DE-STM-4,35,453424.4,351685.6,0.3,50072,9.1,81,2
US,L,32640,US-L-DE-STM-3,37,346695.4,327028.3,0.1,41102,8.4,78,2
US,L,32814,US-L-DE-STM-3,35,451512.1,372971.4,0.2,89391,5.1,93,2
US,L,32877,US-L-DE-STM-7,38,523548.0,426099.8,0.2,43192,12.1,40,1
US,L,32880,US-L-DE-STM-7,36,391738.5,315843.0,0.2,27970,14.0,116,3
US,L,32887,US-L-DE-STM-1,39,466604.7,413501.1,0.1,31724,14.7,147,3
US,L,33325,US-L-DE-ATX-3,41,676117.9,420640.6,0.6,30250,22.4,15,0
US,L,33352,US-L-DE-STM-2,41,758792.4,534518.5,0.4,33635,22.6,26,0
US,L,33446,US-L-DE-NYC-2,38,271093.9,312860.7,-0.1,49077,5.5,55,1
US,L,33937,US-L-DE-NYC-2,39,352411.1,260165.5,0.4,45839,7.7,30,0
US,L,34182,US-L-DE-NYC-6,37,373030.6,345885.6,0.1,44460,8.4,46,1
US,L,34268,US-L-DE-STM-3,34,603997.1,515745.7,0.2,44509,13.6,43,1
US,L,34430,US-L-DE-NYC-2,36,511237.4,421638.8,0.2,37439,13.7,83,2
US,L,34457,US-L-DE-STM-4,36,475838.3,392906.1,0.2,29314,16.2,84,2
US,L,34462,US-L-DE-NYC-2,35,621018.7,465575.2,0.3,58834,10.6,81,2
US,L,34499,US-L-SA-STM-Franchise-1,7,427577.9,371916.9,0.1,102509,4.2,78,11
US,L,34511,US-L-DE-STM-3,36,588653.7,356033.2,0.7,44083,13.4,82,2
US,L,34856,US-L-DE-STM-6,39,370282.5,377802.3,0.0,43507,8.5,98,2
US,L,34883,US-L-SA-STM-1,56,383750.0,411722.2,-0.1,41070,9.3,118,2
US,L,35203,US-L-DE-STM-2,36,383600.5,336928.5,0.1,53760,7.1,79,2
US,L,35552,US-L-DE-ATX-3,38,773438.6,816143.4,-0.1,42533,18.2,66,1
US,L,36042,US-L-DE-NYC-6,35,1077846.7,1056564.7,0.0,60116,17.9,96,2
US,L,36238,US-L-DE-STM-2,39,762680.7,688262.5,0.1,105681,7.2,0,0
US,L,38264,US-L-DE-CHI-1,43,332770.2,293772.2,0.1,55113,6.0,59,1
US,L,38392,US-L-DE-CHI-1,41,994750.0,931093.7,0.1,45947,21.6,19,0
US,L,39086,US-L-DE-NYC-7,37,399098.1,338670.9,0.2,37402,10.7,47,1
US,L,39135,US-L-DE-NYC-7,35,631614.0,380979.5,0.7,47648,13.3,48,1
US,L,39350,US-L-DE-ATX-2,38,774242.1,551409.3,0.4,32060,24.1,83,2
US,L,39395,US-L-DE-ATX-4,40,394371.5,396473.3,0.0,35820,11.0,90,2
US,L,39529,US-L-DE-ATX-3,40,517344.3,546594.7,-0.1,39856,13.0,95,2
US,L,39566,US-L-DE-ATX-4,45,397599.1,263264.7,0.5,37066,10.7,81,1
US,L,39586,US-L-DE-ATX-4,43,562945.1,477149.1,0.2,35301,15.9,88,2
US,L,39735,US-L-SA-NYC-2,57,286718.3,221760.5,0.3,74630,3.8,126,2
US,L,39736,US-L-SA-NYC-1,59,686761.9,465463.7,0.5,230920,3.0,116,1
US,L,40048,US-L-DE-STM-7,37,434323.7,314756.8,0.4,30274,14.3,99,2
US,L,40171,US-L-SA-STM-Franchise-1,6,714383.1,698986.2,0.0,36293,19.7,117,19
US,L,40172,US-L-SA-NYC-1,58,318287.2,244846.3,0.3,44543,7.1,133,2
US,L,40196,US-L-DE-NYC-4,34,607813.6,582587.7,0.0,31805,19.1,59,1
US,L,40245,US-L-DE-STM-4,34,607297.8,439121.9,0.4,39367,15.4,75,2
US,L,40246,US-L-DE-ATX-1,41,655411.3,685473.7,0.0,34095,19.2,47,1
US,L,40459,US-L-SA-NYC-1,59,378816.3,374300.9,0.0,74311,5.1,149,2
US,L,40636,US-L-SA-NYC-1,57,402318.7,313076.2,0.3,91347,4.4,168,2
US,L,40646,US-L-DE-STM-4,39,736042.7,710221.8,0.0,40981,18.0,84,2
US,L,40758,US-L-DE-STM-3,40,288728.0,216675.1,0.3,73223,3.9,96,2
US,L,40759,US-L-DE-CHI-1,42,533675.6,416231.2,0.3,47894,11.1,105,2
US,L,40822,US-L-DE-STM-7,36,613097.1,446852.7,0.4,30575,20.1,84,2
US,L,40829,US-L-DE-NYC-8,36,394367.0,269110.5,0.5,41030,9.6,41,1
US,L,40833,US-L-DE-ATX-2,40,976722.1,635704.7,0.5,36621,26.7,61,1
US,L,40860,US-L-DE-NYC-1,38,296093.3,144243.1,1.0,43412,6.8,89,2
US,L,40880,US-L-DE-STM-1,37,601748.6,332304.2,0.8,60439,10.0,88,2
US,L,41010,US-L-SA-NYC-2,58,339436.7,266103.3,0.3,126305,2.7,112,1
US,L,41048,US-L-DE-NYC-1,38,259339.5,167693.4,0.5,43874,5.9,3,0
US,L,41084,US-L-DE-STM-7,57,811239.4,626399.1,0.3,41864,19.4,0,0
US,L,41452,US-L-DE-ATX-4,40,535345.4,487248.6,0.1,43449,12.3,63,1
US,L,41489,US-L-SA-NYC-2,56,401868.2,330009.8,0.2,53816,7.5,136,2
US,L,41618,US-L-DE-STM-1,37,460868.1,429851.5,0.1,28427,16.2,86,2
US,L,41678,US-L-DE-NYC-3,35,347310.8,309971.4,0.1,50460,6.9,121,3
US,L,41789,US-L-DE-NYC-1,40,538315.2,424367.6,0.3,46031,11.7,103,2
US,L,41805,US-L-SA-NYC-2,57,1003373.4,897982.7,0.1,48756,20.6,106,1
US,L,41837,US-L-DE-NYC-8,37,445644.2,323859.5,0.4,36143,12.3,76,2
US,L,41838,US-L-DE-NYC-3,36,426597.0,269511.1,0.6,67203,6.3,81,2
US,L,41841,US-L-DE-STM-2,49,197837.5,140731.5,0.4,50505,3.9,25,0
US,L,42448,US-L-DE-ATX-5,40,446031.0,507577.1,-0.1,21132,21.1,94,2
US,L,42449,US-L-DE-STM-3,36,258752.5,199657.7,0.3,51321,5.0,119,3
US,L,42486,US-L-DE-NYC-1,38,294310.9,245127.7,0.2,25075,11.7,84,2
US,L,42730,US-L-DE-ATX-2,47,636074.1,594964.8,0.1,42062,15.1,39,0
US,L,42751,US-L-DE-NYC-3,36,487692.5,511899.8,0.0,44619,10.9,91,2
US,L,42752,US-L-DE-ATX-5,41,321362.6,292272.4,0.1,50814,6.3,39,0
US,L,42760,US-L-DE-NYC-6,35,535749.1,414844.7,0.3,36651,14.6,4,0
US,L,42770,US-L-DE-ATX-1,41,187166.4,138249.1,0.4,57204,3.3,70,1
US,L,42791,US-L-DE-NYC-3,35,338004.7,424275.2,-0.2,41013,8.2,77,2
US,L,42921,US-L-DE-STM-5,35,352027.6,233528.8,0.5,34139,10.3,3,0
US,L,42924,US-L-DE-NYC-7,38,470478.0,586522.8,-0.2,49571,9.5,32,0
US,L,42988,US-L-DE-NYC-3,40,567352.2,322068.0,0.8,40669,14.0,13,0
US,L,43533,US-L-DE-STM-2,40,368018.1,320141.6,0.1,37790,9.7,60,1
US,L,43721,US-L-DE-ATX-2,41,677624.2,460105.3,0.5,44827,15.1,32,0
US,L,43735,US-L-DE-NYC-4,35,603187.4,466949.4,0.3,44487,13.6,77,2
US,L,43933,US-L-SA-STM-1,57,317559.6,348127.0,-0.1,50913,6.2,119,2
US,L,43967,US-L-DE-NYC-2,35,400478.0,305942.8,0.3,28863,13.9,108,3
US,L,44086,US-L-SA-STM-1,62,464186.5,373331.8,0.2,131992,3.5,140,2
US,L,44300,US-L-DE-NYC-5,37,408294.4,347694.6,0.2,26434,15.4,32,0
US,L,44390,US-L-SA-NYC-2,57,332748.7,303180.3,0.1,40284,8.3,70,1
US,L,45024,US-L-DE-CHI-1,43,613803.0,496577.2,0.2,56454,10.9,59,1
US,L,45225,US-L-DE-NYC-7,33,559300.1,368383.9,0.5,31023,18.0,14,0
US,L,45319,US-L-SA-NYC-2,58,250035.6,228231.1,0.1,62444,4.0,45,0
US,L,45409,US-L-DE-CHI-1,43,261423.8,192956.4,0.4,45048,5.8,7,0
US,L,45470,US-L-DE-ATX-1,40,805508.7,522403.3,0.5,59676,13.5,10,0
US,L,45929,US-L-DE-CHI-1,44,531531.9,560962.1,-0.1,43271,12.3,1,0
US,L,46490,US-L-DE-NYC-1,38,245703.2,182330.9,0.3,35295,7.0,5,0
US,L,46514,US-L-DE-ATX-5,40,741076.2,606157.0,0.2,42737,17.3,15,0
US,L,46612,US-L-DE-ATX-1,42,554407.5,419445.7,0.3,70695,7.8,3,0
US,L,46613,US-L-DE-NYC-5,39,661027.4,488962.4,0.4,56452,11.7,4,0
US,L,46872,US-L-DE-ATX-3,40,698019.5,588860.3,0.2,51097,13.7,0,0
US,M,2275,US-M-DE-NYC-7,94,449344.9,351837.1,0.3,10817,41.5,3,0
US,M,2722,US-M-DE-NYC-6,97,283034.3,259196.6,0.1,9757,29.0,6,0
US,M,3061,US-M-DE-NYC-5,96,440327.3,359963.9,0.2,9807,44.9,9,0
US,M,3433,US-M-DE-ATX-5,94,470538.4,396470.1,0.2,9589,49.1,0,0
US,M,3549,US-M-DE-STM-4,92,629207.0,534458.2,0.2,11832,53.2,133,1
US,M,3723,US-M-DE-STM-4,128,666108.6,544091.5,0.2,12739,52.3,37,0
US,M,4780,US-M-DE-STM-6,94,502819.4,515984.1,0.0,11248,44.7,1,0
US,M,5235,US-M-DE-NYC-6,99,280307.3,239781.5,0.2,12860,21.8,147,1
US,M,5542,US-M-DE-STM-2,97,384999.1,319047.1,0.2,11770,32.7,139,1
US,M,5648,US-M-DE-ATX-3,7,5538.4,13800.1,-0.5,444,12.5,8,1
US,M,6009,US-M-DE-ATX-4,290,1952360.8,1769836.2,0.1,35386,55.2,5,0
US,M,6589,US-M-DE-STM-5,94,780575.6,609638.2,0.3,12819,60.9,164,1
US,M,6739,US-M-DE-ATX-6,95,728473.6,616230.1,0.2,8935,81.5,153,1
US,M,6801,US-M-DE-NYC-9,114,81840.4,432387.6,-0.5,8271,9.9,10,0
US,M,6996,US-M-DE-NYC-1,96,647790.7,535749.1,0.2,8663,74.8,1,0
US,M,6997,US-M-DE-NYC-2,94,425677.9,356827.4,0.2,13096,32.5,142,1
US,M,7000,US-M-DE-STM-1,97,677729.7,494514.6,0.4,17652,38.4,111,1
US,M,7395,US-M-DE-STM-7,96,503082.7,452041.3,0.1,11035,45.6,128,1
US,M,8101,US-M-DE-SDL-2,96,501931.2,424398.1,0.2,11956,42.0,107,1
US,M,8186,US-M-DE-NYC-2,95,461119.2,331310.6,0.4,13027,35.4,7,0
US,M,8597,US-M-DE-STM-6,91,503996.6,371427.5,0.4,9382,53.7,142,1
US,M,8809,US-M-DE-ATX-3,97,500194.3,401274.9,0.2,15125,33.1,149,1
US,M,8947,US-M-DE-STM-4,93,666885.0,559440.9,0.2,8772,76.0,135,1
US,M,9078,US-M-SA-NYC-1,136,531136.9,411099.1,0.3,26457,20.1,4,0
US,M,9081,US-M-DE-NYC-9,96,408091.1,390771.7,0.0,15263,26.7,76,0
US,M,9088,US-M-DE-ATX-2,95,627824.8,489115.0,0.3,13556,46.3,177,1
US,M,9090,US-M-DE-ATX-6,94,700129.2,624289.9,0.1,14623,47.9,70,0
US,M,9393,US-M-DE-STM-1,98,429419.8,445174.9,0.0,15889,27.0,134,1
US,M,9508,US-M-DE-STM-6,94,625223.3,563035.5,0.1,10643,58.7,153,1
US,M,9522,US-M-DE-NYC-2,98,597045.8,540224.8,0.1,16002,37.3,127,1
US,M,9663,US-M-DE-STM-2,93,585878.8,577802.3,0.0,11039,53.1,123,1
US,M,9697,US-M-DE-ATX-2,124,782478.7,746128.7,0.0,17201,45.5,6,0
US,M,9976,US-M-DE-NYC-4,94,446046.1,364490.7,0.2,9811,45.5,106,1
US,M,10073,US-M-DE-STM-7,93,760268.7,587465.7,0.3,12327,61.7,103,1
US,M,10673,US-M-DE-STM-9,95,643198.6,533093.3,0.2,13046,49.3,79,0
US,M,11027,US-M-DE-STM-6,95,572006.9,436987.5,0.3,12127,47.2,138,1
US,M,11417,US-M-DE-STM-8,93,530683.2,412912.1,0.3,15628,34.0,75,0
US,M,11487,US-M-DE-NYC-6,93,258467.9,189747.2,0.4,10655,24.3,80,0
US,M,12076,US-M-DE-SDL-1,92,553658.4,507958.2,0.1,9713,57.0,47,0
US,M,12307,US-M-DE-STM-5,97,540708.6,480746.0,0.1,11758,46.0,167,1
US,M,12956,US-M-DE-ATX-6,93,592755.6,492823.9,0.2,12331,48.1,100,1
US,M,13252,US-M-DE-STM-9,95,533946.2,468869.9,0.1,12239,43.6,164,1
US,M,13552,US-M-DE-ATX-5,92,678870.6,555584.6,0.2,9274,73.2,173,1
US,M,13743,US-M-DE-STM-5,97,541579.8,393526.1,0.4,11602,46.7,145,1
US,M,13745,US-M-DE-STM-1,95,774878.4,724519.7,0.1,11220,69.1,113,1
US,M,13797,US-M-DE-ATX-5,92,648516.3,504911.0,0.3,9063,71.6,156,1
US,M,13827,US-M-DE-ATX-3,93,588004.6,504868.5,0.2,8645,68.0,100,1
US,M,14898,US-M-DE-STM-8,95,545995.3,439545.2,0.2,11263,48.5,152,1
US,M,14934,US-M-DE-SDL-1,95,589285.1,507362.9,0.2,16028,36.8,17,0
US,M,15214,US-M-DE-NYC-7,94,441417.7,441971.4,0.0,11999,36.8,92,0
US,M,15233,US-M-DE-STM-5,97,733576.7,599026.8,0.2,11729,62.5,23,0
US,M,15708,US-M-DE-SDL-3,95,642027.2,530397.2,0.2,12863,49.9,88,0
US,M,16296,US-M-DE-STM-1,97,458042.0,396247.8,0.2,9179,49.9,152,1
US,M,16302,US-M-DE-NYC-1,94,501992.7,432534.6,0.2,9565,52.5,0,0
US,M,16315,US-M-DE-STM-1,95,508866.1,495341.6,0.0,11697,43.5,140,1
US,M,17282,US-M-DE-STM-7,95,587935.4,488950.5,0.2,10865,54.1,129,1
US,M,17521,US-M-DE-NYC-9,95,445233.3,330184.2,0.3,12355,36.0,131,1
US,M,17525,US-M-DE-NYC-1,96,471379.6,422616.3,0.1,13899,33.9,150,1
US,M,17526,US-M-DE-NYC-1,97,499147.8,428336.1,0.2,11388,43.8,147,1
US,M,17649,US-M-DE-STM-9,94,99685.1,457592.0,-0.5,8266,12.1,135,1
US,M,18250,US-M-DE-NYC-1,96,618247.9,567241.1,0.1,9486,65.2,187,1
US,M,18251,US-M-DE-NYC-8,190,958990.1,827301.1,0.2,39532,24.3,0,0
US,M,18409,US-M-DE-SDL-2,95,622976.0,516599.4,0.2,13282,46.9,88,0
US,M,18761,US-M-DE-STM-2,92,571045.5,511047.6,0.1,10461,54.6,100,1
US,M,18923,US-M-DE-ATX-4,94,623110.7,480331.7,0.3,14649,42.5,127,1
US,M,19175,US-M-DE-NYC-4,94,445426.7,432306.6,0.0,9238,48.2,131,1
US,M,19342,US-M-DE-STM-4,97,478568.5,395309.3,0.2,55663,8.6,182,1
US,M,19541,US-M-DE-ATX-2,96,409205.6,353411.1,0.2,12886,31.8,94,0
US,M,19569,US-M-DE-NYC-5,97,876108.7,668616.1,0.3,11862,73.9,155,1
US,M,19669,US-M-DE-ATX-5,90,619351.2,450308.5,0.4,13639,45.4,138,1
US,M,20175,US-M-DE-SDL-1,95,550940.6,480098.3,0.1,9048,60.9,162,1
US,M,20269,US-M-DE-SDL-1,96,596996.1,581116.1,0.0,12382,48.2,108,1
US,M,20332,US-M-DE-NYC-3,93,500028.7,403253.7,0.2,10975,45.6,116,1
US,M,21144,US-M-DE-SDL-3,94,542078.7,550942.6,0.0,13544,40.0,70,0
US,M,21237,US-M-DE-STM-6,91,605170.3,582152.2,0.0,11955,50.6,134,1
US,M,21258,US-M-DE-NYC-9,96,378398.6,382978.1,0.0,12358,30.6,150,1
US,M,21419,US-M-DE-ATX-1,95,534457.8,462023.2,0.2,9631,55.5,3,0
US,M,23202,US-M-DE-ATX-3,96,519096.6,327445.5,0.6,12691,40.9,164,1
US,M,23226,US-M-DE-STM-7,95,474677.9,398036.9,0.2,10509,45.2,135,1
US,M,23227,US-M-DE-STM-6,93,487832.2,523172.3,-0.1,12127,40.2,150,1
US,M,23230,US-M-DE-NYC-9,99,495452.3,485464.4,0.0,12082,41.0,86,0
US,M,23241,US-M-DE-STM-9,92,800094.5,597656.2,0.3,9846,81.3,141,1
US,M,23244,US-M-DE-STM-7,95,747065.0,547784.4,0.4,11555,64.7,175,1
US,M,23646,US-M-DE-ATX-2,96,749446.1,533726.3,0.4,9583,78.2,144,1
US,M,23767,US-M-DE-ATX-1,92,675437.2,546540.4,0.2,14838,45.5,130,1
US,M,23770,US-M-DE-NYC-5,96,608983.2,460345.8,0.3,13225,46.0,141,1
US,M,24335,US-M-DE-STM-8,93,289651.8,253161.8,0.1,10213,28.4,162,1
US,M,24462,US-M-DE-NYC-8,93,449093.0,421407.5,0.1,13332,33.7,106,1
US,M,24588,US-M-DE-STM-2,92,477064.9,482789.2,0.0,14848,32.1,134,1
US,M,24635,US-M-DE-NYC-4,94,555169.7,486022.3,0.1,9415,59.0,124,1
US,M,24636,US-M-DE-NYC-7,94,403995.8,366838.5,0.1,12494,32.3,106,1
US,M,24953,US-M-DE-STM-7,94,561235.5,389223.2,0.4,10504,53.4,140,1
US,M,25487,US-M-DE-NYC-7,93,430803.1,363385.9,0.2,16079,26.8,107,1
US,M,25488,US-M-DE-NYC-9,94,556132.0,443894.3,0.3,11472,48.5,117,1
US,M,26062,US-M-DE-SDL-1,93,444704.5,419608.6,0.1,10964,40.6,121,1
US,M,26126,US-M-DE-STM-4,95,516881.3,487585.1,0.1,8986,57.5,157,1
US,M,27004,US-M-DE-SDL-2,96,479647.0,422541.8,0.1,12322,38.9,15,0
US,M,27685,US-M-DE-NYC-3,94,499741.1,383220.1,0.3,11992,41.7,160,1
US,M,27690,US-M-DE-NYC-2,93,657968.9,547529.0,0.2,10699,61.5,98,1
US,M,27904,US-M-SA-STM-1,138,538690.6,496831.8,0.1,29375,18.3,206,1
US,M,27917,US-M-SA-STM-1,139,301119.6,290250.2,0.0,21724,13.9,95,0
US,M,28088,US-M-DE-SDL-3,95,486074.0,436258.5,0.1,13210,36.8,104,1
US,M,28370,US-M-DE-STM-2,94,515644.8,467975.7,0.1,9557,54.0,154,1
US,M,28945,US-M-DE-SDL-1,95,595837.1,450832.7,0.3,12925,46.1,101,1
US,M,29587,US-M-DE-STM-6,97,570076.7,464668.4,0.2,12174,46.8,129,1
US,M,29640,US-M-DE-SDL-2,98,509388.1,481526.8,0.1,12063,42.2,80,0
US,M,29676,US-M-DE-NYC-5,96,437256.6,396745.1,0.1,12973,33.7,123,1
US,M,29693,US-M-DE-NYC-1,98,452674.9,360609.0,0.3,11635,38.9,131,1
US,M,29907,US-M-DE-ATX-4,95,490783.2,406482.1,0.2,15148,32.4,119,1
US,M,29932,US-M-DE-STM-8,93,493157.0,274593.8,0.8,9852,50.1,89,0
US,M,29934,US-M-DE-STM-9,96,702237.4,669881.8,0.0,16596,42.3,154,1
US,M,30206,US-M-DE-STM-4,95,424113.6,419219.3,0.0,11087,38.3,164,1
US,M,30246,US-M-DE-NYC-3,98,617553.1,463891.8,0.3,10584,58.3,140,1
US,M,30250,US-M-DE-STM-8,96,647361.2,560706.9,0.2,11814,54.8,124,1
US,M,30436,US-M-DE-STM-5,95,472392.0,451587.6,0.0,14882,31.7,136,1
US,M,30465,US-M-DE-SDL-3,95,810438.2,708532.5,0.1,12789,63.4,96,1
US,M,30802,US-M-DE-STM-2,96,671690.8,550381.7,0.2,10607,63.3,173,1
US,M,30827,US-M-DE-ATX-3,93,579589.4,451430.2,0.3,9054,64.0,145,1
US,M,31101,US-M-DE-NYC-5,95,613166.5,491200.5,0.2,11318,54.2,152,1
US,M,31330,US-M-DE-NYC-4,96,326651.3,243977.5,0.3,10277,31.8,114,1
US,M,31345,US-M-DE-ATX-2,96,591520.3,498156.4,0.2,9403,62.9,148,1
US,M,31736,US-M-DE-ATX-3,95,416519.4,385904.8,0.1,15941,26.1,141,1
US,M,31747,US-M-DE-SDL-1,94,370816.0,393837.6,-0.1,28740,12.9,76,0
US,M,31825,US-M-DE-SDL-2,96,415044.5,373096.6,0.1,14898,27.9,105,1
US,M,31833,US-M-DE-STM-7,94,540981.5,449608.9,0.2,9972,54.3,110,1
US,M,31947,US-M-DE-ATX-4,94,479649.5,437578.2,0.1,9634,49.8,141,1
US,M,31948,US-M-DE-NYC-1,97,353725.7,302139.5,0.2,9423,37.5,115,1
US,M,32143,US-M-DE-STM-5,94,564005.4,583741.5,0.0,10332,54.6,196,2
US,M,32163,US-M-DE-SDL-1,94,656601.8,608344.8,0.1,10396,63.2,83,0
US,M,32196,US-M-DE-SDL-2,95,102810.0,356605.0,-0.5,8359,12.3,86,0
US,M,32465,US-M-DE-STM-5,91,517562.0,359010.5,0.4,19054,27.2,137,1
US,M,32627,US-M-DE-STM-9,93,448833.0,337358.7,0.3,10384,43.2,136,1
US,M,32797,US-M-DE-ATX-1,97,820429.9,698857.9,0.2,13950,58.8,134,1
US,M,32829,US-M-DE-NYC-4,95,543513.3,457017.2,0.2,20612,26.4,116,1
US,M,32869,US-M-DE-NYC-3,96,318037.2,241271.9,0.3,12572,25.3,129,1
US,M,32881,US-M-DE-STM-4,96,666486.6,584332.0,0.1,12598,52.9,147,1
US,M,32882,US-M-DE-STM-1,94,576619.8,527840.2,0.1,11446,50.4,154,1
US,M,33317,US-M-DE-NYC-6,92,238367.9,183762.8,0.3,9972,23.9,93,1
US,M,33353,US-M-DE-STM-8,95,544434.6,477801.3,0.1,13918,39.1,123,1
US,M,33376,US-M-DE-ATX-1,95,660159.6,565259.0,0.2,10859,60.8,101,1
US,M,33438,US-M-DE-NYC-5,95,529500.8,392213.3,0.4,15203,34.8,146,1
US,M,33441,US-M-DE-ATX-6,95,616662.5,466303.1,0.3,10293,59.9,140,1
US,M,33447,US-M-DE-NYC-8,96,475896.8,349314.0,0.4,12080,39.4,127,1
US,M,33448,US-M-DE-NYC-7,95,414394.7,362157.5,0.1,14836,27.9,145,1
US,M,33595,US-M-DE-NYC-6,94,336329.5,256861.2,0.3,11506,29.2,162,1
US,M,33606,US-M-DE-STM-1,99,584413.1,520818.7,0.1,13559,43.1,122,1
US,M,33667,US-M-DE-NYC-6,97,307695.7,295924.2,0.0,15325,20.1,130,1
US,M,33672,US-M-DE-STM-1,98,552948.0,396893.6,0.4,11845,46.7,146,1
US,M,33673,US-M-DE-STM-2,97,469462.9,387422.1,0.2,11143,42.1,123,1
US,M,33694,US-M-DE-NYC-5,96,557297.6,486799.6,0.1,15495,36.0,142,1
US,M,33715,US-M-DE-ATX-1,97,714988.8,594405.2,0.2,11506,62.1,164,1
US,M,33718,US-M-DE-NYC-3,96,510345.2,422794.0,0.2,9455,54.0,145,1
US,M,33722,US-M-DE-SDL-2,43,27798.1,124155.0,-0.5,7789,3.6,3,0
US,M,33749,US-M-DE-ATX-3,95,519080.0,443295.2,0.2,9885,52.5,109,1
US,M,33779,US-M-DE-ATX-3,95,444579.3,412022.6,0.1,12384,35.9,71,0
US,M,33985,US-M-DE-ATX-6,96,671418.4,584608.1,0.1,12098,55.5,135,1
US,M,34174,US-M-DE-ATX-5,93,711045.6,531836.2,0.3,9985,71.2,115,1
US,M,34177,US-M-DE-STM-5,94,682800.8,598897.6,0.1,9435,72.4,190,2
US,M,34432,US-M-DE-STM-7,96,498500.2,515443.7,0.0,12698,39.3,169,1
US,M,34433,US-M-DE-NYC-4,97,412962.9,447841.3,-0.1,15448,26.7,82,0
US,M,34490,US-M-DE-NYC-7,95,394681.5,322886.0,0.2,15148,26.1,125,1
US,M,34519,US-M-DE-NYC-9,94,454152.6,398744.9,0.1,10959,41.4,99,1
US,M,34620,US-M-DE-NYC-9,95,1081938.2,715124.8,0.5,10332,104.7,135,1
US,M,34829,US-M-DE-NYC-5,92,680990.6,518453.0,0.3,14434,47.2,156,1
US,M,34896,US-M-DE-NYC-2,94,461789.9,357638.2,0.3,19915,23.2,100,1
US,M,34906,US-M-DE-STM-6,94,602672.0,573122.8,0.1,16201,37.2,136,1
US,M,35134,US-M-DE-NYC-4,97,390654.1,339027.9,0.2,11266,34.7,127,1
US,M,35413,US-M-DE-ATX-4,95,602494.8,526762.7,0.1,9858,61.1,130,1
US,M,35541,US-M-DE-ATX-6,94,637872.8,551428.8,0.2,9555,66.8,133,1
US,M,35764,US-M-DE-ATX-1,94,587694.3,522303.1,0.1,11989,49.0,137,1
US,M,35861,US-M-DE-ATX-1,92,736146.1,526928.1,0.4,11909,61.8,64,0
US,M,35920,US-M-DE-STM-2,93,590853.3,530476.0,0.1,9091,65.0,118,1
US,M,36031,US-M-DE-SDL-2,96,367574.2,286891.7,0.3,12108,30.4,131,1
US,M,36323,US-M-SA-STM-1,139,478617.8,363376.8,0.3,65222,7.3,142,1
US,M,38557,US-M-DE-ATX-6,96,637999.1,572325.3,0.1,10612,60.1,134,1
US,M,38741,US-M-DE-SDL-3,94,378701.5,315761.3,0.2,13385,28.3,100,1
US,M,38750,US-M-DE-SDL-3,93,599898.7,544145.9,0.1,14741,40.7,154,1
US,M,39018,US-M-SA-STM-1,138,523768.7,490822.6,0.1,23858,22.0,194,1
US,M,39026,US-M-DE-STM-1,97,470215.0,382108.9,0.2,12823,36.7,135,1
US,M,39587,US-M-SA-NYC-1,137,611976.9,483956.0,0.3,28133,21.8,177,1
US,M,39656,US-M-SA-NYC-1,136,530216.4,425876.0,0.2,33636,15.8,197,1
US,M,40055,US-M-DE-ATX-4,94,596555.9,420846.9,0.4,13782,43.3,121,1
US,M,40185,US-M-SA-NYC-1,135,588327.2,621359.2,-0.1,89908,6.5,120,0
US,M,40244,US-M-DE-NYC-8,94,527299.9,477797.8,0.1,17132,30.8,83,0
US,M,40817,US-M-DE-NYC-8,95,443383.7,324621.5,0.4,10241,43.3,96,1
US,M,40949,US-M-SA-NYC-1,133,392133.3,356522.5,0.1,42408,9.2,117,0
US,M,40950,US-M-DE-NYC-2,95,544025.2,486042.8,0.1,10010,54.3,144,1
US,M,41049,US-M-DE-ATX-2,94,635944.4,565503.7,0.1,17363,36.6,147,1
US,M,41086,US-M-DE-NYC-3,94,633050.4,517209.8,0.2,8686,72.9,92,0
US,M,41410,US-M-DE-ATX-5,95,486759.0,409863.5,0.2,9050,53.8,116,1
US,M,41599,US-M-DE-NYC-1,95,460494.0,375100.7,0.2,12182,37.8,155,1
US,M,41601,US-M-DE-NYC-7,94,429872.5,327876.1,0.3,11230,38.3,156,1
US,M,41683,US-M-DE-SDL-3,97,405698.9,414410.8,0.0,11627,34.9,152,1
US,M,41720,US-M-DE-NYC-8,94,516584.3,415620.0,0.2,9480,54.5,89,0
US,M,41803,US-M-DE-NYC-2,97,426741.1,297875.6,0.4,24863,17.2,164,1
US,M,42592,US-M-SA-NYC-1,133,414935.2,349373.8,0.2,26907,15.4,137,1
US,M,42638,US-M-DE-ATX-5,93,478202.2,464331.1,0.0,10301,46.4,144,1
US,M,42784,US-M-DE-STM-9,91,560132.6,461478.8,0.2,9094,61.6,102,1
US,M,42819,US-M-DE-ATX-1,95,467713.9,425518.5,0.1,9532,49.1,86,0
US,M,42947,US-M-DE-NYC-6,94,272628.2,223252.4,0.2,14560,18.7,86,0
US,M,43063,US-M-DE-SDL-3,95,439673.5,416277.4,0.1,12001,36.6,203,2
US,M,43193,US-M-DE-LOA-1,96,598391.3,547660.6,0.1,12143,49.3,70,0
US,M,43246,US-M-DE-LOA-1,153,912042.8,1030218.4,-0.1,15389,59.3,7,0
US,M,43655,US-M-SA-NYC-1,137,599396.2,463324.6,0.3,28398,21.1,131,0
US,M,43934,US-M-DE-NYC-6,94,356711.9,287854.4,0.2,13331,26.8,65,0
US,M,43975,US-M-DE-SDL-2,95,309195.7,211885.9,0.5,16540,18.7,399,4
US,M,44140,US-M-DE-ATX-5,91,646312.2,538061.7,0.2,8039,80.4,107,1
US,M,44144,US-M-DE-ATX-6,93,657699.9,659036.4,0.0,10632,61.9,139,1
US,M,44161,US-M-DE-NYC-8,95,447088.8,334610.2,0.3,11151,40.1,100,1
US,M,44384,US-M-DE-NYC-3,95,570911.4,541381.5,0.1,12824,44.5,164,1
US,M,44385,US-M-DE-NYC-7,94,405984.8,362996.4,0.1,9689,41.9,114,1
US,M,44451,US-M-DE-STM-8,93,554041.1,503714.3,0.1,10719,51.7,90,0
US,M,44452,US-M-DE-NYC-2,94,583999.9,472272.1,0.2,12764,45.8,123,1
US,M,44676,US-M-DE-NYC-6,95,347645.1,353521.2,0.0,10193,34.1,64,0
US,M,44725,US-M-DE-STM-8,96,370179.6,352949.2,0.0,12780,29.0,125,1
US,M,44729,US-M-DE-NYC-2,99,380551.2,259095.0,0.5,11463,33.2,118,1
US,M,44947,US-M-DE-NYC-3,96,584894.1,568028.8,0.0,10418,56.1,104,1
US,M,44998,US-M-DE-ATX-3,91,692918.4,523690.9,0.3,9609,72.1,108,1
US,M,45074,US-M-DE-NYC-4,97,421763.2,356404.3,0.2,16294,25.9,158,1
US,M,45241,US-M-DE-NYC-4,94,567168.3,512481.7,0.1,10111,56.1,137,1
US,M,45339,US-M-DE-NYC-8,95,369018.2,359594.1,0.0,11871,31.1,36,0
US,M,45379,US-M-SA-STM-1,139,446017.6,404072.9,0.1,26677,16.7,125,0
US,M,45451,US-M-DE-STM-9,96,563213.4,462527.7,0.2,10446,53.9,84,0
US,M,46707,US-M-DE-STM-5,97,625063.7,451118.1,0.4,12731,49.1,0,0
US,M,46816,US-M-DE-NYC-5,97,386409.2,377817.4,0.0,9105,42.4,0,0
US,M,46850,US-M-DE-NYC-9,115,632428.8,547882.5,0.2,14007,45.2,0,0
US,NAM,379,US-NAM-HC-RMT-5,3,57278.9,30803.2,0.9,117033,0.5,0,0
US,NAM,527,US-NAM-HC-RMT-5,5,80370.0,91056.9,-0.1,25183,3.2,0,0
US,NAM,528,US-NAM-PSE-RMT-1,17,228570.7,211674.8,0.1,54206,4.2,0,0
US,NAM,737,US-NAM-SA-RMT-2,7,48735.3,45295.8,0.1,28493,1.7,0,0
US,NAM,795,US-NAM-LTL-RMT-8,3,625567.1,314043.4,1.0,321636,1.9,0,0
US,NAM,842,US-NAM-LTL-RMT-7,5,1125518.6,919502.6,0.2,43367,26.0,0,0
US,NAM,1049,US-NAM-LTL-RMT-2,3,1087090.1,662704.4,0.6,20855,52.1,0,0
US,NAM,1084,US-NAM-HC-RMT-2,5,205425.9,163466.8,0.3,44272,4.6,0,0
US,NAM,1133,US-NAM-HC-RMT-5,18,121440.9,145307.7,-0.2,128363,0.9,0,0
US,NAM,1139,US-NAM-HC-RMT-1,9,95898.5,78494.1,0.2,80084,1.2,0,0
US,NAM,1259,US-NAM-LTL-RMT-5,6,278225.4,194424.1,0.4,30820,9.0,0,0
US,NAM,1277,US-NAM-RHMS-RMT-3,4,567738.5,528563.5,0.1,446879,1.3,0,0
US,NAM,1549,US-NAM-RPO-RMT-1,4,88636.7,82201.5,0.1,165168,0.5,0,0
US,NAM,1647,US-NAM-RHMS-RMT-2,21,161048.8,145977.8,0.1,123033,1.3,3,0
US,NAM,1698,US-NAM-SA-RMT-4,6,38034.3,37970.5,0.0,148054,0.3,0,0
US,NAM,1799,US-NAM-LTL-RMT-8,4,672878.0,553452.0,0.2,49273,13.7,0,0
US,NAM,1909,US-NAM-HC-RMT-2,4,87141.9,42577.2,1.0,111071,0.8,0,0
US,NAM,1992,US-NAM-RHMS-RMT-5,20,127633.4,116301.6,0.1,103495,1.2,4,0
US,NAM,2007,US-NAM-HC-RMT-4,10,50054.4,66109.8,-0.2,113346,0.4,0,0
US,NAM,2154,US-NAM-LTL-RMT-1,1,5374739.1,3298103.1,0.6,30491,176.3,4,4
US,NAM,2168,US-NAM-LTL-RMT-5,8,168482.0,188611.1,-0.1,76535,2.2,13,1
US,NAM,2276,US-NAM-RPO-RMT-1,3,104288.0,98320.4,0.1,32934,3.2,0,0
US,NAM,2515,US-NAM-LTL-RMT-5,5,275532.0,319967.7,-0.1,146608,1.9,0,0
US,NAM,2571,US-NAM-LTL-RMT-4,1,19561.5,15463.4,0.3,4193,4.7,1,1
US,NAM,2718,US-NAM-LTL-RMT-1,3,1130410.6,650229.7,0.7,46597,24.3,0,0
US,NAM,2719,US-NAM-LTL-RMT-6,4,3787386.5,2388174.9,0.6,101466,37.3,0,0
US,NAM,2782,US-NAM-HC-RMT-3,4,56005.2,49963.5,0.1,70858,0.8,0,0
US,NAM,2857,US-NAM-HC-RMT-6,9,102341.2,149444.8,-0.3,60123,1.7,0,0
US,NAM,3158,US-NAM-HC-RMT-3,4,317690.7,337367.6,-0.1,75156,4.2,0,0
US,NAM,3420,US-NAM-HC-RMT-7,5,11582.7,21066.7,-0.5,55443,0.2,0,0
US,NAM,3426,US-NAM-LTL-RMT-5,6,688469.6,583795.7,0.2,77925,8.8,2,0
US,NAM,3485,US-NAM-RHMS-RMT-3,7,430441.7,414658.0,0.0,372296,1.2,0,0
US,NAM,3486,US-NAM-SA-RMT-3,4,268354.7,221772.6,0.2,92207,2.9,0,0
US,NAM,3601,US-NAM-SA-RMT-3,6,40707.3,38166.4,0.1,166143,0.2,0,0
US,NAM,3778,US-NAM-LTL-RMT-8,24,197731.3,152134.7,0.3,100949,2.0,2,0
US,NAM,3821,US-NAM-HC-RMT-5,8,45951.3,64098.3,-0.3,93510,0.5,0,0
US,NAM,3898,US-NAM-LTL-RMT-6,6,510076.7,363682.2,0.4,57436,8.9,0,0
US,NAM,3900,US-NAM-LTL-RMT-1,2,2012639.7,577065.3,1.0,76563,26.3,0,0
US,NAM,3901,US-NAM-RHMS-RMT-2,8,171852.9,88768.6,0.9,218126,0.8,0,0
US,NAM,4076,US-NAM-LTL-RMT-1,1,519141.6,242498.4,1.0,1226,423.4,0,0
US,NAM,4501,US-NAM-LTL-RMT-4,4,986807.3,769232.9,0.3,22114,44.6,0,0
US,NAM,4667,US-NAM-HC-RMT-4,3,1540393.3,1254653.3,0.2,80056,19.2,0,0
US,NAM,4792,US-NAM-LTL-RMT-7,4,426881.1,290065.6,0.5,44775,9.5,0,0
US,NAM,5034,US-NAM-LTL-RMT-8,4,270600.6,182973.9,0.5,44837,6.0,0,0
US,NAM,5136,US-NAM-RHMS-RMT-1,6,245039.8,116753.8,1.0,170441,1.4,0,0
US,NAM,5268,US-NAM-HC-RMT-4,3,604883.9,665286.7,-0.1,36633,16.5,0,0
US,NAM,5416,US-NAM-LTL-RMT-7,26,216499.5,199755.0,0.1,74647,2.9,0,0
US,NAM,5454,US-NAM-RHMS-RMT-1,21,210505.6,218806.2,0.0,122903,1.7,0,0
US,NAM,5465,US-NAM-HC-RMT-7,3,645537.7,460266.3,0.4,84429,7.6,0,0
US,NAM,5466,US-NAM-RHMS-RMT-4,6,181748.1,133346.3,0.4,69363,2.6,0,0
US,NAM,5666,US-NAM-RHMS-RMT-6,8,392978.3,346337.0,0.1,76044,5.2,0,0
US,NAM,6021,US-NAM-SA-RMT-4,9,46567.2,14772.5,1.0,47597,1.0,0,0
US,NAM,6061,US-NAM-LTL-RMT-5,22,112006.1,73612.5,0.5,88824,1.3,0,0
US,NAM,6305,US-NAM-RHMS-RMT-1,4,719831.7,510420.3,0.4,69057,10.4,0,0
US,NAM,6440,US-NAM-PSE-RMT-1,37,223254.2,211328.4,0.1,148501,1.5,1,0
US,NAM,6672,US-NAM-HC-RMT-6,2,789653.6,551805.5,0.4,76147,10.4,0,0
US,NAM,7067,US-NAM-PSE-RMT-ACC-1,258,128339.6,66459.4,0.9,47163,2.7,126,0
US,NAM,7076,US-NAM-SA-RMT-2,6,100688.9,23041.3,1.0,137064,0.7,0,0
US,NAM,7087,US-NAM-PSE-RMT-3,41,186715.2,155648.1,0.2,12081,15.5,21,0
US,NAM,7221,US-NAM-SA-RMT-2,13,157788.8,81244.7,0.9,49568,3.2,7,0
US,NAM,7308,US-NAM-LTL-RMT-2,24,399571.8,272723.0,0.5,127297,3.1,0,0
US,NAM,7309,US-NAM-HC-RMT-3,2,169022.3,154182.7,0.1,89760,1.9,0,0
US,NAM,7316,US-NAM-RHMS-RMT-5,4,699955.9,633036.3,0.1,416193,1.7,0,0
US,NAM,7389,US-NAM-HC-RMT-1,3,41957.1,7982.7,1.0,163432,0.3,0,0
US,NAM,7574,US-NAM-RHMS-RMT-4,4,1166825.5,1422086.4,-0.2,142728,8.2,0,0
US,NAM,7650,US-NAM-SA-RMT-1,2,31727.4,40840.5,-0.2,53199,0.6,0,0
US,NAM,7826,US-NAM-SA-RMT-4,5,62123.5,45290.6,0.4,105868,0.6,0,0
US,NAM,8346,US-NAM-RHMS-RMT-3,23,175683.6,118192.6,0.5,82168,2.1,0,0
US,NAM,8465,US-NAM-HC-RMT-5,3,91695.7,120361.5,-0.2,98707,0.9,0,0
US,NAM,8592,US-NAM-RHMS-RMT-7,6,242772.2,134176.7,0.8,108731,2.2,0,0
US,NAM,8606,US-NAM-HC-RMT-4,10,300277.6,333490.9,-0.1,108512,2.8,0,0
US,NAM,8770,US-NAM-SA-RMT-1,2,330156.8,248743.1,0.3,236295,1.4,0,0
US,NAM,9089,US-NAM-RHMS-RMT-4,9,41048.0,66217.3,-0.4,71630,0.6,0,0
US,NAM,9256,US-NAM-RHMS-RMT-7,10,85574.1,84913.1,0.0,169153,0.5,0,0
US,NAM,9297,US-NAM-PSE-RMT-ACC-1,285,119404.3,89543.0,0.3,62614,1.9,117,0
US,NAM,9662,US-NAM-PSE-RMT-1,29,161981.6,128356.7,0.3,17010,9.5,23,0
US,NAM,9925,US-NAM-LTL-RMT-7,4,41263.5,46868.8,-0.1,70705,0.6,0,0
US,NAM,9926,US-NAM-HC-RMT-4,4,1043849.9,942236.6,0.1,68743,15.2,0,0
US,NAM,9927,US-NAM-SA-RMT-5,6,552497.4,483002.3,0.1,250210,2.2,0,0
US,NAM,10085,US-NAM-RHMS-RMT-6,5,166172.7,98970.8,0.7,81832,2.0,0,0
US,NAM,10311,US-NAM-RHMS-RMT-7,9,222993.6,201938.7,0.1,73930,3.0,0,0
US,NAM,10327,US-NAM-RHMS-RMT-6,8,101860.5,113174.2,-0.1,70978,1.4,0,0
US,NAM,10351,US-NAM-HC-RMT-2,17,89208.6,75742.5,0.2,94093,0.9,0,0
US,NAM,10467,US-NAM-RHMS-RMT-6,22,151441.2,141126.8,0.1,85874,1.8,3,0
US,NAM,10769,US-NAM-LTL-RMT-6,8,463823.5,384522.5,0.2,42390,10.9,0,0
US,NAM,10890,US-NAM-SA-RMT-4,4,14616.5,45431.1,-0.5,45665,0.3,0,0
US,NAM,11762,US-NAM-RHMS-RMT-1,9,220285.7,155394.4,0.4,83200,2.6,0,0
US,NAM,12195,US-NAM-SA-RMT-2,7,177826.1,131994.8,0.3,57601,3.1,0,0
US,NAM,12196,US-NAM-HC-RMT-4,6,120361.8,62861.6,0.9,63233,1.9,0,0
US,NAM,12216,US-NAM-SA-RMT-3,3,325826.3,378709.2,-0.1,144770,2.3,0,0
US,NAM,12637,US-NAM-SA-RMT-1,3,181933.2,57347.5,1.0,79498,2.3,0,0
US,NAM,13212,US-NAM-RHMS-RMT-2,5,171547.8,174194.2,0.0,432371,0.4,0,0
US,NAM,13213,US-NAM-LTL-RMT-3,23,157079.3,122901.3,0.3,70361,2.2,0,0
US,NAM,13476,US-NAM-RPO-RMT-1,3,159000.2,92207.5,0.7,116816,1.4,0,0
US,NAM,13477,US-NAM-SA-RMT-1,2,46356.2,35542.5,0.3,87494,0.5,0,0
US,NAM,13478,US-NAM-SA-RMT-1,2,40128.2,33577.9,0.2,61065,0.7,0,0
US,NAM,14426,US-NAM-HC-RMT-3,3,87650.8,85611.2,0.0,506741,0.2,0,0
US,NAM,14428,US-NAM-RHMS-RMT-1,8,222875.3,96850.3,1.0,97299,2.3,0,0
US,NAM,14541,US-NAM-LTL-RMT-3,7,380731.4,133406.2,1.0,65438,5.8,0,0
US,NAM,14542,US-NAM-LTL-RMT-2,8,546007.1,359858.4,0.5,55142,9.9,0,0
US,NAM,14544,US-NAM-SA-RMT-5,8,211943.8,165844.3,0.3,251343,0.8,0,0
US,NAM,14546,US-NAM-LTL-RMT-4,8,568248.8,464213.8,0.2,81191,7.0,0,0
US,NAM,14548,US-NAM-LTL-RMT-6,8,352211.0,229711.6,0.5,43947,8.0,0,0
US,NAM,15039,US-NAM-SA-RMT-2,7,79630.9,43638.2,0.8,64347,1.2,0,0
US,NAM,15041,US-NAM-HC-RMT-1,4,50843.9,62178.4,-0.2,149751,0.3,0,0
US,NAM,15608,US-NAM-RHMS-RMT-7,19,67806.5,60196.1,0.1,109891,0.6,0,0
US,NAM,15621,US-NAM-SA-RMT-3,3,397601.7,329890.1,0.2,394521,1.0,0,0
US,NAM,15655,US-NAM-HC-RMT-1,6,134808.8,160998.0,-0.2,104896,1.3,0,0
US,NAM,16058,US-NAM-RPO-RMT-1,5,218814.3,201050.7,0.1,175190,1.2,0,0
US,NAM,16303,US-NAM-PSE-RMT-1,31,386605.2,285980.2,0.4,6349,60.9,10,0
US,NAM,16305,US-NAM-HC-RMT-7,20,60107.1,88199.3,-0.3,126684,0.5,0,0
US,NAM,16306,US-NAM-LTL-RMT-7,8,333966.7,213584.0,0.6,45444,7.3,0,0
US,NAM,16307,US-NAM-SA-RMT-4,21,46320.3,22338.2,1.0,71589,0.6,0,0
US,NAM,16382,US-NAM-PSE-RMT-2,40,135846.2,101098.3,0.3,14958,9.1,17,0
US,NAM,16707,US-NAM-LTL-RMT-4,26,213176.8,181131.6,0.2,84344,2.5,0,0
US,NAM,16995,US-NAM-LTL-RMT-3,5,365491.8,212650.9,0.7,30045,12.2,0,0
US,NAM,17283,US-NAM-LTL-RMT-1,4,1589369.5,791350.1,1.0,26470,60.0,0,0
US,NAM,17349,US-NAM-HC-RMT-5,1,38472.8,21761.4,0.8,120552,0.3,0,0
US,NAM,17531,US-NAM-RHMS-RMT-1,9,203838.5,178415.0,0.1,146981,1.4,0,0
US,NAM,17547,US-NAM-HC-RMT-1,17,52752.3,32312.2,0.6,65067,0.8,1,0
US,NAM,17749,US-NAM-HC-RMT-3,9,106774.2,73304.4,0.5,92040,1.2,0,0
US,NAM,17822,US-NAM-LTL-RMT-1,5,2914380.0,1676099.7,0.7,26470,110.1,0,0
US,NAM,18326,US-NAM-PSE-RMT-1,15,1234659.7,3120826.9,-0.5,65291,18.9,0,0
US,NAM,18501,US-NAM-RHMS-RMT-6,19,89509.4,88421.8,0.0,168978,0.5,4,0
US,NAM,18700,US-NAM-HC-RMT-6,7,121353.7,111669.2,0.1,163970,0.7,0,0
US,NAM,18722,US-NAM-PSE-RMT-3,41,157070.6,201276.8,-0.2,14658,10.7,45,1
US,NAM,18784,US-NAM-HC-RMT-1,4,1777017.8,1670015.7,0.1,101548,17.5,0,0
US,NAM,19007,US-NAM-HC-RMT-5,4,126889.9,129731.9,0.0,33522,3.8,0,0
US,NAM,19169,US-NAM-LTL-RMT-4,2,261447.9,174087.8,0.5,328440,0.8,0,0
US,NAM,19174,US-NAM-PSE-RMT-ACC-1,273,135593.4,53558.7,1.0,59041,2.3,122,0
US,NAM,19176,US-NAM-SA-RMT-2,7,57603.5,39286.3,0.5,24697,2.3,0,0
US,NAM,19641,US-NAM-LTL-RMT-6,9,288432.2,227737.3,0.3,91793,3.1,0,0
US,NAM,19656,US-NAM-HC-RMT-2,6,146339.8,135099.1,0.1,81593,1.8,0,0
US,NAM,19834,US-NAM-PSE-RMT-1,12,87835.3,52942.4,0.7,21457,4.1,4,0
US,NAM,19863,US-NAM-LTL-RMT-2,8,65612.8,78376.8,-0.2,35232,1.9,0,0
US,NAM,19890,US-NAM-HC-RMT-3,20,131471.1,80685.0,0.6,89255,1.5,0,0
US,NAM,20308,US-NAM-RHMS-RMT-5,19,157580.8,134881.0,0.2,142033,1.1,2,0
US,NAM,21305,US-NAM-HC-RMT-7,8,240157.5,240466.7,0.0,45829,5.2,0,0
US,NAM,23206,US-NAM-RHMS-RMT-4,9,218782.8,137026.6,0.6,168870,1.3,0,0
US,NAM,23446,US-NAM-RHMS-RMT-3,10,338178.2,256167.4,0.3,57469,5.9,0,0
US,NAM,23715,US-NAM-LTL-RMT-4,8,504320.2,443835.5,0.1,89733,5.6,0,0
US,NAM,23721,US-NAM-HC-RMT-2,7,303568.7,271705.4,0.1,59523,5.1,0,0
US,NAM,23723,US-NAM-SA-RMT-5,7,91184.0,56543.3,0.6,51924,1.8,0,0
US,NAM,23727,US-NAM-LTL-RMT-7,5,273060.2,195102.7,0.4,124168,2.2,0,0
US,NAM,23787,US-NAM-RHMS-RMT-4,6,403546.0,303333.4,0.3,117935,3.4,0,0
US,NAM,23788,US-NAM-HC-RMT-6,4,398170.3,131794.5,1.0,29302,13.6,0,0
US,NAM,23790,US-NAM-LTL-RMT-5,5,184163.8,153271.5,0.2,81056,2.3,0,0
US,NAM,23792,US-NAM-LTL-RMT-8,8,139506.0,110397.6,0.3,44818,3.1,0,0
US,NAM,23980,US-NAM-HC-RMT-6,10,18188.1,85832.1,-0.5,44759,0.4,0,0
US,NAM,24095,US-NAM-RHMS-RMT-4,8,446300.5,372045.4,0.2,53040,8.4,0,0
US,NAM,24658,US-NAM-RHMS-RMT-7,6,518903.4,394568.4,0.3,90041,5.8,0,0
US,NAM,25613,US-NAM-PSE-RMT-2,39,143970.9,116328.9,0.2,8201,17.6,,
US,NAM,25617,US-NAM-PSE-RMT-2,14,107441.1,96113.1,0.1,114767,0.9,,
US,NAM,25638,US-NAM-RHMS-RMT-7,3,33278.4,186833.2,-0.5,30200,1.1,,
US,NAM,25643,US-NAM-LTL-RMT-6,6,458270.9,334049.4,0.4,40179,11.4,,
US,NAM,25646,US-NAM-PSE-RMT-3,13,3735.2,23260.2,-0.5,13231,0.3,,
US,NAM,25652,US-NAM-LTL-RMT-2,7,322537.7,128343.6,1.0,35060,9.2,,
US,NAM,27360,US-NAM-SA-RMT-5,10,92401.5,54045.6,0.7,38217,2.4,0,0
US,NAM,27619,US-NAM-SA-RMT-2,15,191815.3,139900.6,0.4,35942,5.3,1,0
US,NAM,27637,US-NAM-RPO-RMT-1,3,245222.2,254719.2,0.0,316083,0.8,0,0
US,NAM,27767,US-NAM-HC-RMT-3,4,35977.7,41862.2,-0.1,87141,0.4,0,0
US,NAM,28524,US-NAM-PSE-RMT-2,31,88208.1,96617.9,-0.1,31199,2.8,34,1
US,NAM,29577,US-NAM-LTL-RMT-8,6,277695.9,240274.5,0.2,25971,10.7,0,0
US,NAM,29580,US-NAM-SA-RMT-5,15,164591.1,102061.8,0.6,73977,2.2,2,0
US,NAM,29614,US-NAM-LTL-RMT-7,9,349642.1,265877.4,0.3,64406,5.4,0,0
US,NAM,29651,US-NAM-HC-RMT-7,5,137992.0,119942.7,0.2,62615,2.2,0,0
US,NAM,29653,US-NAM-HC-RMT-6,6,86018.9,50699.5,0.7,70541,1.2,0,0
US,NAM,29892,US-NAM-LTL-RMT-8,8,420258.9,292370.1,0.4,85654,4.9,0,0
US,NAM,29893,US-NAM-LTL-RMT-2,8,176660.6,206803.5,-0.1,48282,3.7,0,0
US,NAM,29938,US-NAM-PSE-RMT-2,42,189530.6,171573.1,0.1,13351,14.2,31,0
US,NAM,29950,US-NAM-SA-RMT-5,8,44102.5,25965.9,0.7,71137,0.6,0,0
US,NAM,29952,US-NAM-RHMS-RMT-2,5,738197.2,610520.4,0.2,207724,3.6,0,0
US,NAM,30006,US-NAM-SA-RMT-3,5,36344.8,25897.1,0.4,98164,0.4,0,0
US,NAM,30167,US-NAM-LTL-RMT-3,6,463810.7,262353.8,0.8,90650,5.1,0,0
US,NAM,30173,US-NAM-RHMS-RMT-5,10,440915.0,117930.9,1.0,39661,11.1,0,0
US,NAM,30175,US-NAM-LTL-RMT-3,3,275408.2,321068.9,-0.1,68945,4.0,0,0
US,NAM,30213,US-NAM-LTL-RMT-3,6,1238869.2,780343.3,0.6,45136,27.4,0,0
US,NAM,30214,US-NAM-HC-RMT-1,10,19539.1,23866.5,-0.2,67752,0.3,0,0
US,NAM,30216,US-NAM-HC-RMT-5,4,150159.7,119333.1,0.3,89432,1.7,0,0
US,NAM,30217,US-NAM-RPO-RMT-1,3,25159.0,22091.8,0.1,33226,0.8,0,0
US,NAM,30218,US-NAM-RPO-RMT-1,4,157464.3,118701.2,0.3,89042,1.8,0,0
US,NAM,30240,US-NAM-PSE-RMT-1,42,177884.3,133806.5,0.3,17663,10.1,82,1
US,NAM,30458,US-NAM-RHMS-RMT-3,6,286184.8,233198.7,0.2,224684,1.3,0,0
US,NAM,30464,US-NAM-HC-RMT-2,3,52140.1,85763.2,-0.4,29521,1.8,0,0
US,NAM,30477,US-NAM-HC-RMT-2,7,123830.3,157449.6,-0.2,123176,1.0,0,0
US,NAM,30550,US-NAM-SA-RMT-4,18,12344.0,20653.3,-0.4,55191,0.2,0,0
US,NAM,30830,US-NAM-SA-RMT-5,3,11111.4,7537.8,0.5,95266,0.1,0,0
US,NAM,31076,US-NAM-RHMS-RMT-2,20,111208.5,86311.3,0.3,148920,0.7,10,0
US,NAM,31661,US-NAM-HC-RMT-7,11,79579.2,73324.2,0.1,124408,0.6,2,0
US,NAM,32447,US-NAM-LTL-RMT-3,8,166113.3,50875.7,1.0,36272,4.6,0,0
US,NAM,32476,US-NAM-PSE-RMT-ACC-1,246,83978.7,38688.0,1.0,79034,1.1,121,0
US,NAM,32828,US-NAM-PSE-RMT-ACC-1,284,123081.4,63868.7,0.9,78601,1.6,94,0
US,NAM,32875,US-NAM-PSE-RMT-3,41,121857.2,130022.1,-0.1,24267,5.0,93,2
US,NAM,34838,US-NAM-LTL-RMT-2,9,340110.2,257841.3,0.3,51111,6.7,0,0
US,NAM,36034,US-NAM-SA-RMT-3,17,89306.8,95416.3,-0.1,190105,0.5,0,0
US,NAM,36414,US-NAM-RHMS-RMT-2,5,7662.6,39005.3,-0.5,150872,0.1,0,0
US,NAM,38024,US-NAM-RHMS-RMT-3,9,171359.7,147280.8,0.2,212072,0.8,0,0
US,NAM,39140,US-NAM-RHMS-RMT-1,5,366540.5,207563.8,0.8,87858,4.2,0,0
US,NAM,39352,US-NAM-LTL-RMT-5,5,131425.7,118761.7,0.1,87246,1.5,0,0
US,NAM,39534,US-NAM-RHMS-RMT-5,9,198215.1,276099.1,-0.3,43984,4.5,0,0
US,NAM,40905,US-NAM-HC-RMT-4,20,126180.5,113969.2,0.1,108059,1.2,0,0
US,NAM,40906,US-NAM-RHMS-RMT-6,8,187804.8,118337.6,0.6,46716,4.0,0,0
US,NAM,40909,US-NAM-RHMS-RMT-2,8,497464.2,399559.6,0.2,211959,2.3,0,0
US,NAM,40910,US-NAM-HC-RMT-1,10,294421.7,253829.5,0.2,111225,2.6,0,0
US,NAM,41373,US-NAM-PSE-RMT-3,14,132955.6,118659.5,0.1,58679,2.3,11,0
US,NAM,41617,US-NAM-PSE-RMT-3,36,162138.7,160141.7,0.0,16093,10.1,0,0
US,NAM,41622,US-NAM-SA-RMT-1,4,290234.7,83561.2,1.0,42655,6.8,0,0
US,NAM,41659,US-NAM-PSE-RMT-2,33,209712.3,158076.0,0.3,45005,4.7,21,0
US,NAM,41718,US-NAM-PSE-RMT-4,32,254153.6,239866.2,0.1,38502,6.6,4,0
US,NAM,41741,US-NAM-PSE-RMT-1,15,452841.0,312698.4,0.4,41792,10.8,0,0
US,NAM,41836,US-NAM-PSE-RMT-3,40,195968.6,178892.5,0.1,15691,12.5,5,0
US,NAM,41845,US-NAM-PSE-RMT-2,19,109460.8,113456.3,0.0,74916,1.5,3,0
US,NAM,41846,US-NAM-PSE-RMT-2,37,254170.1,210277.8,0.2,44478,5.7,0,0
US,NAM,42422,US-NAM-PSE-RMT-2,14,199802.5,120622.0,0.7,39955,5.0,24,1
US,NAM,42472,US-NAM-PSE-RMT-4,38,129354.6,161989.7,-0.2,93067,1.4,21,0
US,NAM,42570,US-NAM-PSE-RMT-4,32,239127.0,198398.0,0.2,55902,4.3,14,0
US,NAM,42639,US-NAM-PSE-RMT-3,24,184931.3,120436.2,0.5,18961,9.8,7,0
US,NAM,43019,US-NAM-PSE-RMT-1,16,189029.6,132620.0,0.4,93348,2.0,2,0
US,NAM,44012,US-NAM-RHMS-RMT-4,20,266805.8,194256.2,0.4,243704,1.1,0,0
US,NAM,45233,US-NAM-PSE-RMT-4,11,145946.4,138062.6,0.1,307563,0.5,34,3
US,NAM,45264,US-NAM-HC-RMT-7,19,98325.0,64763.5,0.5,120632,0.8,0,0
US,NAM,45338,US-NAM-PSE-RMT-3,29,198493.5,193000.5,0.0,32126,6.2,1,0
US,NAM,45457,US-NAM-HC-RMT-6,3,56392.4,49696.3,0.1,115619,0.5,0,0
US,NAM,46240,US-NAM-RHMS-RMT-2,10,312311.8,318267.8,0.0,89703,3.5,0,0
US,NAM,46460,US-NAM-RHMS-RMT-7,10,545263.9,351099.3,0.6,158018,3.5,0,0
US,NAM,46565,US-NAM-RHMS-RMT-6,7,50040.8,52455.8,0.0,67257,0.7,0,0
US,NAM,46698,US-NAM-RHMS-RMT-5,9,114678.2,105226.8,0.1,75908,1.5,0,0
US,NAM,46855,US-NAM-RHMS-RMT-5,9,312955.4,235245.0,0.3,141195,2.2,0,0
US,UMM,895,US-MUpper-DE-NYC-5,59,437719.0,419651.4,0.0,21170,20.7,10,0
US,UMM,910,US-MUpper-DE-STM-3,59,528578.3,427454.3,0.2,18685,28.3,10,0
US,UMM,952,US-MUpper-DE-NYC-2,59,301204.2,208737.3,0.4,15594,19.3,64,1
US,UMM,1222,US-MUpper-DE-STM-4,60,299361.8,268324.5,0.1,13616,22.0,0,0
US,UMM,2468,US-MUpper-DE-STM-2,58,638104.5,392794.4,0.6,17182,37.1,50,0
US,UMM,2861,US-MUpper-DE-STM-5,59,598104.4,493544.6,0.2,14316,41.8,108,1
US,UMM,3071,US-MUpper-DE-NYC-4,123,867615.9,752049.3,0.2,29928,29.0,1,0
US,UMM,3111,US-MUpper-DE-STM-4,59,403981.0,312152.7,0.3,22423,18.0,77,1
US,UMM,3559,US-MUpper-DE-STM-2,62,486027.2,437147.7,0.1,19052,25.5,108,1
US,UMM,3726,US-MUpper-DE-NYC-1,61,481728.8,333749.2,0.4,18018,26.7,17,0
US,UMM,3904,US-MUpper-DE-STM-1,60,333675.8,334883.7,0.0,19397,17.2,80,1
US,UMM,4068,US-MUpper-DE-STM-5,61,388237.0,302287.6,0.3,17592,22.1,99,1
US,UMM,4375,US-MUpper-DE-STM-2,61,764763.5,514251.8,0.5,16781,45.6,8,0
US,UMM,4431,US-MUpper-DE-NYC-2,62,697788.7,523770.4,0.3,17204,40.6,12,0
US,UMM,4795,US-MUpper-DE-NYC-3,62,308191.7,343923.4,-0.1,14394,21.4,43,0
US,UMM,4805,US-MUpper-DE-NYC-1,63,398533.3,310541.1,0.3,20387,19.5,105,1
US,UMM,5421,US-MUpper-DE-STM-5,60,338299.1,259987.2,0.3,20986,16.1,71,1
US,UMM,6138,US-MUpper-DE-NYC-2,59,416099.7,379099.8,0.1,14493,28.7,39,0
US,UMM,6294,US-MUpper-DE-STM-6,60,461508.7,336863.6,0.4,19004,24.3,45,0
US,UMM,8086,US-MUpper-DE-ATX-1,62,512633.3,422640.0,0.2,18237,28.1,72,1
US,UMM,8227,US-MUpper-DE-ATX-2,64,375709.7,354765.8,0.1,15012,25.0,83,1
US,UMM,8374,US-MUpper-DE-ATL-1,63,388279.4,341635.4,0.1,15902,24.4,76,1
US,UMM,9296,US-MUpper-DE-STM-4,61,487528.1,445755.4,0.1,19996,24.4,101,1
US,UMM,9399,US-MUpper-DE-STM-4,62,200528.7,174115.4,0.2,13392,15.0,52,0
US,UMM,10674,US-MUpper-DE-STM-3,64,480551.8,363220.7,0.3,14379,33.4,54,0
US,UMM,11155,US-MUpper-DE-STM-3,60,522396.9,417311.9,0.3,13815,37.8,137,2
US,UMM,11158,US-MUpper-DE-STM-6,63,475051.1,506320.2,-0.1,17958,26.5,95,1
US,UMM,11164,US-MUpper-DE-NYC-1,61,489053.4,464829.0,0.1,18779,26.0,92,1
US,UMM,11566,US-MUpper-DE-ATX-3,60,372336.5,355304.1,0.0,14636,25.4,8,0
US,UMM,11567,US-MUpper-DE-ATX-1,62,644915.6,502413.8,0.3,16193,39.8,0,0
US,UMM,11794,US-MUpper-DE-STM-4,59,647469.5,628864.5,0.0,16470,39.3,81,1
US,UMM,12723,US-MUpper-DE-STM-1,60,377994.5,352665.9,0.1,15928,23.7,49,0
US,UMM,12954,US-MUpper-DE-NYC-1,61,317386.5,273413.0,0.2,13298,23.9,65,1
US,UMM,12990,US-MUpper-DE-ATX-2,65,387658.0,374330.0,0.0,19808,19.6,51,0
US,UMM,13118,US-MUpper-DE-NYC-3,62,200586.2,232720.0,-0.1,18887,10.6,89,1
US,UMM,13770,US-MUpper-DE-ATX-2,62,424254.8,350160.1,0.2,16345,26.0,84,1
US,UMM,14473,US-MUpper-DE-STM-2,62,513620.4,433364.4,0.2,13904,36.9,114,1
US,UMM,14474,US-MUpper-DE-STM-1,60,358769.4,376099.9,0.0,16557,21.7,74,1
US,UMM,14509,US-MUpper-DE-NYC-5,59,567525.4,532522.0,0.1,15445,36.7,85,1
US,UMM,15076,US-MUpper-DE-STM-1,61,400966.3,353616.3,0.1,19567,20.5,61,1
US,UMM,15241,US-MUpper-DE-STM-2,56,438387.4,428937.5,0.0,15091,29.0,93,1
US,UMM,15433,US-MUpper-DE-NYC-2,63,406335.5,389173.5,0.0,14423,28.2,72,1
US,UMM,15607,US-MUpper-DE-NYC-5,62,586277.2,492529.1,0.2,19760,29.7,82,1
US,UMM,15734,US-MUpper-DE-ATX-4,61,548695.7,457964.7,0.2,20038,27.4,100,1
US,UMM,15966,US-MUpper-DE-NYC-5,60,466542.3,418234.2,0.1,17617,26.5,93,1
US,UMM,16440,US-MUpper-DE-STM-4,60,309993.7,321917.1,0.0,23396,13.2,104,1
US,UMM,16990,US-MUpper-DE-NYC-3,60,426441.7,341109.8,0.3,26003,16.4,74,1
US,UMM,16992,US-MUpper-DE-NYC-4,61,469792.0,496613.7,-0.1,16202,29.0,95,1
US,UMM,17060,US-MUpper-DE-STM-2,63,508730.1,453763.2,0.1,36828,13.8,130,2
US,UMM,17244,US-MUpper-DE-NYC-3,60,531905.4,406910.0,0.3,21726,24.5,40,0
US,UMM,17537,US-MUpper-DE-STM-5,62,505561.7,376572.5,0.3,17825,28.4,71,1
US,UMM,17541,US-MUpper-DE-STM-5,59,411175.7,308183.1,0.3,15928,25.8,56,0
US,UMM,17648,US-MUpper-DE-STM-3,60,434452.6,325771.7,0.3,14588,29.8,74,1
US,UMM,17697,US-MUpper-DE-STM-1,60,346795.6,315624.3,0.1,13524,25.6,85,1
US,UMM,17742,US-MUpper-DE-NYC-2,61,507683.7,279533.3,0.8,22744,22.3,42,0
US,UMM,17836,US-MUpper-DE-STM-4,60,435103.6,353970.1,0.2,15109,28.8,100,1
US,UMM,18087,US-MUpper-DE-NYC-1,60,402038.8,310390.1,0.3,16016,25.1,75,1
US,UMM,18367,US-MUpper-DE-NYC-2,60,799759.8,594307.0,0.3,15353,52.1,4,0
US,UMM,18412,US-MUpper-DE-ATX-1,62,542885.5,539211.2,0.0,17382,31.2,98,1
US,UMM,18760,US-MUpper-DE-NYC-5,61,483761.5,296231.0,0.6,20636,23.4,23,0
US,UMM,18916,US-MUpper-DE-NYC-5,58,251084.7,246835.7,0.0,22115,11.4,90,1
US,UMM,18936,US-MUpper-DE-ATX-2,62,444491.9,361338.5,0.2,25434,17.5,79,1
US,UMM,19180,US-MUpper-DE-STM-3,61,374136.1,334242.3,0.1,16634,22.5,146,2
US,UMM,19348,US-MUpper-DE-ATX-2,62,365956.4,303681.1,0.2,19525,18.7,58,0
US,UMM,19547,US-MUpper-DE-STM-2,61,452344.0,420203.3,0.1,14204,31.8,78,1
US,UMM,19849,US-MUpper-DE-STM-3,61,363877.6,318798.2,0.1,21223,17.1,65,1
US,UMM,20151,US-MUpper-DE-STM-4,60,437288.0,398752.7,0.1,13976,31.3,92,1
US,UMM,21251,US-MUpper-DE-NYC-3,63,400564.0,286648.5,0.4,16665,24.0,105,1
US,UMM,23315,US-MUpper-DE-STM-6,61,532875.0,480726.0,0.1,19406,27.5,99,1
US,UMM,23657,US-MUpper-DE-ATX-4,57,612360.4,561615.8,0.1,16087,38.1,115,2
US,UMM,23709,US-MUpper-DE-STM-6,61,411319.0,357347.7,0.2,22041,18.7,105,1
US,UMM,24954,US-MUpper-DE-NYC-4,59,642319.9,523467.5,0.2,15475,41.5,151,2
US,UMM,26480,US-MUpper-DE-ATX-1,59,511605.8,600680.6,-0.1,20161,25.4,106,1
US,UMM,27272,US-MUpper-DE-ATX-3,60,380089.3,344371.7,0.1,21466,17.7,51,0
US,UMM,30836,US-MUpper-DE-ATL-1,60,487416.2,406887.3,0.2,20093,24.3,70,1
US,UMM,30853,US-MUpper-DE-ATL-1,60,413188.4,382771.1,0.1,19390,21.3,84,1
US,UMM,30876,US-MUpper-DE-ATL-1,64,462752.5,396264.9,0.2,31757,14.6,81,1
US,UMM,31053,US-MUpper-DE-NYC-3,65,654927.3,496554.6,0.3,15990,41.0,51,0
US,UMM,31274,US-MUpper-DE-ATL-1,62,625883.8,474485.4,0.3,20458,30.6,88,1
US,UMM,32083,US-MUpper-DE-NYC-2,59,464191.2,438911.2,0.1,19195,24.2,62,1
US,UMM,32111,US-MUpper-DE-STM-6,62,367954.8,385177.3,0.0,16239,22.7,51,0
US,UMM,32190,US-MUpper-DE-NYC-2,62,744460.9,456743.1,0.6,15338,48.5,106,1
US,UMM,32872,US-MUpper-DE-STM-2,58,481800.5,400698.8,0.2,14611,33.0,121,2
US,UMM,34173,US-MUpper-DE-STM-1,63,264513.1,271719.5,0.0,22478,11.8,92,1
US,UMM,34176,US-MUpper-DE-NYC-4,60,309190.1,319151.2,0.0,15755,19.6,113,1
US,UMM,34180,US-MUpper-DE-STM-1,59,535404.3,520487.9,0.0,18795,28.5,57,0
US,UMM,34192,US-MUpper-DE-NYC-2,64,421078.8,367134.4,0.1,18947,22.2,93,1
US,UMM,34410,US-MUpper-DE-STM-5,59,721681.1,613323.0,0.2,13666,52.8,149,2
US,UMM,34456,US-MUpper-DE-STM-3,61,453092.7,445683.2,0.0,14325,31.6,97,1
US,UMM,34460,US-MUpper-DE-ATX-4,59,406462.9,399693.6,0.0,17177,23.7,57,0
US,UMM,34492,US-MUpper-DE-STM-6,59,515733.9,392300.6,0.3,44705,11.5,37,0
US,UMM,34500,US-MUpper-DE-ATX-1,62,383297.2,243934.4,0.6,15328,25.0,134,2
US,UMM,34535,US-MUpper-DE-ATX-3,69,554334.4,518638.6,0.1,16546,33.5,84,1
US,UMM,34667,US-MUpper-DE-ATX-3,62,363355.2,337268.5,0.1,23823,15.3,68,1
US,UMM,34862,US-MUpper-DE-STM-6,58,549171.0,374345.8,0.5,18430,29.8,40,0
US,UMM,34875,US-MUpper-DE-STM-3,62,282500.2,249032.0,0.1,18645,15.2,93,1
US,UMM,35199,US-MUpper-DE-NYC-4,63,614647.6,456785.6,0.3,19602,31.4,94,1
US,UMM,35502,US-MUpper-DE-NYC-3,60,687608.7,511636.9,0.3,13499,50.9,80,1
US,UMM,35555,US-MUpper-DE-NYC-5,62,446352.6,359838.8,0.2,12580,35.5,92,1
US,UMM,35758,US-MUpper-DE-ATX-3,60,583624.9,665637.1,-0.1,17510,33.3,111,1
US,UMM,36240,US-MUpper-DE-NYC-5,60,350216.1,324744.2,0.1,37831,9.3,83,1
US,UMM,36375,US-MUpper-DE-STM-2,61,445814.3,465067.7,0.0,14328,31.1,125,2
US,UMM,36394,US-MUpper-DE-NYC-2,63,385238.0,265777.6,0.4,17499,22.0,109,1
US,UMM,38558,US-MUpper-DE-NYC-4,63,870830.7,568866.0,0.5,19815,43.9,63,1
US,UMM,38742,US-MUpper-DE-NYC-1,64,364239.9,321731.2,0.1,17258,21.1,103,1
US,UMM,39361,US-MUpper-DE-ATX-3,65,294936.4,309760.8,0.0,15527,19.0,83,1
US,UMM,39397,US-MUpper-DE-ATX-1,60,447567.4,393004.9,0.1,12499,35.8,116,1
US,UMM,39530,US-MUpper-DE-ATX-1,59,352121.5,259543.4,0.4,16501,21.3,93,1
US,UMM,39531,US-MUpper-DE-ATX-4,60,342236.8,262356.5,0.3,16290,21.0,71,1
US,UMM,39998,US-MUpper-DE-ATX-4,60,375232.6,297768.3,0.3,17266,21.7,112,1
US,UMM,40001,US-MUpper-DE-ATX-3,63,465534.2,351887.3,0.3,16201,28.7,65,1
US,UMM,40901,US-MUpper-DE-ATX-2,60,620970.5,510057.4,0.2,20954,29.6,106,1
US,UMM,40951,US-MUpper-DE-NYC-1,64,336273.5,307453.3,0.1,17961,18.7,97,1
US,UMM,41598,US-MUpper-DE-ATX-4,58,481545.3,386839.2,0.2,18282,26.3,56,0
US,UMM,41742,US-MUpper-DE-ATL-1,60,466657.2,404998.0,0.2,12486,37.4,66,1
US,UMM,42326,US-MUpper-DE-STM-3,59,331795.8,253940.7,0.3,17569,18.9,83,1
US,UMM,42723,US-MUpper-DE-ATX-4,58,390372.1,348078.9,0.1,17952,21.7,77,1
US,UMM,42982,US-MUpper-DE-STM-5,58,585133.6,542897.8,0.1,20901,28.0,72,1
US,UMM,43737,US-MUpper-DE-STM-6,63,577576.7,422682.6,0.4,22127,26.1,69,1
US,UMM,43746,US-MUpper-DE-ATL-1,63,425143.7,335685.2,0.3,20155,21.1,76,1
US,UMM,43930,US-MUpper-DE-NYC-1,63,220510.6,261839.0,-0.2,41849,5.3,46,0
US,UMM,43966,US-MUpper-DE-ATL-1,65,373692.0,392103.6,0.0,21069,17.7,109,1
US,UMM,44285,US-MUpper-DE-NYC-4,60,454835.4,435114.7,0.0,11212,40.6,69,1
US,UMM,44997,US-MUpper-DE-NYC-5,60,442046.8,428626.4,0.0,17069,25.9,67,1
US,UMM,45005,US-MUpper-DE-STM-4,58,535639.5,528775.5,0.0,17927,29.9,76,1
US,UMM,46515,US-MUpper-DE-NYC-3,62,798921.2,502017.4,0.6,15461,51.7,4,0
US,UMM,46517,US-MUpper-DE-NYC-1,58,452598.3,301945.3,0.5,14274,31.7,49,0
US,UMM,46546,US-MUpper-DE-STM-5,62,306640.9,284110.3,0.1,14809,20.7,7,0
US,UMM,46553,US-MUpper-DE-STM-1,62,328186.3,232429.0,0.4,19680,16.7,8,0
US,UMM,46578,US-MUpper-DE-STM-5,60,447861.0,327998.6,0.4,22482,19.9,6,0
US,UMM,46624,US-MUpper-DE-STM-1,61,371171.2,270907.4,0.4,22688,16.4,0,0
US,UMM,46817,US-MUpper-DE-NYC-3,62,418615.2,346881.5,0.2,15611,26.8,0,0
