Market,Country,Segment,Sales rep ID,Sales team,PCID count,PQR 90d ($),Revenue 90d ($),Impact calls 90d,Impact calls / account,Ideal PCID,Segment avg PCID,Segment avg PQR ($),Vs ideal PCID,Too big,Too little,Healthy book,Peel to ideal,Grow slots
BNL-NAM,BNL,NAM,2609,NL-NAM-ACCSA-AMS-1,23,26686.2,49349.0,59,2.0,15,16.8,48934.0,8,False,False,True,0,0
BNL-NAM,BNL,NAM,2769,NL-NAM-SA-AMS-1,13,53285.0,61486.8,0,0.0,15,16.8,48934.0,-2,True,True,False,0,2
BNL-NAM,BNL,NAM,3735,NL-NAM-SA-AMS-2,15,82194.9,131060.1,0,0.0,15,16.8,48934.0,0,True,False,False,0,0
BNL-NAM,BNL,NAM,6572,NL-NAM-B2B-AMS-1,12,29830.8,16152.8,0,0.0,15,16.8,48934.0,-3,False,True,False,0,3
BNL-NAM,BNL,NAM,6949,NL-NAM-SA-AMS-2,13,92528.3,110303.3,0,0.0,15,16.8,48934.0,-2,True,True,False,0,2
BNL-NAM,BNL,NAM,6950,NL-NAM-RHLOG-AMS-1,12,25682.6,14495.1,0,0.0,15,16.8,48934.0,-3,False,True,False,0,3
BNL-NAM,BNL,NAM,7652,NL-NAM-B2B-AMS-1,12,22642.1,39277.0,0,0.0,15,16.8,48934.0,-3,False,True,False,0,3
BNL-NAM,BNL,NAM,8757,NL-NAM-PSE-AMS-1,14,17318.5,96066.0,0,0.0,15,16.8,48934.0,-1,False,True,False,0,1
BNL-NAM,BNL,NAM,8835,NL-NAM-SA-AMS-1,13,33558.0,42470.2,5,0.0,15,16.8,48934.0,-2,False,True,False,0,2
BNL-NAM,BNL,NAM,8842,NL-NAM-RHLOG-AMS-1,12,27827.1,38214.8,0,0.0,15,16.8,48934.0,-3,False,True,False,0,3
BNL-NAM,BNL,NAM,9592,NL-NAM-B2B-AMS-1,11,10509.2,379593.2,0,0.0,15,16.8,48934.0,-4,False,True,False,0,4
BNL-NAM,BNL,NAM,9828,NL-NAM-B2B-AMS-1,11,12951.4,57368.9,0,0.0,15,16.8,48934.0,-4,False,True,False,0,4
BNL-NAM,BNL,NAM,9895,BE-NAM-PSE-BRU-1,39,81305.4,76370.0,1,0.0,15,16.8,48934.0,24,True,False,False,24,0
BNL-NAM,BNL,NAM,10014,NL-NAM-RHLOG-AMS-1,12,13697.0,27694.2,0,0.0,15,16.8,48934.0,-3,False,True,False,0,3
BNL-NAM,BNL,NAM,10018,NL-NAM-RHLOG-AMS-1,12,28395.1,30578.8,0,0.0,15,16.8,48934.0,-3,False,True,False,0,3
BNL-NAM,BNL,NAM,10233,BE-NAM-ACCSA-BRU-1,13,24619.5,35495.9,0,0.0,15,16.8,48934.0,-2,False,True,False,0,2
BNL-NAM,BNL,NAM,11636,NL-NAM-RHLOG-AMS-1,9,313669.7,614842.8,0,0.0,15,16.8,48934.0,-6,True,True,False,0,6
BNL-NAM,BNL,NAM,14732,BE-NAM-ACCSA-BRU-1,15,76962.2,88207.1,5,0.0,15,16.8,48934.0,0,True,False,False,0,0
BNL-NAM,BNL,NAM,15055,NL-NAM-ACCSA-AMS-1,27,21308.0,15951.1,2,0.0,15,16.8,48934.0,12,True,False,False,12,0
BNL-NAM,BNL,NAM,15382,NL-NAM-SA-AMS-1,11,36862.9,34120.0,0,0.0,15,16.8,48934.0,-4,False,True,False,0,4
BNL-NAM,BNL,NAM,16506,NL-NAM-SA-AMS-1,13,48128.0,120721.7,0,0.0,15,16.8,48934.0,-2,False,True,False,0,2
BNL-NAM,BNL,NAM,17728,NL-NAM-B2B-AMS-1,11,59869.8,67529.6,0,0.0,15,16.8,48934.0,-4,True,True,False,0,4
BNL-NAM,BNL,NAM,18845,BE-NAM-ACCSA-BRU-1,14,17618.1,15446.6,0,0.0,15,16.8,48934.0,-1,False,True,False,0,1
BNL-NAM,BNL,NAM,25654,NL-NAM-PSE-AMS-2,34,17295.1,21898.8,,,15,16.8,48934.0,19,False,False,True,0,0
BNL-NAM,BNL,NAM,34395,BE-NAM-ACCSA-BRU-1,13,6579.5,6550.6,0,0.0,15,16.8,48934.0,-2,False,True,False,0,2
BNL-NAM,BNL,NAM,34781,NL-NAM-SA-AMS-1,16,109444.7,102938.2,0,0.0,15,16.8,48934.0,1,True,False,False,1,0
BNL-NAM,BNL,NAM,35567,NL-NAM-RHLOG-AMS-1,12,117070.2,181588.2,0,0.0,15,16.8,48934.0,-3,True,True,False,0,3
BNL-NAM,BNL,NAM,36094,NL-NAM-SA-AMS-2,14,41487.6,40744.1,0,0.0,15,16.8,48934.0,-1,False,True,False,0,1
BNL-NAM,BNL,NAM,40919,NL-NAM-ACCSA-AMS-1,24,24602.4,63710.4,40,1.0,15,16.8,48934.0,9,False,False,True,0,0
BNL-NAM,BNL,NAM,42814,BE-NAM-PSE-BRU-1,39,20241.6,24774.4,0,0.0,15,16.8,48934.0,24,True,False,False,24,0
BNL-NAM,BNL,NAM,45895,NL-NAM-PSE-AMS-2,37,24257.8,25775.0,,,15,16.8,48934.0,22,False,False,True,0,0
BNL-NAM,BNL,NAM,46717,NL-NAM-PSE-AMS-1,12,47460.3,36016.9,0,0.0,15,16.8,48934.0,-3,False,True,False,0,3
DACH-NAM,DACH,NAM,1726,DE-NAM-SA-DUSS-1,13,107586.4,102760.7,18,1.0,15,15.2,75541.0,-2,True,True,False,0,2
DACH-NAM,DACH,NAM,3632,DE-NAM-SA-DUSS-2,15,74344.1,106077.8,71,4.0,15,15.2,75541.0,0,False,False,True,0,0
DACH-NAM,DACH,NAM,5492,DE-NAM-B2B-DUSS-1,11,46558.4,39741.4,71,6.0,15,15.2,75541.0,-4,False,True,False,0,4
DACH-NAM,DACH,NAM,7992,DE-NAM-RHLOG-DUSS-1,16,48185.0,101805.7,3,0.0,15,15.2,75541.0,1,True,False,False,1,0
DACH-NAM,DACH,NAM,7996,CH-NAM-ACCSA-ZRH-1,64,30706.5,18392.9,28,0.0,15,15.2,75541.0,49,True,False,False,49,0
DACH-NAM,DACH,NAM,8327,DE-NAM-B2B-DUSS-1,8,73971.4,215652.0,18,2.0,15,15.2,75541.0,-7,False,True,False,0,7
DACH-NAM,DACH,NAM,8756,DE-NAM-SA-DUSS-1,15,50197.8,63420.1,1,0.0,15,15.2,75541.0,0,False,False,True,0,0
DACH-NAM,DACH,NAM,8985,DE-NAM-HC-DUSS-1,11,76010.6,64661.9,92,8.0,15,15.2,75541.0,-4,True,True,False,0,4
DACH-NAM,DACH,NAM,9018,DE-NAM-SA-DUSS-1,18,65164.2,113578.4,31,1.0,15,15.2,75541.0,3,True,False,False,3,0
DACH-NAM,DACH,NAM,9589,DE-NAM-RHLOG-DUSS-1,5,95345.4,81195.1,46,9.0,15,15.2,75541.0,-10,True,True,False,0,10
DACH-NAM,DACH,NAM,10383,DE-NAM-ACCSA-DUSS-2,39,209702.1,188709.3,6,0.0,15,15.2,75541.0,24,True,False,False,24,0
DACH-NAM,DACH,NAM,11132,DE-NAM-PSE-DUSS-1,26,58766.8,49918.7,83,3.0,15,15.2,75541.0,11,True,False,False,11,0
DACH-NAM,DACH,NAM,11711,DE-NAM-RHLOG-DUSS-1,10,10420.4,18341.7,67,6.0,15,15.2,75541.0,-5,False,True,False,0,5
DACH-NAM,DACH,NAM,12056,DE-NAM-PSE-DUSS-1,17,109715.9,112970.4,86,5.0,15,15.2,75541.0,2,False,False,True,0,0
DACH-NAM,DACH,NAM,14424,DE-NAM-SA-DUSS-2,11,33042.1,71743.2,0,0.0,15,15.2,75541.0,-4,False,True,False,0,4
DACH-NAM,DACH,NAM,14779,DE-NAM-SA-DUSS-1,15,220230.5,211682.8,28,1.0,15,15.2,75541.0,0,True,False,False,0,0
DACH-NAM,DACH,NAM,14852,DE-NAM-SA-DUSS-2,18,71873.5,191384.1,51,2.0,15,15.2,75541.0,3,True,False,False,3,0
DACH-NAM,DACH,NAM,15810,DE-NAM-MCU-DUSS-1,10,8648.1,7076.5,63,6.0,15,15.2,75541.0,-5,False,True,False,0,5
DACH-NAM,DACH,NAM,16184,DE-NAM-SA-DUSS-1,18,44145.5,83455.5,35,1.0,15,15.2,75541.0,3,True,False,False,3,0
DACH-NAM,DACH,NAM,16494,DE-NAM-MCU-DUSS-1,9,91901.9,172283.9,78,8.0,15,15.2,75541.0,-6,False,True,False,0,6
DACH-NAM,DACH,NAM,17145,DE-NAM-MCU-DUSS-1,11,115743.5,145675.1,33,3.0,15,15.2,75541.0,-4,True,True,False,0,4
DACH-NAM,DACH,NAM,17512,DE-NAM-HC-DUSS-1,9,45007.0,49691.8,103,11.0,15,15.2,75541.0,-6,False,True,False,0,6
DACH-NAM,DACH,NAM,18273,DE-NAM-B2B-DUSS-1,11,86133.7,98134.9,54,4.0,15,15.2,75541.0,-4,False,True,False,0,4
DACH-NAM,DACH,NAM,18500,DE-NAM-RHLOG-DUSS-1,4,199266.8,305471.5,81,20.0,15,15.2,75541.0,-11,False,True,False,0,11
DACH-NAM,DACH,NAM,19055,DE-NAM-B2B-DUSS-1,11,53828.3,52695.3,51,4.0,15,15.2,75541.0,-4,False,True,False,0,4
DACH-NAM,DACH,NAM,24604,DE-NAM-PSE-DUSS-1,24,53267.1,35866.1,108,4.0,15,15.2,75541.0,9,True,False,False,9,0
DACH-NAM,DACH,NAM,25434,DE-NAM-SA-DUSS-1,9,29411.1,39165.5,8,0.0,15,15.2,75541.0,-6,False,True,False,0,6
DACH-NAM,DACH,NAM,25450,DE-NAM-SA-DUSS-2,17,20452.1,49052.7,28,1.0,15,15.2,75541.0,2,True,False,False,2,0
DACH-NAM,DACH,NAM,26627,DE-NAM-PSE-DUSS-1,14,102454.1,117729.2,103,7.0,15,15.2,75541.0,-1,False,True,False,0,1
DACH-NAM,DACH,NAM,26654,CH-NAM-ACCSA-ZRH-1,32,5964.4,10291.2,27,0.0,15,15.2,75541.0,17,True,False,False,17,0
DACH-NAM,DACH,NAM,26793,DE-NAM-HC-DUSS-1,10,196110.6,260120.5,106,10.0,15,15.2,75541.0,-5,False,True,False,0,5
DACH-NAM,DACH,NAM,27353,DE-NAM-HC-DUSS-1,12,52401.5,93127.4,122,10.0,15,15.2,75541.0,-3,False,True,False,0,3
DACH-NAM,DACH,NAM,28905,DE-NAM-MCU-DUSS-1,12,18709.9,17843.3,29,2.0,15,15.2,75541.0,-3,False,True,False,0,3
DACH-NAM,DACH,NAM,29671,DE-NAM-B2B-DUSS-1,11,63501.8,153341.7,20,1.0,15,15.2,75541.0,-4,False,True,False,0,4
DACH-NAM,DACH,NAM,31674,DE-NAM-RHLOG-DUSS-1,4,204681.1,245309.5,36,9.0,15,15.2,75541.0,-11,False,True,False,0,11
DACH-NAM,DACH,NAM,33776,DE-NAM-SA-DUSS-2,16,63759.3,131501.2,55,3.0,15,15.2,75541.0,1,True,False,False,1,0
DACH-NAM,DACH,NAM,34790,DE-NAM-HC-DUSS-1,12,108288.8,148412.8,110,9.0,15,15.2,75541.0,-3,False,True,False,0,3
DACH-NAM,DACH,NAM,35545,DE-NAM-MCU-DUSS-1,8,136712.9,113235.2,59,7.0,15,15.2,75541.0,-7,True,True,False,0,7
DACH-NAM,DACH,NAM,36090,DE-NAM-RHLOG-DUSS-1,21,51086.3,18482.3,55,2.0,15,15.2,75541.0,6,True,False,False,6,0
DACH-NAM,DACH,NAM,36419,DE-NAM-PSE-DUSS-1,20,15552.9,23423.5,18,0.0,15,15.2,75541.0,5,True,False,False,5,0
DACH-NAM,DACH,NAM,38387,DE-NAM-HC-DUSS-1,13,23346.6,50063.8,108,8.0,15,15.2,75541.0,-2,False,True,False,0,2
DACH-NAM,DACH,NAM,42636,DE-NAM-B2B-DUSS-1,12,72960.2,120977.8,26,2.0,15,15.2,75541.0,-3,False,True,False,0,3
DACH-NAM,DACH,NAM,43152,DE-NAM-HC-DUSS-1,11,36421.8,57903.8,134,12.0,15,15.2,75541.0,-4,False,True,False,0,4
DACH-NAM,DACH,NAM,43784,DE-NAM-MCU-DUSS-1,12,51561.0,54671.2,102,8.0,15,15.2,75541.0,-3,False,True,False,0,3
DACH-NAM,DACH,NAM,46325,DE-NAM-RHLOG-DUSS-1,17,66204.3,48179.7,15,0.0,15,15.2,75541.0,2,True,False,False,2,0
UK-M,UK,M,4285,UK-M-SA-DUB-1,127,160327.2,194566.2,206,1.0,90,96.7,322769.0,37,True,False,False,37,0
UK-M,UK,M,4921,UK-M-DE-DUB-1,92,395855.5,442613.4,158,1.0,90,96.7,322769.0,2,True,False,False,2,0
UK-M,UK,M,5064,UK-M-DE-DUB-3,92,309519.6,360943.1,128,1.0,90,96.7,322769.0,2,False,False,True,0,0
UK-M,UK,M,5072,UK-M-SA-DUB-1,126,219640.1,254085.6,7,0.0,90,96.7,322769.0,36,True,False,False,36,0
UK-M,UK,M,5176,UK-M-DE-DUB-8,90,414175.1,521763.7,178,1.0,90,96.7,322769.0,0,True,False,False,0,0
UK-M,UK,M,5494,UK-M-DE-DUB-1,92,447042.6,508587.8,141,1.0,90,96.7,322769.0,2,True,False,False,2,0
UK-M,UK,M,6929,UK-M-SA-DUB-1,124,182060.2,239856.8,59,0.0,90,96.7,322769.0,34,True,False,False,34,0
UK-M,UK,M,6938,UK-M-DE-DUB-5,90,375897.7,409376.3,94,1.0,90,96.7,322769.0,0,True,False,False,0,0
UK-M,UK,M,6942,UK-M-DE-DUB-8,89,377215.4,469906.7,157,1.0,90,96.7,322769.0,-1,True,True,False,0,1
UK-M,UK,M,7135,UK-M-DE-DUB-2,89,439312.8,551511.5,129,1.0,90,96.7,322769.0,-1,True,True,False,0,1
UK-M,UK,M,7150,UK-M-SA-DUB-1,1,13228.0,0.0,125,125.0,90,96.7,322769.0,-89,False,True,False,0,89
UK-M,UK,M,7329,UK-M-DE-DUB-1,89,287871.5,358935.5,132,1.0,90,96.7,322769.0,-1,False,True,False,0,1
UK-M,UK,M,7332,UK-M-DE-DUB-2,92,392374.6,490545.7,67,0.0,90,96.7,322769.0,2,True,False,False,2,0
UK-M,UK,M,8325,UK-M-ACCPSE-DUB-2,66,132344.1,160710.4,145,2.0,90,96.7,322769.0,-24,False,True,False,0,24
UK-M,UK,M,8645,UK-M-DE-DUB-2,91,344452.5,423151.5,0,0.0,90,96.7,322769.0,1,True,False,False,1,0
UK-M,UK,M,8968,UK-M-DE-DUB-9,93,514880.5,642413.0,148,1.0,90,96.7,322769.0,3,True,False,False,3,0
UK-M,UK,M,9191,UK-M-SA-DUB-1,126,255724.3,340273.5,170,1.0,90,96.7,322769.0,36,True,False,False,36,0
UK-M,UK,M,9834,UK-M-DE-DUB-8,90,403240.6,442360.6,111,1.0,90,96.7,322769.0,0,True,False,False,0,0
UK-M,UK,M,9856,UK-M-DE-DUB-1,89,394839.5,466760.5,139,1.0,90,96.7,322769.0,-1,True,True,False,0,1
UK-M,UK,M,10369,UK-M-SA-DUB-1,125,278488.5,312188.1,182,1.0,90,96.7,322769.0,35,True,False,False,35,0
UK-M,UK,M,12200,UK-M-DE-DUB-9,92,429042.8,472758.3,111,1.0,90,96.7,322769.0,2,True,False,False,2,0
UK-M,UK,M,13392,UK-M-ACCPSE-DUB-1,99,77189.5,139734.6,91,0.0,90,96.7,322769.0,9,True,False,False,9,0
UK-M,UK,M,13483,UK-M-DE-DUB-2,89,442589.7,511635.1,213,2.0,90,96.7,322769.0,-1,True,True,False,0,1
UK-M,UK,M,13490,UK-M-DE-DUB-3,94,366329.6,387693.6,26,0.0,90,96.7,322769.0,4,True,False,False,4,0
UK-M,UK,M,13492,UK-M-DE-DUB-2,90,416164.5,445563.7,172,1.0,90,96.7,322769.0,0,True,False,False,0,0
UK-M,UK,M,13763,UK-M-DE-DUB-1,91,441162.4,561793.6,119,1.0,90,96.7,322769.0,1,True,False,False,1,0
UK-M,UK,M,14929,UK-M-ACCPSE-DUB-2,137,63700.8,92763.8,175,1.0,90,96.7,322769.0,47,True,False,False,47,0
UK-M,UK,M,15309,UK-M-DE-DUB-5,90,438712.8,546779.1,192,2.0,90,96.7,322769.0,0,True,False,False,0,0
UK-M,UK,M,15521,UK-M-DE-DUB-8,92,408865.6,403470.3,162,1.0,90,96.7,322769.0,2,True,False,False,2,0
UK-M,UK,M,15524,UK-M-DE-DUB-8,91,539487.0,636133.8,163,1.0,90,96.7,322769.0,1,True,False,False,1,0
UK-M,UK,M,16141,UK-M-DE-DUB-9,92,447077.1,501485.7,126,1.0,90,96.7,322769.0,2,True,False,False,2,0
UK-M,UK,M,16468,UK-M-DE-DUB-3,92,346396.3,459115.5,145,1.0,90,96.7,322769.0,2,True,False,False,2,0
UK-M,UK,M,16485,UK-M-DE-DUB-1,90,393700.1,449603.3,93,1.0,90,96.7,322769.0,0,True,False,False,0,0
UK-M,UK,M,17038,UK-M-DE-DUB-3,91,294255.0,415208.3,24,0.0,90,96.7,322769.0,1,False,False,True,0,0
UK-M,UK,M,18391,UK-M-DE-DUB-5,88,356260.5,383119.8,142,1.0,90,96.7,322769.0,-2,True,True,False,0,2
UK-M,UK,M,18975,UK-M-DE-DUB-9,92,436711.9,581960.3,120,1.0,90,96.7,322769.0,2,True,False,False,2,0
UK-M,UK,M,19207,UK-M-DE-DUB-9,92,363179.9,392018.4,95,1.0,90,96.7,322769.0,2,True,False,False,2,0
UK-M,UK,M,19218,UK-M-DE-DUB-8,92,426316.2,484011.0,190,2.0,90,96.7,322769.0,2,True,False,False,2,0
UK-M,UK,M,19796,UK-M-SA-DUB-1,127,207118.0,207115.1,145,1.0,90,96.7,322769.0,37,True,False,False,37,0
UK-M,UK,M,20773,UK-M-ACCPSE-DUB-2,114,23463.1,55041.1,39,0.0,90,96.7,322769.0,24,True,False,False,24,0
UK-M,UK,M,20781,UK-M-DE-DUB-2,57,397131.5,360699.6,60,1.0,90,96.7,322769.0,-33,True,True,False,0,33
UK-M,UK,M,20786,UK-M-DE-DUB-5,89,309083.7,349494.0,160,1.0,90,96.7,322769.0,-1,False,True,False,0,1
UK-M,UK,M,26345,UK-M-DE-DUB-5,91,443626.2,466902.8,110,1.0,90,96.7,322769.0,1,True,False,False,1,0
UK-M,UK,M,32930,UK-M-DE-DUB-9,92,436664.4,515540.8,111,1.0,90,96.7,322769.0,2,True,False,False,2,0
UK-M,UK,M,33635,UK-M-DE-DUB-9,93,354489.3,536825.3,142,1.0,90,96.7,322769.0,3,True,False,False,3,0
UK-M,UK,M,34418,UK-M-ACCPSE-DUB-1,90,79358.7,121526.8,88,0.0,90,96.7,322769.0,0,False,False,True,0,0
UK-M,UK,M,34773,UK-M-SA-DUB-1,176,59201.2,83832.8,153,0.0,90,96.7,322769.0,86,True,False,False,86,0
UK-M,UK,M,35140,UK-M-DE-DUB-5,90,327769.9,388650.9,130,1.0,90,96.7,322769.0,0,True,False,False,0,0
UK-M,UK,M,36247,UK-M-DE-DUB-3,95,478089.9,486608.1,136,1.0,90,96.7,322769.0,5,True,False,False,5,0
UK-M,UK,M,41669,UK-M-ACCPSE-DUB-1,152,64814.8,86169.6,76,0.0,90,96.7,322769.0,62,True,False,False,62,0
UK-M,UK,M,42967,UK-M-DE-DUB-8,90,449459.2,511007.3,151,1.0,90,96.7,322769.0,0,True,False,False,0,0
UK-M,UK,M,43902,UK-M-DE-DUB-5,91,408147.8,506455.6,45,0.0,90,96.7,322769.0,1,True,False,False,1,0
UK-M,UK,M,43911,UK-M-DE-DUB-1,87,70208.5,492451.1,352,4.0,90,96.7,322769.0,-3,False,True,False,0,3
UK-M,UK,M,45898,UK-M-DE-DUB-2,92,386916.7,478973.7,,,90,96.7,322769.0,2,False,False,True,0,0
UK-M,UK,M,45910,UK-M-SA-DUB-1,125,231091.1,264332.8,,,90,96.7,322769.0,35,False,False,True,0,0
UK-NAM,UK,NAM,714,UK-NAM-SA-LDN-2,14,189475.8,218347.9,33,2.0,15,15.5,123693.0,-1,True,True,False,0,1
UK-NAM,UK,NAM,2797,UK-NAM-HC-LDN-1,12,135108.7,140990.2,3,0.0,15,15.5,123693.0,-3,True,True,False,0,3
UK-NAM,UK,NAM,2860,UK-NAM-ACCPSE-LDN-1,49,91855.4,119841.9,0,0.0,15,15.5,123693.0,34,True,False,False,34,0
UK-NAM,UK,NAM,2897,UK-NAM-B2B-LDN-1,10,64815.5,84462.1,0,0.0,15,15.5,123693.0,-5,False,True,False,0,5
UK-NAM,UK,NAM,4835,UK-NAM-LOG-LDN-2,4,125787.6,422691.0,0,0.0,15,15.5,123693.0,-11,True,True,False,0,11
UK-NAM,UK,NAM,4857,UK-NAM-SA-LDN-1,14,104661.9,161266.5,12,0.0,15,15.5,123693.0,-1,False,True,False,0,1
UK-NAM,UK,NAM,5100,UK-NAM-RH-LDN-1,13,112776.4,138924.4,0,0.0,15,15.5,123693.0,-2,False,True,False,0,2
UK-NAM,UK,NAM,7061,UK-NAM-RH-LDN-1,13,72946.1,126001.1,4,0.0,15,15.5,123693.0,-2,False,True,False,0,2
UK-NAM,UK,NAM,8634,UK-NAM-B2B-LDN-1,13,76931.4,93167.9,14,1.0,15,15.5,123693.0,-2,False,True,False,0,2
UK-NAM,UK,NAM,8637,UK-NAM-SA-LDN-2,19,41917.2,93450.8,30,1.0,15,15.5,123693.0,4,True,False,False,4,0
UK-NAM,UK,NAM,9127,UK-NAM-SA-LDN-2,15,29859.3,37381.0,21,1.0,15,15.5,123693.0,0,False,False,True,0,0
UK-NAM,UK,NAM,9376,UK-NAM-SA-LDN-1,16,57202.0,82936.2,39,2.0,15,15.5,123693.0,1,True,False,False,1,0
UK-NAM,UK,NAM,9879,UK-NAM-SA-LDN-1,16,78636.3,113894.1,25,1.0,15,15.5,123693.0,1,True,False,False,1,0
UK-NAM,UK,NAM,10116,UK-NAM-SA-LDN-2,18,45984.5,65720.2,12,0.0,15,15.5,123693.0,3,True,False,False,3,0
UK-NAM,UK,NAM,10734,UK-NAM-RPO-LDN-1,12,66537.1,50746.5,0,0.0,15,15.5,123693.0,-3,False,True,False,0,3
UK-NAM,UK,NAM,11707,UK-NAM-ACCPSE-LDN-1,49,52392.6,83408.1,0,0.0,15,15.5,123693.0,34,True,False,False,34,0
UK-NAM,UK,NAM,11865,UK-NAM-SA-LDN-1,15,15553.2,21536.7,130,8.0,15,15.5,123693.0,0,False,False,True,0,0
UK-NAM,UK,NAM,12058,UK-NAM-LOG-LDN-1,11,1067810.6,1042303.5,0,0.0,15,15.5,123693.0,-4,True,True,False,0,4
UK-NAM,UK,NAM,12059,UK-NAM-PSE-LDN-1,6,18052.3,135832.9,0,0.0,15,15.5,123693.0,-9,False,True,False,0,9
UK-NAM,UK,NAM,12206,UK-NAM-LOG-LDN-1,18,123068.9,203771.5,0,0.0,15,15.5,123693.0,3,True,False,False,3,0
UK-NAM,UK,NAM,12748,UK-NAM-LOG-LDN-2,1,332148.3,597552.1,46,46.0,15,15.5,123693.0,-14,False,True,False,0,14
UK-NAM,UK,NAM,12909,UK-NAM-HC-LDN-1,9,41369.2,63588.2,0,0.0,15,15.5,123693.0,-6,False,True,False,0,6
UK-NAM,UK,NAM,13701,UK-NAM-SA-LDN-2,16,50769.9,89014.0,60,3.0,15,15.5,123693.0,1,True,False,False,1,0
UK-NAM,UK,NAM,14123,UK-NAM-RPO-LDN-1,8,493778.2,490929.9,5,0.0,15,15.5,123693.0,-7,True,True,False,0,7
UK-NAM,UK,NAM,14777,UK-NAM-HC-LDN-1,11,100132.4,31972.2,0,0.0,15,15.5,123693.0,-4,False,True,False,0,4
UK-NAM,UK,NAM,15057,UK-NAM-RPO-LDN-1,10,183163.4,343443.5,0,0.0,15,15.5,123693.0,-5,True,True,False,0,5
UK-NAM,UK,NAM,15058,UK-NAM-HC-LDN-1,11,80233.2,48887.6,1,0.0,15,15.5,123693.0,-4,False,True,False,0,4
UK-NAM,UK,NAM,15059,UK-NAM-ACCSA-LDN-1,32,27148.9,37291.2,92,2.0,15,15.5,123693.0,17,True,False,False,17,0
UK-NAM,UK,NAM,15860,UK-NAM-B2B-LDN-1,14,40957.7,76179.8,0,0.0,15,15.5,123693.0,-1,False,True,False,0,1
UK-NAM,UK,NAM,15865,UK-NAM-SA-LDN-1,19,19273.2,15703.3,24,1.0,15,15.5,123693.0,4,True,False,False,4,0
UK-NAM,UK,NAM,16460,UK-NAM-B2B-LDN-1,17,77725.5,106738.4,0,0.0,15,15.5,123693.0,2,True,False,False,2,0
UK-NAM,UK,NAM,19012,UK-NAM-B2B-LDN-1,11,131128.5,126573.2,0,0.0,15,15.5,123693.0,-4,True,True,False,0,4
UK-NAM,UK,NAM,19787,UK-NAM-HC-LDN-1,13,67773.1,75242.2,15,1.0,15,15.5,123693.0,-2,False,True,False,0,2
UK-NAM,UK,NAM,19814,UK-NAM-PSE-LDN-2,11,92453.1,131645.1,1,0.0,15,15.5,123693.0,-4,False,True,False,0,4
UK-NAM,UK,NAM,20187,UK-NAM-ACCSA-LDN-1,33,48853.7,48873.6,39,1.0,15,15.5,123693.0,18,True,False,False,18,0
UK-NAM,UK,NAM,23570,UK-NAM-RH-LDN-1,18,34110.5,59205.6,0,0.0,15,15.5,123693.0,3,True,False,False,3,0
UK-NAM,UK,NAM,30197,UK-NAM-LOG-LDN-2,1,191035.8,319751.3,74,74.0,15,15.5,123693.0,-14,False,True,False,0,14
UK-NAM,UK,NAM,32942,UK-NAM-LOG-LDN-2,1,476790.8,594452.7,56,56.0,15,15.5,123693.0,-14,False,True,False,0,14
UK-NAM,UK,NAM,34754,UK-NAM-ACCSA-LDN-1,36,29787.9,12053.5,48,1.0,15,15.5,123693.0,21,True,False,False,21,0
UK-NAM,UK,NAM,35989,UK-NAM-LOG-LDN-1,18,116089.8,259339.3,0,0.0,15,15.5,123693.0,3,True,False,False,3,0
UK-NAM,UK,NAM,36104,UK-NAM-PSE-LDN-1,15,95600.1,95120.3,1,0.0,15,15.5,123693.0,0,False,False,True,0,0
UK-NAM,UK,NAM,36390,UK-NAM-RPO-LDN-1,10,79208.3,80001.4,0,0.0,15,15.5,123693.0,-5,False,True,False,0,5
UK-NAM,UK,NAM,42629,UK-NAM-B2B-LDN-1,18,19140.1,27016.8,0,0.0,15,15.5,123693.0,3,True,False,False,3,0
UK-NAM,UK,NAM,44447,UK-NAM-B2B-LDN-1,13,42464.8,84177.4,1,0.0,15,15.5,123693.0,-2,False,True,False,0,2
US-DCA,US,DCA,1583,US-DCA-AUTO-STM-3,31,418463.1,484914.4,59,1.0,138,107.0,412656.0,-107,False,True,False,0,107
US-DCA,US,DCA,1852,US-DCA-AUTO-STM-2,172,768385.0,805566.3,84,0.0,138,107.0,412656.0,34,True,False,False,34,0
US-DCA,US,DCA,2458,US-DCA-WELLCOMM-NYC-2,126,344110.7,360570.2,49,0.0,138,107.0,412656.0,-12,True,True,False,0,12
US-DCA,US,DCA,2469,US-DCA-WELLCOMM-STM-2,147,279002.8,327560.7,51,0.0,138,107.0,412656.0,9,True,False,False,9,0
US-DCA,US,DCA,4251,US-DCA-WELLCOMM-STM-2,135,264799.3,310037.6,4,0.0,138,107.0,412656.0,-3,True,True,False,0,3
US-DCA,US,DCA,4283,US-DCA-QSR-STM-1,40,673194.2,854562.8,11,0.0,138,107.0,412656.0,-98,True,True,False,0,98
US-DCA,US,DCA,4356,US-DCA-INS-STM-1,124,380824.2,402032.5,71,0.0,138,107.0,412656.0,-14,True,True,False,0,14
US-DCA,US,DCA,4360,US-DCA-QSR-NYC-1,108,234972.3,221468.9,41,0.0,138,107.0,412656.0,-30,True,True,False,0,30
US-DCA,US,DCA,4499,US-DCA-AUTO-STM-3,50,691740.4,846636.2,46,0.0,138,107.0,412656.0,-88,True,True,False,0,88
US-DCA,US,DCA,4598,US-DCA-AUTO-STM-2,40,628158.3,758166.5,15,0.0,138,107.0,412656.0,-98,True,True,False,0,98
US-DCA,US,DCA,4661,US-DCA-AUTO-STM-2,153,732229.4,907059.7,113,0.0,138,107.0,412656.0,15,True,False,False,15,0
US-DCA,US,DCA,4785,US-DCA-WELLCOMM-STM-2,141,327881.3,380354.9,102,0.0,138,107.0,412656.0,3,True,False,False,3,0
US-DCA,US,DCA,4798,US-DCA-INS-NYC-1,116,417237.4,258448.8,47,0.0,138,107.0,412656.0,-22,True,True,False,0,22
US-DCA,US,DCA,4814,US-DCA-QSR-NYC-2,52,550304.2,700888.4,27,0.0,138,107.0,412656.0,-86,True,True,False,0,86
US-DCA,US,DCA,5035,US-DCA-AUTO-STM-1,40,513739.6,612595.8,64,1.0,138,107.0,412656.0,-98,False,True,False,0,98
US-DCA,US,DCA,5216,US-DCA-WELLCOMM-STM-1,133,357447.7,356303.9,230,1.0,138,107.0,412656.0,-5,True,True,False,0,5
US-DCA,US,DCA,5225,US-DCA-WELLCOMM-NYC-2,144,374406.5,388736.3,56,0.0,138,107.0,412656.0,6,True,False,False,6,0
US-DCA,US,DCA,5568,US-DCA-AUTO-STM-2,151,825453.5,959571.7,72,0.0,138,107.0,412656.0,13,True,False,False,13,0
US-DCA,US,DCA,6301,US-DCA-WELLCOMM-STM-1,138,204624.0,243486.1,83,0.0,138,107.0,412656.0,0,True,False,False,0,0
US-DCA,US,DCA,6413,US-DCA-AUTO-STM-1,39,770304.8,922340.0,29,0.0,138,107.0,412656.0,-99,True,True,False,0,99
US-DCA,US,DCA,7071,US-DCA-WELLCOMM-STM-2,53,334474.6,332709.5,29,0.0,138,107.0,412656.0,-85,False,True,False,0,85
US-DCA,US,DCA,7394,US-DCA-AUTO-STM-2,132,787563.7,1036883.0,47,0.0,138,107.0,412656.0,-6,True,True,False,0,6
US-DCA,US,DCA,8375,US-DCA-INS-STM-1,119,421872.9,473571.0,40,0.0,138,107.0,412656.0,-19,True,True,False,0,19
US-DCA,US,DCA,8507,US-DCA-INS-NYC-1,111,553577.9,703240.4,84,0.0,138,107.0,412656.0,-27,True,True,False,0,27
US-DCA,US,DCA,8514,US-DCA-INS-STM-1,115,432885.8,486123.6,32,0.0,138,107.0,412656.0,-23,True,True,False,0,23
US-DCA,US,DCA,8703,US-DCA-AUTO-STM-1,150,706251.4,849385.4,68,0.0,138,107.0,412656.0,12,True,False,False,12,0
US-DCA,US,DCA,8799,US-DCA-WELLCOMM-STM-1,43,365463.9,461801.5,13,0.0,138,107.0,412656.0,-95,False,True,False,0,95
US-DCA,US,DCA,8946,US-DCA-QSR-STM-2,91,323802.5,340459.9,46,0.0,138,107.0,412656.0,-47,False,True,False,0,47
US-DCA,US,DCA,9068,US-DCA-AUTO-STM-1,135,602195.1,744169.1,4,0.0,138,107.0,412656.0,-3,True,True,False,0,3
US-DCA,US,DCA,9666,US-DCA-WELLCOMM-STM-1,150,293496.5,323721.7,85,0.0,138,107.0,412656.0,12,True,False,False,12,0
US-DCA,US,DCA,9784,US-DCA-INS-STM-1,38,138714.9,232019.1,12,0.0,138,107.0,412656.0,-100,False,True,False,0,100
US-DCA,US,DCA,9810,US-DCA-QSR-STM-2,76,200465.9,317358.2,87,1.0,138,107.0,412656.0,-62,False,True,False,0,62
US-DCA,US,DCA,9824,US-DCA-QSR-NYC-1,108,220983.4,294163.6,45,0.0,138,107.0,412656.0,-30,True,True,False,0,30
US-DCA,US,DCA,10078,US-DCA-WELLCOMM-NYC-2,155,327862.2,408136.4,68,0.0,138,107.0,412656.0,17,True,False,False,17,0
US-DCA,US,DCA,10174,US-DCA-WELLCOMM-NYC-2,147,291334.7,300583.2,95,0.0,138,107.0,412656.0,9,True,False,False,9,0
US-DCA,US,DCA,10390,US-DCA-WELLCOMM-STM-2,152,193165.7,267969.9,129,0.0,138,107.0,412656.0,14,True,False,False,14,0
US-DCA,US,DCA,11034,US-DCA-INS-NYC-1,114,494037.1,538256.9,28,0.0,138,107.0,412656.0,-24,True,True,False,0,24
US-DCA,US,DCA,11168,US-DCA-AUTO-STM-2,152,779978.5,972494.4,35,0.0,138,107.0,412656.0,14,True,False,False,14,0
US-DCA,US,DCA,11415,US-DCA-AUTO-STM-3,142,681817.0,801567.6,40,0.0,138,107.0,412656.0,4,True,False,False,4,0
US-DCA,US,DCA,11485,US-DCA-WELLCOMM-NYC-2,33,287514.6,287387.9,27,0.0,138,107.0,412656.0,-105,False,True,False,0,105
US-DCA,US,DCA,11490,US-DCA-WELLCOMM-NYC-1,146,339637.5,298873.0,40,0.0,138,107.0,412656.0,8,True,False,False,8,0
US-DCA,US,DCA,11560,US-DCA-INS-STM-1,112,426696.5,411085.0,58,0.0,138,107.0,412656.0,-26,True,True,False,0,26
US-DCA,US,DCA,11561,US-DCA-AUTO-STM-1,155,844762.5,917843.4,153,0.0,138,107.0,412656.0,17,True,False,False,17,0
US-DCA,US,DCA,12304,US-DCA-AUTO-STM-1,41,673147.4,952601.5,31,0.0,138,107.0,412656.0,-97,True,True,False,0,97
US-DCA,US,DCA,12305,US-DCA-WELLCOMM-STM-1,38,234598.1,331595.4,41,1.0,138,107.0,412656.0,-100,False,True,False,0,100
US-DCA,US,DCA,12358,US-DCA-AUTO-STM-2,156,853376.2,848931.1,57,0.0,138,107.0,412656.0,18,True,False,False,18,0
US-DCA,US,DCA,12546,US-DCA-QSR-NYC-1,103,305140.5,286822.1,39,0.0,138,107.0,412656.0,-35,False,True,False,0,35
US-DCA,US,DCA,12717,US-DCA-QSR-NYC-2,111,284579.3,342865.3,74,0.0,138,107.0,412656.0,-27,True,True,False,0,27
US-DCA,US,DCA,12950,US-DCA-WELLCOMM-NYC-1,53,196103.4,324022.0,6,0.0,138,107.0,412656.0,-85,False,True,False,0,85
US-DCA,US,DCA,13202,US-DCA-AUTO-STM-3,135,846175.0,916851.0,100,0.0,138,107.0,412656.0,-3,True,True,False,0,3
US-DCA,US,DCA,13208,US-DCA-WELLCOMM-NYC-1,139,330553.8,372514.0,127,0.0,138,107.0,412656.0,1,True,False,False,1,0
US-DCA,US,DCA,13597,US-DCA-AUTO-STM-3,149,793597.1,947102.6,60,0.0,138,107.0,412656.0,11,True,False,False,11,0
US-DCA,US,DCA,13750,US-DCA-AUTO-STM-2,34,558757.8,699616.1,51,1.0,138,107.0,412656.0,-104,False,True,False,0,104
US-DCA,US,DCA,14484,US-DCA-QSR-NYC-2,107,252837.3,332268.8,100,0.0,138,107.0,412656.0,-31,True,True,False,0,31
US-DCA,US,DCA,15232,US-DCA-INS-NYC-1,23,118528.4,115279.1,9,0.0,138,107.0,412656.0,-115,False,True,False,0,115
US-DCA,US,DCA,15396,US-DCA-QSR-NYC-2,102,311437.7,398899.4,31,0.0,138,107.0,412656.0,-36,False,True,False,0,36
US-DCA,US,DCA,15429,US-DCA-QSR-STM-2,35,494151.5,607752.4,32,0.0,138,107.0,412656.0,-103,True,True,False,0,103
US-DCA,US,DCA,17014,US-DCA-QSR-STM-1,86,255363.1,302690.9,62,0.0,138,107.0,412656.0,-52,False,True,False,0,52
US-DCA,US,DCA,17834,US-DCA-AUTO-STM-1,153,761072.0,817399.4,139,0.0,138,107.0,412656.0,15,True,False,False,15,0
US-DCA,US,DCA,18144,US-DCA-QSR-NYC-1,35,338023.1,402065.3,29,0.0,138,107.0,412656.0,-103,False,True,False,0,103
US-DCA,US,DCA,18509,US-DCA-WELLCOMM-NYC-1,159,297199.4,318356.5,24,0.0,138,107.0,412656.0,21,True,False,False,21,0
US-DCA,US,DCA,19070,US-DCA-QSR-STM-1,48,447719.7,576892.1,17,0.0,138,107.0,412656.0,-90,True,True,False,0,90
US-DCA,US,DCA,19138,US-DCA-AUTO-STM-2,40,569065.4,785398.8,46,1.0,138,107.0,412656.0,-98,False,True,False,0,98
US-DCA,US,DCA,19244,US-DCA-AUTO-STM-3,114,736099.3,865217.8,115,1.0,138,107.0,412656.0,-24,False,True,False,0,24
US-DCA,US,DCA,19661,US-DCA-WELLCOMM-STM-1,141,315205.0,371059.7,147,1.0,138,107.0,412656.0,3,False,False,True,0,0
US-DCA,US,DCA,21467,US-DCA-AUTO-STM-1,145,784945.2,963787.6,100,0.0,138,107.0,412656.0,7,True,False,False,7,0
US-DCA,US,DCA,23768,US-DCA-WELLCOMM-NYC-2,118,309888.9,382709.2,109,0.0,138,107.0,412656.0,-20,True,True,False,0,20
US-DCA,US,DCA,24654,US-DCA-INS-STM-1,123,453757.4,475807.0,54,0.0,138,107.0,412656.0,-15,True,True,False,0,15
US-DCA,US,DCA,24655,US-DCA-WELLCOMM-STM-1,121,375503.5,405490.4,115,0.0,138,107.0,412656.0,-17,True,True,False,0,17
US-DCA,US,DCA,24746,US-DCA-AUTO-STM-3,145,607000.8,726468.9,68,0.0,138,107.0,412656.0,7,True,False,False,7,0
US-DCA,US,DCA,25533,US-DCA-WELLCOMM-STM-1,137,347097.8,476632.7,175,1.0,138,107.0,412656.0,-1,False,True,False,0,1
US-DCA,US,DCA,25657,US-DCA-INS-NYC-1,2,17509.9,0.0,,,138,107.0,412656.0,-136,False,True,False,0,136
US-DCA,US,DCA,25809,US-DCA-WELLCOMM-NYC-1,122,222911.3,286270.2,80,0.0,138,107.0,412656.0,-16,True,True,False,0,16
US-DCA,US,DCA,25983,US-DCA-INS-NYC-1,130,455118.6,502520.7,0,0.0,138,107.0,412656.0,-8,True,True,False,0,8
US-DCA,US,DCA,26038,US-DCA-WELLCOMM-NYC-1,62,437091.6,576753.7,14,0.0,138,107.0,412656.0,-76,True,True,False,0,76
US-DCA,US,DCA,26542,US-DCA-QSR-STM-1,82,281133.5,284314.4,36,0.0,138,107.0,412656.0,-56,False,True,False,0,56
US-DCA,US,DCA,26555,US-DCA-WELLCOMM-NYC-1,120,219252.5,253042.2,54,0.0,138,107.0,412656.0,-18,True,True,False,0,18
US-DCA,US,DCA,27413,US-DCA-WELLCOMM-NYC-1,142,344173.7,347107.5,84,0.0,138,107.0,412656.0,4,True,False,False,4,0
US-DCA,US,DCA,27646,US-DCA-AUTO-STM-3,33,252894.0,310365.3,57,1.0,138,107.0,412656.0,-105,False,True,False,0,105
US-DCA,US,DCA,28430,US-DCA-WELLCOMM-NYC-1,147,324255.4,356064.2,48,0.0,138,107.0,412656.0,9,True,False,False,9,0
US-DCA,US,DCA,29943,US-DCA-QSR-STM-2,94,267879.0,365580.7,60,0.0,138,107.0,412656.0,-44,False,True,False,0,44
US-DCA,US,DCA,30248,US-DCA-QSR-NYC-1,92,183285.0,238487.3,46,0.0,138,107.0,412656.0,-46,False,True,False,0,46
US-DCA,US,DCA,31835,US-DCA-QSR-STM-1,67,315182.0,377226.0,37,0.0,138,107.0,412656.0,-71,False,True,False,0,71
US-DCA,US,DCA,31971,US-DCA-INS-NYC-1,114,512894.0,445515.6,59,0.0,138,107.0,412656.0,-24,True,True,False,0,24
US-DCA,US,DCA,32166,US-DCA-WELLCOMM-STM-2,144,328816.1,366001.7,151,1.0,138,107.0,412656.0,6,False,False,True,0,0
US-DCA,US,DCA,33621,US-DCA-QSR-NYC-2,106,243541.1,296627.1,0,0.0,138,107.0,412656.0,-32,False,True,False,0,32
US-DCA,US,DCA,35540,US-DCA-WELLCOMM-STM-1,133,324526.9,366088.2,84,0.0,138,107.0,412656.0,-5,True,True,False,0,5
US-DCA,US,DCA,35874,US-DCA-WELLCOMM-NYC-1,144,365221.3,381483.5,56,0.0,138,107.0,412656.0,6,True,False,False,6,0
US-DCA,US,DCA,40757,US-DCA-WELLCOMM-STM-2,129,287490.6,341030.0,132,1.0,138,107.0,412656.0,-9,False,True,False,0,9
US-DCA,US,DCA,41041,US-DCA-WELLCOMM-NYC-2,137,312592.7,380754.1,77,0.0,138,107.0,412656.0,-1,True,True,False,0,1
US-DCA,US,DCA,41379,US-DCA-WELLCOMM-NYC-2,145,314955.8,365497.3,100,0.0,138,107.0,412656.0,7,True,False,False,7,0
US-DCA,US,DCA,42461,US-DCA-QSR-NYC-2,89,259391.2,290472.4,46,0.0,138,107.0,412656.0,-49,False,True,False,0,49
US-DCA,US,DCA,42726,US-DCA-QSR-STM-2,81,269694.6,244100.6,21,0.0,138,107.0,412656.0,-57,False,True,False,0,57
US-DCA,US,DCA,42727,US-DCA-WELLCOMM-STM-2,128,323748.3,391728.8,111,0.0,138,107.0,412656.0,-10,True,True,False,0,10
US-DCA,US,DCA,42729,US-DCA-WELLCOMM-NYC-2,147,326526.5,361147.8,91,0.0,138,107.0,412656.0,9,True,False,False,9,0
US-DCA,US,DCA,43467,US-DCA-QSR-STM-2,105,339097.6,415746.4,34,0.0,138,107.0,412656.0,-33,False,True,False,0,33
US-DCA,US,DCA,43972,US-DCA-INS-STM-1,115,449523.8,502622.7,55,0.0,138,107.0,412656.0,-23,True,True,False,0,23
US-DCA,US,DCA,43973,US-DCA-WELLCOMM-NYC-2,134,317078.9,308071.5,125,0.0,138,107.0,412656.0,-4,True,True,False,0,4
US-DCA,US,DCA,44349,US-DCA-WELLCOMM-NYC-1,136,335549.5,379895.9,83,0.0,138,107.0,412656.0,-2,True,True,False,0,2
US-DCA,US,DCA,44976,US-DCA-QSR-STM-1,83,257853.6,254536.9,77,0.0,138,107.0,412656.0,-55,False,True,False,0,55
US-DCA,US,DCA,45232,US-DCA-WELLCOMM-NYC-2,142,268109.5,341394.8,74,0.0,138,107.0,412656.0,4,True,False,False,4,0
US-DCA,US,DCA,45364,US-DCA-QSR-NYC-1,97,259924.7,347201.7,18,0.0,138,107.0,412656.0,-41,False,True,False,0,41
US-DCA,US,DCA,46555,US-DCA-INS-NYC-1,116,429616.5,445848.6,7,0.0,138,107.0,412656.0,-22,True,True,False,0,22
US-L,US,L,1071,US-L-DE-STM-3,35,475487.9,469061.8,52,1.0,58,39.6,414548.0,-23,True,True,False,0,23
US-L,US,L,1258,US-L-DE-ATX-1,44,589328.5,575318.1,94,2.0,58,39.6,414548.0,-14,True,True,False,0,14
US-L,US,L,1428,US-L-DE-ATX-2,41,702919.7,796271.4,4,0.0,58,39.6,414548.0,-17,True,True,False,0,17
US-L,US,L,1573,US-L-DE-NYC-7,37,541608.2,589954.8,0,0.0,58,39.6,414548.0,-21,True,True,False,0,21
US-L,US,L,2151,US-L-DE-ATX-4,40,273094.5,330906.0,1,0.0,58,39.6,414548.0,-18,True,True,False,0,18
US-L,US,L,2531,US-L-SA-STM-1,58,332673.7,407849.2,131,2.0,58,39.6,414548.0,0,False,False,True,0,0
US-L,US,L,2580,US-L-DE-NYC-5,35,452044.5,483331.5,82,2.0,58,39.6,414548.0,-23,False,True,False,0,23
US-L,US,L,2738,US-L-DE-STM-5,38,722052.3,806776.7,63,1.0,58,39.6,414548.0,-20,True,True,False,0,20
US-L,US,L,2778,US-L-DE-NYC-4,35,423357.2,553356.5,13,0.0,58,39.6,414548.0,-23,True,True,False,0,23
US-L,US,L,3316,US-L-DE-NYC-7,35,393261.7,422358.3,46,1.0,58,39.6,414548.0,-23,False,True,False,0,23
US-L,US,L,3606,US-L-DE-STM-5,37,391631.7,432407.1,113,3.0,58,39.6,414548.0,-21,False,True,False,0,21
US-L,US,L,3650,US-L-DE-STM-1,36,957139.1,1092341.7,90,2.0,58,39.6,414548.0,-22,False,True,False,0,22
US-L,US,L,3782,US-L-SA-STM-1,57,377443.5,444545.4,152,2.0,58,39.6,414548.0,-1,False,True,False,0,1
US-L,US,L,4334,US-L-DE-NYC-8,34,554791.0,639459.7,14,0.0,58,39.6,414548.0,-24,True,True,False,0,24
US-L,US,L,5030,US-L-SA-NYC-1,59,198466.8,293333.1,105,1.0,58,39.6,414548.0,1,True,False,False,1,0
US-L,US,L,5137,US-L-DE-NYC-1,38,208906.6,309697.5,74,1.0,58,39.6,414548.0,-20,False,True,False,0,20
US-L,US,L,6297,US-L-DE-STM-3,34,505094.0,667703.8,84,2.0,58,39.6,414548.0,-24,False,True,False,0,24
US-L,US,L,7167,US-L-DE-STM-2,35,237082.9,440667.3,29,0.0,58,39.6,414548.0,-23,False,True,False,0,23
US-L,US,L,8267,US-L-DE-NYC-6,39,442591.8,537718.9,68,1.0,58,39.6,414548.0,-19,True,True,False,0,19
US-L,US,L,8524,US-L-DE-STM-4,36,433715.4,626223.7,112,3.0,58,39.6,414548.0,-22,False,True,False,0,22
US-L,US,L,9656,US-L-DE-NYC-4,36,466155.7,408719.2,37,1.0,58,39.6,414548.0,-22,True,True,False,0,22
US-L,US,L,9700,US-L-DE-ATX-1,40,317560.8,374731.6,73,1.0,58,39.6,414548.0,-18,True,True,False,0,18
US-L,US,L,10177,US-L-DE-NYC-5,39,386511.4,369854.1,51,1.0,58,39.6,414548.0,-19,False,True,False,0,19
US-L,US,L,10178,US-L-DE-NYC-3,37,471796.7,615643.2,83,2.0,58,39.6,414548.0,-21,False,True,False,0,21
US-L,US,L,10323,US-L-DE-STM-6,38,335048.8,489450.3,59,1.0,58,39.6,414548.0,-20,False,True,False,0,20
US-L,US,L,10346,US-L-DE-NYC-5,36,299623.3,333304.4,56,1.0,58,39.6,414548.0,-22,False,True,False,0,22
US-L,US,L,10474,US-L-DE-NYC-4,37,348185.9,500683.7,83,2.0,58,39.6,414548.0,-21,False,True,False,0,21
US-L,US,L,11801,US-L-SA-STM-Franchise-1,6,213540.7,212344.3,73,12.0,58,39.6,414548.0,-52,False,True,False,0,52
US-L,US,L,12135,US-L-DE-NYC-3,34,300465.9,335590.6,96,2.0,58,39.6,414548.0,-24,False,True,False,0,24
US-L,US,L,12301,US-L-DE-STM-6,42,296748.9,409851.6,89,2.0,58,39.6,414548.0,-16,False,True,False,0,16
US-L,US,L,12539,US-L-DE-STM-6,37,418816.8,526350.4,61,1.0,58,39.6,414548.0,-21,True,True,False,0,21
US-L,US,L,13214,US-L-DE-STM-4,35,155781.2,207918.3,0,0.0,58,39.6,414548.0,-23,False,True,False,0,23
US-L,US,L,13251,US-L-DE-ATX-4,40,644442.5,705119.9,41,1.0,58,39.6,414548.0,-18,True,True,False,0,18
US-L,US,L,13755,US-L-DE-NYC-6,36,364580.9,430403.1,97,2.0,58,39.6,414548.0,-22,False,True,False,0,22
US-L,US,L,13805,US-L-DE-ATX-1,40,657239.9,750072.3,39,0.0,58,39.6,414548.0,-18,True,True,False,0,18
US-L,US,L,14255,US-L-DE-STM-3,34,505640.5,561901.3,130,3.0,58,39.6,414548.0,-24,False,True,False,0,24
US-L,US,L,14267,US-L-DE-STM-4,36,695881.3,995876.7,120,3.0,58,39.6,414548.0,-22,False,True,False,0,22
US-L,US,L,14472,US-L-DE-NYC-5,36,412916.4,578497.9,98,2.0,58,39.6,414548.0,-22,False,True,False,0,22
US-L,US,L,14476,US-L-DE-STM-6,37,364639.3,253515.2,89,2.0,58,39.6,414548.0,-21,False,True,False,0,21
US-L,US,L,14703,US-L-DE-ATX-3,40,588860.3,698019.5,3,0.0,58,39.6,414548.0,-18,True,True,False,0,18
US-L,US,L,15229,US-L-DE-STM-7,40,256004.3,351946.3,72,1.0,58,39.6,414548.0,-18,True,True,False,0,18
US-L,US,L,15230,US-L-DE-STM-1,35,390213.9,468015.8,74,2.0,58,39.6,414548.0,-23,False,True,False,0,23
US-L,US,L,15240,US-L-DE-STM-5,41,277579.3,319622.0,34,0.0,58,39.6,414548.0,-17,True,True,False,0,17
US-L,US,L,15478,US-L-DE-NYC-3,33,134007.1,239775.9,32,0.0,58,39.6,414548.0,-25,False,True,False,0,25
US-L,US,L,15634,US-L-DE-STM-2,33,274144.6,257338.8,94,2.0,58,39.6,414548.0,-25,False,True,False,0,25
US-L,US,L,15731,US-L-DE-ATX-3,41,422013.2,454862.2,43,1.0,58,39.6,414548.0,-17,True,True,False,0,17
US-L,US,L,15732,US-L-DE-ATX-3,40,371848.7,365840.3,42,1.0,58,39.6,414548.0,-18,True,True,False,0,18
US-L,US,L,15970,US-L-DE-STM-1,36,378921.7,485225.8,35,0.0,58,39.6,414548.0,-22,False,True,False,0,22
US-L,US,L,16300,US-L-DE-NYC-6,42,543475.4,680465.9,1,0.0,58,39.6,414548.0,-16,True,True,False,0,16
US-L,US,L,16301,US-L-DE-NYC-4,36,481770.1,636740.8,92,2.0,58,39.6,414548.0,-22,False,True,False,0,22
US-L,US,L,16997,US-L-DE-ATX-5,43,398685.0,554457.3,1,0.0,58,39.6,414548.0,-15,True,True,False,0,15
US-L,US,L,17054,US-L-SA-NYC-1,57,543067.8,674105.7,177,3.0,58,39.6,414548.0,-1,False,True,False,0,1
US-L,US,L,17113,US-L-DE-STM-2,36,403955.2,428965.1,33,0.0,58,39.6,414548.0,-22,False,True,False,0,22
US-L,US,L,17350,US-L-DE-NYC-6,36,375185.4,568934.0,91,2.0,58,39.6,414548.0,-22,False,True,False,0,22
US-L,US,L,17596,US-L-DE-STM-4,37,366427.3,368849.8,56,1.0,58,39.6,414548.0,-21,False,True,False,0,21
US-L,US,L,17628,US-L-DE-NYC-5,33,453616.6,410495.5,54,1.0,58,39.6,414548.0,-25,True,True,False,0,25
US-L,US,L,17645,US-L-DE-NYC-4,35,239516.2,270151.7,75,2.0,58,39.6,414548.0,-23,False,True,False,0,23
US-L,US,L,17646,US-L-SA-STM-1,58,230855.9,340869.9,146,2.0,58,39.6,414548.0,0,False,False,True,0,0
US-L,US,L,17674,US-L-DE-NYC-7,34,273947.5,294202.3,62,1.0,58,39.6,414548.0,-24,False,True,False,0,24
US-L,US,L,17695,US-L-SA-STM-1,57,374029.1,507588.9,10,0.0,58,39.6,414548.0,-1,True,True,False,0,1
US-L,US,L,17707,US-L-SA-STM-1,56,472202.3,496530.3,149,2.0,58,39.6,414548.0,-2,False,True,False,0,2
US-L,US,L,17848,US-L-DE-STM-2,37,229884.8,219251.9,0,0.0,58,39.6,414548.0,-21,False,True,False,0,21
US-L,US,L,18094,US-L-SA-STM-1,57,247139.5,227660.7,106,1.0,58,39.6,414548.0,-1,True,True,False,0,1
US-L,US,L,18138,US-L-DE-NYC-8,36,332070.4,415329.2,101,2.0,58,39.6,414548.0,-22,False,True,False,0,22
US-L,US,L,18153,US-L-DE-STM-2,42,257473.4,355945.2,76,1.0,58,39.6,414548.0,-16,True,True,False,0,16
US-L,US,L,18364,US-L-DE-NYC-7,37,272139.0,369940.4,47,1.0,58,39.6,414548.0,-21,False,True,False,0,21
US-L,US,L,18917,US-L-DE-NYC-4,35,478177.8,613857.0,80,2.0,58,39.6,414548.0,-23,False,True,False,0,23
US-L,US,L,18943,US-L-DE-STM-5,38,705184.3,780033.9,1,0.0,58,39.6,414548.0,-20,True,True,False,0,20
US-L,US,L,19570,US-L-DE-NYC-8,32,419150.9,558471.0,50,1.0,58,39.6,414548.0,-26,True,True,False,0,26
US-L,US,L,19577,US-L-SA-NYC-1,57,416900.0,738900.0,184,3.0,58,39.6,414548.0,-1,False,True,False,0,1
US-L,US,L,20068,US-L-DE-ATX-5,41,253771.6,300759.4,38,0.0,58,39.6,414548.0,-17,True,True,False,0,17
US-L,US,L,20204,US-L-DE-NYC-4,37,253902.2,316543.7,83,2.0,58,39.6,414548.0,-21,False,True,False,0,21
US-L,US,L,20321,US-L-DE-NYC-2,38,430504.8,499736.1,120,3.0,58,39.6,414548.0,-20,False,True,False,0,20
US-L,US,L,20346,US-L-DE-ATX-2,42,306234.2,311674.8,16,0.0,58,39.6,414548.0,-16,True,True,False,0,16
US-L,US,L,20978,US-L-DE-ATX-2,40,906837.2,950006.9,36,0.0,58,39.6,414548.0,-18,True,True,False,0,18
US-L,US,L,22734,US-L-DE-ATX-3,38,253359.3,307109.8,37,0.0,58,39.6,414548.0,-20,False,True,False,0,20
US-L,US,L,23204,US-L-DE-NYC-5,35,764500.9,862914.4,83,2.0,58,39.6,414548.0,-23,False,True,False,0,23
US-L,US,L,23205,US-L-DE-STM-5,37,451741.0,546994.1,63,1.0,58,39.6,414548.0,-21,True,True,False,0,21
US-L,US,L,23224,US-L-DE-STM-1,37,358370.0,398411.9,55,1.0,58,39.6,414548.0,-21,False,True,False,0,21
US-L,US,L,23228,US-L-DE-ATX-4,42,467121.9,579849.2,15,0.0,58,39.6,414548.0,-16,True,True,False,0,16
US-L,US,L,23240,US-L-DE-STM-5,35,160694.7,158078.8,104,2.0,58,39.6,414548.0,-23,False,True,False,0,23
US-L,US,L,23941,US-L-DE-NYC-7,34,288795.2,287228.1,32,0.0,58,39.6,414548.0,-24,False,True,False,0,24
US-L,US,L,24011,US-L-DE-CHI-1,41,642884.4,653355.7,55,1.0,58,39.6,414548.0,-17,True,True,False,0,17
US-L,US,L,24948,US-L-DE-STM-1,37,445827.0,561737.0,92,2.0,58,39.6,414548.0,-21,False,True,False,0,21
US-L,US,L,25544,US-L-DE-STM-1,36,396673.7,477681.5,0,0.0,58,39.6,414548.0,-22,False,True,False,0,22
US-L,US,L,25580,US-L-DE-STM-7,35,233918.5,345124.1,53,1.0,58,39.6,414548.0,-23,False,True,False,0,23
US-L,US,L,25611,US-L-DE-ATX-4,40,518845.9,743376.3,,,58,39.6,414548.0,-18,False,True,False,0,18
US-L,US,L,25614,US-L-DE-ATX-5,41,412640.0,417082.9,,,58,39.6,414548.0,-17,False,True,False,0,17
US-L,US,L,25615,US-L-DE-ATX-3,41,1214603.9,1297383.6,,,58,39.6,414548.0,-17,False,True,False,0,17
US-L,US,L,25626,US-L-DE-NYC-2,37,558443.6,573973.0,,,58,39.6,414548.0,-21,False,True,False,0,21
US-L,US,L,25630,US-L-DE-ATX-5,40,443705.5,495743.6,,,58,39.6,414548.0,-18,False,True,False,0,18
US-L,US,L,25631,US-L-DE-STM-2,39,688262.5,762680.7,,,58,39.6,414548.0,-19,False,True,False,0,19
US-L,US,L,25633,US-L-DE-ATX-1,42,738046.9,815646.1,,,58,39.6,414548.0,-16,False,True,False,0,16
US-L,US,L,25653,US-L-DE-NYC-2,34,479281.8,518943.6,,,58,39.6,414548.0,-24,False,True,False,0,24
US-L,US,L,26132,US-L-DE-STM-5,34,235204.0,375109.6,24,0.0,58,39.6,414548.0,-24,False,True,False,0,24
US-L,US,L,26177,US-L-SA-STM-1,57,263873.4,262089.4,152,2.0,58,39.6,414548.0,-1,True,True,False,0,1
US-L,US,L,26473,US-L-DE-STM-7,35,483223.7,564620.8,72,2.0,58,39.6,414548.0,-23,False,True,False,0,23
US-L,US,L,26768,US-L-DE-NYC-6,37,288892.3,484033.3,37,1.0,58,39.6,414548.0,-21,False,True,False,0,21
US-L,US,L,26775,US-L-DE-NYC-5,34,662102.1,866016.5,83,2.0,58,39.6,414548.0,-24,False,True,False,0,24
US-L,US,L,26946,US-L-DE-NYC-8,34,273415.0,419302.8,64,1.0,58,39.6,414548.0,-24,False,True,False,0,24
US-L,US,L,27648,US-L-DE-STM-4,42,467339.6,545958.6,61,1.0,58,39.6,414548.0,-16,True,True,False,0,16
US-L,US,L,28368,US-L-DE-STM-3,36,614235.3,751910.7,102,2.0,58,39.6,414548.0,-22,False,True,False,0,22
US-L,US,L,28371,US-L-DE-NYC-1,39,278678.0,341731.6,88,2.0,58,39.6,414548.0,-19,False,True,False,0,19
US-L,US,L,28467,US-L-SA-NYC-2,57,294614.9,251596.4,128,2.0,58,39.6,414548.0,-1,True,True,False,0,1
US-L,US,L,28951,US-L-DE-STM-6,35,391947.4,436409.1,77,2.0,58,39.6,414548.0,-23,False,True,False,0,23
US-L,US,L,29222,US-L-DE-STM-6,35,197107.8,344958.7,53,1.0,58,39.6,414548.0,-23,False,True,False,0,23
US-L,US,L,30204,US-L-SA-NYC-1,57,243817.0,276134.5,131,2.0,58,39.6,414548.0,-1,False,True,False,0,1
US-L,US,L,30205,US-L-SA-NYC-2,57,585712.2,879627.7,126,2.0,58,39.6,414548.0,-1,False,True,False,0,1
US-L,US,L,30801,US-L-DE-STM-7,34,496858.2,692364.1,98,2.0,58,39.6,414548.0,-24,False,True,False,0,24
US-L,US,L,31227,US-L-DE-NYC-8,34,322809.0,371111.2,106,3.0,58,39.6,414548.0,-24,False,True,False,0,24
US-L,US,L,31248,US-L-DE-NYC-8,41,421322.2,692018.3,65,1.0,58,39.6,414548.0,-17,True,True,False,0,17
US-L,US,L,31302,US-L-DE-STM-6,37,739230.7,1079714.7,21,0.0,58,39.6,414548.0,-21,True,True,False,0,21
US-L,US,L,31328,US-L-DE-CHI-1,43,335151.8,383725.4,57,1.0,58,39.6,414548.0,-15,True,True,False,0,15
US-L,US,L,31342,US-L-DE-CHI-1,42,743999.7,871766.1,100,2.0,58,39.6,414548.0,-16,False,True,False,0,16
US-L,US,L,31817,US-L-DE-NYC-6,35,313366.6,346140.7,69,1.0,58,39.6,414548.0,-23,False,True,False,0,23
US-L,US,L,31837,US-L-DE-STM-7,37,626399.1,807407.1,45,1.0,58,39.6,414548.0,-21,True,True,False,0,21
US-L,US,L,32099,US-L-DE-NYC-8,34,134520.8,155496.0,43,1.0,58,39.6,414548.0,-24,False,True,False,0,24
US-L,US,L,32175,US-L-DE-NYC-1,41,202451.1,280111.6,3,0.0,58,39.6,414548.0,-17,True,True,False,0,17
US-L,US,L,32413,US-L-SA-STM-Franchise-1,2,271954.3,306757.8,0,0.0,58,39.6,414548.0,-56,False,True,False,0,56
US-L,US,L,32448,US-L-DE-STM-5,37,285140.7,381869.0,79,2.0,58,39.6,414548.0,-21,False,True,False,0,21
US-L,US,L,32553,US-L-DE-STM-4,35,351685.6,453424.4,81,2.0,58,39.6,414548.0,-23,False,True,False,0,23
US-L,US,L,32640,US-L-DE-STM-6,37,327028.3,346695.4,78,2.0,58,39.6,414548.0,-21,False,True,False,0,21
US-L,US,L,32814,US-L-DE-STM-3,35,372971.4,451512.1,93,2.0,58,39.6,414548.0,-23,False,True,False,0,23
US-L,US,L,32877,US-L-DE-STM-7,37,426099.8,523548.0,40,1.0,58,39.6,414548.0,-21,True,True,False,0,21
US-L,US,L,32880,US-L-DE-STM-7,36,315843.0,391738.5,116,3.0,58,39.6,414548.0,-22,False,True,False,0,22
US-L,US,L,33325,US-L-DE-ATX-3,41,418874.0,675557.9,15,0.0,58,39.6,414548.0,-17,True,True,False,0,17
US-L,US,L,33352,US-L-DE-STM-2,41,534518.5,758792.4,26,0.0,58,39.6,414548.0,-17,True,True,False,0,17
US-L,US,L,33446,US-L-DE-NYC-2,38,312860.7,271093.9,55,1.0,58,39.6,414548.0,-20,False,True,False,0,20
US-L,US,L,33937,US-L-DE-NYC-2,39,260165.5,352411.1,30,0.0,58,39.6,414548.0,-19,False,True,False,0,19
US-L,US,L,34182,US-L-DE-NYC-6,37,345885.6,373722.3,46,1.0,58,39.6,414548.0,-21,False,True,False,0,21
US-L,US,L,34268,US-L-DE-STM-3,34,518978.8,605008.8,43,1.0,58,39.6,414548.0,-24,True,True,False,0,24
US-L,US,L,34430,US-L-DE-NYC-2,35,409817.9,480889.6,83,2.0,58,39.6,414548.0,-23,False,True,False,0,23
US-L,US,L,34457,US-L-DE-STM-4,36,392906.1,483997.9,84,2.0,58,39.6,414548.0,-22,False,True,False,0,22
US-L,US,L,34462,US-L-DE-NYC-2,35,465575.2,621018.7,81,2.0,58,39.6,414548.0,-23,False,True,False,0,23
US-L,US,L,34499,US-L-SA-STM-Franchise-1,7,371696.9,427577.9,78,11.0,58,39.6,414548.0,-51,False,True,False,0,51
US-L,US,L,34511,US-L-DE-STM-3,36,356033.2,588653.7,82,2.0,58,39.6,414548.0,-22,False,True,False,0,22
US-L,US,L,34856,US-L-DE-STM-6,39,377802.3,370282.5,98,2.0,58,39.6,414548.0,-19,False,True,False,0,19
US-L,US,L,34883,US-L-SA-STM-1,56,411722.2,383750.0,118,2.0,58,39.6,414548.0,-2,True,True,False,0,2
US-L,US,L,35203,US-L-DE-STM-2,36,325015.4,379516.1,79,2.0,58,39.6,414548.0,-22,False,True,False,0,22
US-L,US,L,35552,US-L-DE-ATX-3,40,816359.2,773683.6,66,1.0,58,39.6,414548.0,-18,True,True,False,0,18
US-L,US,L,36042,US-L-DE-NYC-6,35,1056564.7,1077846.7,96,2.0,58,39.6,414548.0,-23,False,True,False,0,23
US-L,US,L,38264,US-L-DE-CHI-1,43,293772.2,332770.2,59,1.0,58,39.6,414548.0,-15,True,True,False,0,15
US-L,US,L,38392,US-L-DE-CHI-1,41,931093.7,994750.0,19,0.0,58,39.6,414548.0,-17,True,True,False,0,17
US-L,US,L,39086,US-L-DE-NYC-7,35,338161.5,398877.9,47,1.0,58,39.6,414548.0,-23,False,True,False,0,23
US-L,US,L,39087,US-L-DE-ATX-2,41,351537.8,357353.9,38,0.0,58,39.6,414548.0,-17,True,True,False,0,17
US-L,US,L,39135,US-L-DE-NYC-7,35,380979.5,631614.0,48,1.0,58,39.6,414548.0,-23,False,True,False,0,23
US-L,US,L,39350,US-L-DE-ATX-2,38,551409.3,774242.1,83,2.0,58,39.6,414548.0,-20,False,True,False,0,20
US-L,US,L,39395,US-L-DE-ATX-4,41,425970.7,431427.3,90,2.0,58,39.6,414548.0,-17,False,True,False,0,17
US-L,US,L,39529,US-L-DE-ATX-3,40,546594.7,517344.3,95,2.0,58,39.6,414548.0,-18,True,True,False,0,18
US-L,US,L,39566,US-L-DE-ATX-4,45,263264.7,397599.1,81,1.0,58,39.6,414548.0,-13,True,True,False,0,13
US-L,US,L,39586,US-L-DE-ATX-4,43,477149.1,562945.1,88,2.0,58,39.6,414548.0,-15,False,True,False,0,15
US-L,US,L,39735,US-L-SA-NYC-2,57,221760.5,286718.3,126,2.0,58,39.6,414548.0,-1,False,True,False,0,1
US-L,US,L,39736,US-L-SA-NYC-1,59,465463.7,686761.9,116,1.0,58,39.6,414548.0,1,True,False,False,1,0
US-L,US,L,39856,US-L-DE-STM-6,35,417468.4,485973.8,20,0.0,58,39.6,414548.0,-23,True,True,False,0,23
US-L,US,L,40048,US-L-DE-STM-7,37,313124.3,433398.3,99,2.0,58,39.6,414548.0,-21,False,True,False,0,21
US-L,US,L,40171,US-L-SA-STM-Franchise-1,6,698986.2,714383.1,117,19.0,58,39.6,414548.0,-52,False,True,False,0,52
US-L,US,L,40172,US-L-SA-NYC-1,58,244846.3,318287.2,133,2.0,58,39.6,414548.0,0,False,False,True,0,0
US-L,US,L,40196,US-L-DE-NYC-4,34,591024.3,607822.7,59,1.0,58,39.6,414548.0,-24,True,True,False,0,24
US-L,US,L,40245,US-L-DE-STM-4,35,439121.9,607297.8,75,2.0,58,39.6,414548.0,-23,False,True,False,0,23
US-L,US,L,40246,US-L-DE-ATX-1,42,685473.7,655411.3,47,1.0,58,39.6,414548.0,-16,True,True,False,0,16
US-L,US,L,40459,US-L-SA-NYC-1,58,374300.9,378816.3,149,2.0,58,39.6,414548.0,0,False,False,True,0,0
US-L,US,L,40636,US-L-SA-NYC-1,57,313076.2,402318.7,168,2.0,58,39.6,414548.0,-1,False,True,False,0,1
US-L,US,L,40646,US-L-DE-STM-4,39,710221.8,736042.7,84,2.0,58,39.6,414548.0,-19,False,True,False,0,19
US-L,US,L,40758,US-L-DE-STM-3,40,216675.1,288728.0,96,2.0,58,39.6,414548.0,-18,False,True,False,0,18
US-L,US,L,40759,US-L-DE-CHI-1,42,416231.2,533675.6,105,2.0,58,39.6,414548.0,-16,False,True,False,0,16
US-L,US,L,40822,US-L-DE-STM-7,36,446852.7,613097.1,84,2.0,58,39.6,414548.0,-22,False,True,False,0,22
US-L,US,L,40829,US-L-DE-NYC-8,35,269110.5,394367.0,41,1.0,58,39.6,414548.0,-23,False,True,False,0,23
US-L,US,L,40833,US-L-DE-ATX-2,41,636239.8,979864.6,61,1.0,58,39.6,414548.0,-17,True,True,False,0,17
US-L,US,L,40860,US-L-DE-NYC-1,38,144243.1,289180.9,89,2.0,58,39.6,414548.0,-20,False,True,False,0,20
US-L,US,L,40880,US-L-DE-STM-1,37,332304.2,601748.6,88,2.0,58,39.6,414548.0,-21,False,True,False,0,21
US-L,US,L,41010,US-L-SA-NYC-2,56,257515.7,326265.8,112,2.0,58,39.6,414548.0,-2,False,True,False,0,2
US-L,US,L,41048,US-L-DE-NYC-1,38,167693.4,259339.5,3,0.0,58,39.6,414548.0,-20,False,True,False,0,20
US-L,US,L,41452,US-L-DE-ATX-4,41,488327.6,534645.8,63,1.0,58,39.6,414548.0,-17,True,True,False,0,17
US-L,US,L,41489,US-L-SA-NYC-2,56,330009.8,393046.8,136,2.0,58,39.6,414548.0,-2,False,True,False,0,2
US-L,US,L,41618,US-L-DE-STM-1,37,429851.5,460868.1,86,2.0,58,39.6,414548.0,-21,False,True,False,0,21
US-L,US,L,41678,US-L-DE-NYC-3,34,309971.4,347310.8,121,3.0,58,39.6,414548.0,-24,False,True,False,0,24
US-L,US,L,41789,US-L-DE-NYC-1,40,424367.6,538315.2,103,2.0,58,39.6,414548.0,-18,False,True,False,0,18
US-L,US,L,41805,US-L-SA-NYC-2,57,897982.7,1003373.4,106,1.0,58,39.6,414548.0,-1,True,True,False,0,1
US-L,US,L,41837,US-L-DE-NYC-8,37,323859.5,445644.2,76,2.0,58,39.6,414548.0,-21,False,True,False,0,21
US-L,US,L,41838,US-L-DE-NYC-3,36,269511.1,426597.0,81,2.0,58,39.6,414548.0,-22,False,True,False,0,22
US-L,US,L,41841,US-L-DE-STM-2,49,140731.5,197837.5,25,0.0,58,39.6,414548.0,-9,True,True,False,0,9
US-L,US,L,42448,US-L-DE-ATX-5,40,507577.1,446031.0,94,2.0,58,39.6,414548.0,-18,True,True,False,0,18
US-L,US,L,42449,US-L-DE-STM-3,36,199657.7,258752.5,119,3.0,58,39.6,414548.0,-22,False,True,False,0,22
US-L,US,L,42486,US-L-DE-NYC-1,38,245127.7,297056.5,84,2.0,58,39.6,414548.0,-20,False,True,False,0,20
US-L,US,L,42730,US-L-DE-ATX-2,47,594964.8,636074.1,39,0.0,58,39.6,414548.0,-11,True,True,False,0,11
US-L,US,L,42751,US-L-DE-NYC-3,36,501072.9,457296.0,91,2.0,58,39.6,414548.0,-22,True,True,False,0,22
US-L,US,L,42752,US-L-DE-ATX-5,41,292272.4,321362.6,39,0.0,58,39.6,414548.0,-17,True,True,False,0,17
US-L,US,L,42760,US-L-DE-NYC-6,35,414844.7,535749.1,4,0.0,58,39.6,414548.0,-23,True,True,False,0,23
US-L,US,L,42770,US-L-DE-ATX-1,41,138249.1,187166.4,70,1.0,58,39.6,414548.0,-17,True,True,False,0,17
US-L,US,L,42791,US-L-DE-NYC-3,35,424275.2,338004.7,77,2.0,58,39.6,414548.0,-23,True,True,False,0,23
US-L,US,L,42921,US-L-DE-STM-5,35,233528.8,352027.6,3,0.0,58,39.6,414548.0,-23,False,True,False,0,23
US-L,US,L,42924,US-L-DE-NYC-7,38,580719.3,467602.2,32,0.0,58,39.6,414548.0,-20,True,True,False,0,20
US-L,US,L,42988,US-L-DE-NYC-3,40,321755.1,567352.2,13,0.0,58,39.6,414548.0,-18,True,True,False,0,18
US-L,US,L,43533,US-L-DE-STM-2,40,320141.6,368018.1,60,1.0,58,39.6,414548.0,-18,True,True,False,0,18
US-L,US,L,43721,US-L-DE-ATX-2,41,460105.3,675110.2,32,0.0,58,39.6,414548.0,-17,True,True,False,0,17
US-L,US,L,43735,US-L-DE-NYC-4,35,466949.4,603187.4,77,2.0,58,39.6,414548.0,-23,False,True,False,0,23
US-L,US,L,43933,US-L-SA-STM-1,57,348127.0,462235.9,119,2.0,58,39.6,414548.0,-1,False,True,False,0,1
US-L,US,L,43967,US-L-DE-NYC-2,35,305942.8,400478.0,108,3.0,58,39.6,414548.0,-23,False,True,False,0,23
US-L,US,L,44086,US-L-SA-STM-1,62,373331.8,464186.5,140,2.0,58,39.6,414548.0,4,False,False,True,0,0
US-L,US,L,44300,US-L-DE-NYC-5,37,347694.6,408294.4,32,0.0,58,39.6,414548.0,-21,False,True,False,0,21
US-L,US,L,44390,US-L-SA-NYC-2,57,303180.3,332748.7,70,1.0,58,39.6,414548.0,-1,True,True,False,0,1
US-L,US,L,45024,US-L-DE-CHI-1,43,496577.2,613803.0,59,1.0,58,39.6,414548.0,-15,True,True,False,0,15
US-L,US,L,45225,US-L-DE-NYC-7,33,368383.9,559300.1,14,0.0,58,39.6,414548.0,-25,False,True,False,0,25
US-L,US,L,45319,US-L-SA-NYC-2,57,228231.1,250035.6,45,0.0,58,39.6,414548.0,-1,True,True,False,0,1
US-L,US,L,45409,US-L-DE-CHI-1,43,192956.4,261423.8,7,0.0,58,39.6,414548.0,-15,True,True,False,0,15
US-L,US,L,45470,US-L-DE-ATX-1,40,522403.3,805508.7,10,0.0,58,39.6,414548.0,-18,True,True,False,0,18
US-L,US,L,45929,US-L-DE-CHI-1,44,560962.1,532451.9,1,0.0,58,39.6,414548.0,-14,True,True,False,0,14
US-L,US,L,46490,US-L-DE-NYC-1,38,182330.9,245703.2,5,0.0,58,39.6,414548.0,-20,False,True,False,0,20
US-L,US,L,46514,US-L-DE-ATX-5,40,606157.0,741076.2,15,0.0,58,39.6,414548.0,-18,True,True,False,0,18
US-L,US,L,46612,US-L-DE-ATX-1,42,419445.7,554407.5,3,0.0,58,39.6,414548.0,-16,True,True,False,0,16
US-L,US,L,46613,US-L-DE-NYC-5,39,488962.4,661027.4,4,0.0,58,39.6,414548.0,-19,True,True,False,0,19
US-M,US,M,1145,US-M-DE-STM-1,97,382108.9,470215.0,0,0.0,90,97.9,456560.0,7,False,False,True,0,0
US-M,US,M,2056,US-M-DE-NYC-8,94,408640.7,497265.5,99,1.0,90,97.9,456560.0,4,False,False,True,0,0
US-M,US,M,2275,US-M-DE-NYC-7,94,351837.1,449344.9,3,0.0,90,97.9,456560.0,4,False,False,True,0,0
US-M,US,M,2722,US-M-DE-NYC-6,97,259196.6,283034.3,6,0.0,90,97.9,456560.0,7,False,False,True,0,0
US-M,US,M,3061,US-M-DE-NYC-5,96,359963.9,440327.3,9,0.0,90,97.9,456560.0,6,False,False,True,0,0
US-M,US,M,3433,US-M-DE-ATX-5,94,394670.1,470538.4,0,0.0,90,97.9,456560.0,4,False,False,True,0,0
US-M,US,M,3549,US-M-DE-STM-4,92,537608.2,628706.0,133,1.0,90,97.9,456560.0,2,False,False,True,0,0
US-M,US,M,3723,US-M-DE-STM-4,130,547740.9,674899.9,37,0.0,90,97.9,456560.0,40,True,False,False,40,0
US-M,US,M,5235,US-M-DE-NYC-6,98,239781.5,280307.3,147,1.0,90,97.9,456560.0,8,False,False,True,0,0
US-M,US,M,5542,US-M-DE-STM-2,97,319047.1,383916.7,139,1.0,90,97.9,456560.0,7,False,False,True,0,0
US-M,US,M,5648,US-M-DE-ATX-3,95,425822.7,450117.7,8,0.0,90,97.9,456560.0,5,False,False,True,0,0
US-M,US,M,6009,US-M-DE-ATX-4,143,644385.1,442774.6,5,0.0,90,97.9,456560.0,53,True,False,False,53,0
US-M,US,M,6589,US-M-DE-STM-5,94,609638.2,780575.6,164,1.0,90,97.9,456560.0,4,False,False,True,0,0
US-M,US,M,6739,US-M-DE-ATX-6,96,616230.1,728473.6,153,1.0,90,97.9,456560.0,6,False,False,True,0,0
US-M,US,M,6801,US-M-DE-NYC-9,114,432387.6,486393.4,10,0.0,90,97.9,456560.0,24,True,False,False,24,0
US-M,US,M,6996,US-M-DE-NYC-1,95,434568.1,503152.7,1,0.0,90,97.9,456560.0,5,False,False,True,0,0
US-M,US,M,6997,US-M-DE-NYC-2,94,356827.4,425677.9,142,1.0,90,97.9,456560.0,4,False,False,True,0,0
US-M,US,M,7000,US-M-DE-STM-1,97,494514.6,677729.7,111,1.0,90,97.9,456560.0,7,False,False,True,0,0
US-M,US,M,7395,US-M-DE-STM-7,96,452041.3,503082.7,128,1.0,90,97.9,456560.0,6,False,False,True,0,0
US-M,US,M,8101,US-M-DE-SDL-2,96,424398.1,501931.2,107,1.0,90,97.9,456560.0,6,False,False,True,0,0
US-M,US,M,8597,US-M-DE-STM-6,95,383827.3,516241.5,142,1.0,90,97.9,456560.0,5,False,False,True,0,0
US-M,US,M,8809,US-M-DE-ATX-3,97,401274.9,500194.3,149,1.0,90,97.9,456560.0,7,False,False,True,0,0
US-M,US,M,8947,US-M-DE-STM-4,93,559440.9,666885.0,135,1.0,90,97.9,456560.0,3,False,False,True,0,0
US-M,US,M,9078,US-M-SA-NYC-1,136,411099.1,531136.9,4,0.0,90,97.9,456560.0,46,True,False,False,46,0
US-M,US,M,9081,US-M-DE-NYC-9,97,395752.9,408091.1,76,0.0,90,97.9,456560.0,7,False,False,True,0,0
US-M,US,M,9088,US-M-DE-ATX-2,95,489115.0,627824.8,177,1.0,90,97.9,456560.0,5,False,False,True,0,0
US-M,US,M,9090,US-M-DE-ATX-6,94,624289.9,700129.2,70,0.0,90,97.9,456560.0,4,True,False,False,4,0
US-M,US,M,9393,US-M-DE-STM-1,98,445174.9,429419.8,134,1.0,90,97.9,456560.0,8,True,False,False,8,0
US-M,US,M,9508,US-M-DE-STM-6,94,563035.5,625223.3,153,1.0,90,97.9,456560.0,4,False,False,True,0,0
US-M,US,M,9522,US-M-DE-NYC-2,97,540224.8,597045.8,127,1.0,90,97.9,456560.0,7,False,False,True,0,0
US-M,US,M,9663,US-M-DE-STM-2,93,577802.3,585878.8,123,1.0,90,97.9,456560.0,3,False,False,True,0,0
US-M,US,M,9697,US-M-DE-ATX-2,95,474198.2,529542.2,6,0.0,90,97.9,456560.0,5,True,False,False,5,0
US-M,US,M,9976,US-M-DE-NYC-4,94,364490.7,446046.1,106,1.0,90,97.9,456560.0,4,False,False,True,0,0
US-M,US,M,10073,US-M-DE-STM-7,93,587465.7,746053.4,103,1.0,90,97.9,456560.0,3,False,False,True,0,0
US-M,US,M,10673,US-M-DE-STM-9,95,533093.3,643198.6,79,0.0,90,97.9,456560.0,5,True,False,False,5,0
US-M,US,M,11027,US-M-DE-STM-6,95,436987.5,572006.9,138,1.0,90,97.9,456560.0,5,False,False,True,0,0
US-M,US,M,11417,US-M-DE-STM-8,93,412503.7,529261.3,75,0.0,90,97.9,456560.0,3,False,False,True,0,0
US-M,US,M,11487,US-M-DE-NYC-6,93,189747.2,258467.9,80,0.0,90,97.9,456560.0,3,False,False,True,0,0
US-M,US,M,12076,US-M-DE-SDL-1,92,507958.2,553658.4,47,0.0,90,97.9,456560.0,2,True,False,False,2,0
US-M,US,M,12307,US-M-DE-STM-5,97,476239.0,540708.6,167,1.0,90,97.9,456560.0,7,False,False,True,0,0
US-M,US,M,12956,US-M-DE-ATX-6,93,492823.9,592755.6,100,1.0,90,97.9,456560.0,3,False,False,True,0,0
US-M,US,M,13252,US-M-DE-STM-9,95,468045.4,533946.2,164,1.0,90,97.9,456560.0,5,False,False,True,0,0
US-M,US,M,13552,US-M-DE-ATX-5,93,555584.6,678870.6,173,1.0,90,97.9,456560.0,3,False,False,True,0,0
US-M,US,M,13743,US-M-DE-STM-5,97,393526.1,541579.8,145,1.0,90,97.9,456560.0,7,False,False,True,0,0
US-M,US,M,13745,US-M-DE-STM-1,95,724519.7,774878.4,113,1.0,90,97.9,456560.0,5,False,False,True,0,0
US-M,US,M,13797,US-M-DE-ATX-5,92,504911.0,648516.3,156,1.0,90,97.9,456560.0,2,False,False,True,0,0
US-M,US,M,13827,US-M-DE-ATX-3,93,504868.5,588004.6,100,1.0,90,97.9,456560.0,3,False,False,True,0,0
US-M,US,M,14898,US-M-DE-STM-8,95,439545.2,545995.3,152,1.0,90,97.9,456560.0,5,False,False,True,0,0
US-M,US,M,14934,US-M-DE-SDL-1,95,507362.9,589285.1,17,0.0,90,97.9,456560.0,5,True,False,False,5,0
US-M,US,M,15214,US-M-DE-NYC-7,94,441971.4,441417.7,92,0.0,90,97.9,456560.0,4,False,False,True,0,0
US-M,US,M,15233,US-M-DE-STM-5,97,599026.8,733576.7,23,0.0,90,97.9,456560.0,7,True,False,False,7,0
US-M,US,M,15708,US-M-DE-SDL-3,94,530397.2,642027.2,88,0.0,90,97.9,456560.0,4,True,False,False,4,0
US-M,US,M,16296,US-M-DE-STM-1,97,396247.8,458042.0,152,1.0,90,97.9,456560.0,7,False,False,True,0,0
US-M,US,M,16315,US-M-DE-STM-1,95,495341.6,508866.1,140,1.0,90,97.9,456560.0,5,False,False,True,0,0
US-M,US,M,17282,US-M-DE-STM-7,95,484089.4,581794.4,129,1.0,90,97.9,456560.0,5,False,False,True,0,0
US-M,US,M,17521,US-M-DE-NYC-9,95,330184.2,445233.3,131,1.0,90,97.9,456560.0,5,False,False,True,0,0
US-M,US,M,17525,US-M-DE-NYC-1,95,422616.3,471379.6,150,1.0,90,97.9,456560.0,5,False,False,True,0,0
US-M,US,M,17526,US-M-DE-NYC-1,97,428336.1,499434.5,147,1.0,90,97.9,456560.0,7,False,False,True,0,0
US-M,US,M,17649,US-M-DE-STM-9,95,457592.0,491701.5,135,1.0,90,97.9,456560.0,5,False,False,True,0,0
US-M,US,M,18250,US-M-DE-NYC-1,95,567241.1,644516.0,187,1.0,90,97.9,456560.0,5,False,False,True,0,0
US-M,US,M,18409,US-M-DE-SDL-2,94,509103.0,616668.4,88,0.0,90,97.9,456560.0,4,True,False,False,4,0
US-M,US,M,18721,US-M-DE-ATX-2,93,580606.1,601214.4,95,1.0,90,97.9,456560.0,3,False,False,True,0,0
US-M,US,M,18740,US-M-DE-ATX-4,95,518067.8,0.0,133,1.0,90,97.9,456560.0,5,True,False,False,5,0
US-M,US,M,18761,US-M-DE-STM-2,92,511047.6,571045.5,100,1.0,90,97.9,456560.0,2,False,False,True,0,0
US-M,US,M,18923,US-M-DE-ATX-4,94,480331.7,623110.7,127,1.0,90,97.9,456560.0,4,False,False,True,0,0
US-M,US,M,19175,US-M-DE-NYC-4,94,432306.6,445426.7,131,1.0,90,97.9,456560.0,4,False,False,True,0,0
US-M,US,M,19342,US-M-DE-STM-4,97,395309.3,478568.5,182,1.0,90,97.9,456560.0,7,False,False,True,0,0
US-M,US,M,19541,US-M-DE-ATX-2,95,353411.1,405980.6,94,0.0,90,97.9,456560.0,5,False,False,True,0,0
US-M,US,M,19569,US-M-DE-NYC-5,97,668616.1,876108.7,155,1.0,90,97.9,456560.0,7,False,False,True,0,0
US-M,US,M,19669,US-M-DE-ATX-5,91,450222.4,619351.2,138,1.0,90,97.9,456560.0,1,False,False,True,0,0
US-M,US,M,20175,US-M-DE-SDL-1,95,480098.3,550940.6,162,1.0,90,97.9,456560.0,5,False,False,True,0,0
US-M,US,M,20269,US-M-DE-SDL-1,96,581116.1,596996.1,108,1.0,90,97.9,456560.0,6,False,False,True,0,0
US-M,US,M,20332,US-M-DE-NYC-3,93,403253.7,500028.7,116,1.0,90,97.9,456560.0,3,False,False,True,0,0
US-M,US,M,20988,US-M-DE-NYC-8,96,418082.3,457339.6,96,1.0,90,97.9,456560.0,6,False,False,True,0,0
US-M,US,M,21144,US-M-DE-SDL-3,94,550942.6,542078.7,70,0.0,90,97.9,456560.0,4,True,False,False,4,0
US-M,US,M,21237,US-M-DE-STM-6,91,582152.2,605170.3,134,1.0,90,97.9,456560.0,1,False,False,True,0,0
US-M,US,M,21258,US-M-DE-NYC-9,96,382978.1,378398.6,150,1.0,90,97.9,456560.0,6,False,False,True,0,0
US-M,US,M,21419,US-M-DE-ATX-1,95,462023.2,534457.8,3,0.0,90,97.9,456560.0,5,True,False,False,5,0
US-M,US,M,23202,US-M-DE-ATX-3,96,327445.5,519096.6,164,1.0,90,97.9,456560.0,6,False,False,True,0,0
US-M,US,M,23226,US-M-DE-STM-7,95,398036.9,474677.9,135,1.0,90,97.9,456560.0,5,False,False,True,0,0
US-M,US,M,23227,US-M-DE-STM-6,95,524872.8,488302.4,150,1.0,90,97.9,456560.0,5,True,False,False,5,0
US-M,US,M,23230,US-M-DE-NYC-9,99,485464.4,495452.3,86,0.0,90,97.9,456560.0,9,True,False,False,9,0
US-M,US,M,23241,US-M-DE-STM-9,92,597656.2,794799.9,141,1.0,90,97.9,456560.0,2,False,False,True,0,0
US-M,US,M,23244,US-M-DE-STM-7,95,547784.4,747065.0,175,1.0,90,97.9,456560.0,5,False,False,True,0,0
US-M,US,M,23646,US-M-DE-ATX-2,96,533726.3,749446.1,144,1.0,90,97.9,456560.0,6,False,False,True,0,0
US-M,US,M,23767,US-M-DE-ATX-1,92,546540.4,675437.2,130,1.0,90,97.9,456560.0,2,False,False,True,0,0
US-M,US,M,23770,US-M-DE-NYC-5,96,460345.8,608983.2,141,1.0,90,97.9,456560.0,6,False,False,True,0,0
US-M,US,M,24335,US-M-DE-STM-8,93,253161.8,289651.8,162,1.0,90,97.9,456560.0,3,False,False,True,0,0
US-M,US,M,24462,US-M-DE-NYC-8,93,421407.5,449093.0,106,1.0,90,97.9,456560.0,3,False,False,True,0,0
US-M,US,M,24588,US-M-DE-STM-2,92,482789.2,477064.9,134,1.0,90,97.9,456560.0,2,True,False,False,2,0
US-M,US,M,24635,US-M-DE-NYC-4,94,486022.3,555169.7,124,1.0,90,97.9,456560.0,4,False,False,True,0,0
US-M,US,M,24636,US-M-DE-NYC-7,94,366838.5,403995.8,106,1.0,90,97.9,456560.0,4,False,False,True,0,0
US-M,US,M,24953,US-M-DE-STM-7,94,389223.2,561235.5,140,1.0,90,97.9,456560.0,4,False,False,True,0,0
US-M,US,M,25487,US-M-DE-NYC-7,93,363519.9,431585.8,107,1.0,90,97.9,456560.0,3,False,False,True,0,0
US-M,US,M,25488,US-M-DE-NYC-9,94,443894.3,556132.0,117,1.0,90,97.9,456560.0,4,False,False,True,0,0
US-M,US,M,26062,US-M-DE-SDL-1,93,419608.6,444704.5,121,1.0,90,97.9,456560.0,3,False,False,True,0,0
US-M,US,M,26126,US-M-DE-STM-4,95,487585.1,516881.3,157,1.0,90,97.9,456560.0,5,False,False,True,0,0
US-M,US,M,27004,US-M-DE-SDL-2,96,422541.8,479647.0,15,0.0,90,97.9,456560.0,6,False,False,True,0,0
US-M,US,M,27234,US-M-DE-ATX-4,97,534626.3,906148.5,61,0.0,90,97.9,456560.0,7,True,False,False,7,0
US-M,US,M,27685,US-M-DE-NYC-3,94,383220.1,499741.1,160,1.0,90,97.9,456560.0,4,False,False,True,0,0
US-M,US,M,27690,US-M-DE-NYC-2,94,547529.0,657968.9,98,1.0,90,97.9,456560.0,4,False,False,True,0,0
US-M,US,M,27904,US-M-SA-STM-1,137,496831.8,538612.3,206,1.0,90,97.9,456560.0,47,False,False,True,0,0
US-M,US,M,27917,US-M-SA-STM-1,139,290250.2,301119.6,95,0.0,90,97.9,456560.0,49,True,False,False,49,0
US-M,US,M,28088,US-M-DE-SDL-3,95,436258.5,486074.0,104,1.0,90,97.9,456560.0,5,False,False,True,0,0
US-M,US,M,28370,US-M-DE-STM-2,95,468806.3,515644.8,154,1.0,90,97.9,456560.0,5,False,False,True,0,0
US-M,US,M,28945,US-M-DE-SDL-1,94,452660.6,583820.5,101,1.0,90,97.9,456560.0,4,False,False,True,0,0
US-M,US,M,29587,US-M-DE-STM-6,97,464668.4,570076.7,129,1.0,90,97.9,456560.0,7,False,False,True,0,0
US-M,US,M,29640,US-M-DE-SDL-2,98,481526.8,509388.1,80,0.0,90,97.9,456560.0,8,True,False,False,8,0
US-M,US,M,29650,US-M-DE-NYC-1,95,533715.6,646630.7,126,1.0,90,97.9,456560.0,5,False,False,True,0,0
US-M,US,M,29676,US-M-DE-NYC-5,97,396745.1,437256.6,123,1.0,90,97.9,456560.0,7,False,False,True,0,0
US-M,US,M,29693,US-M-DE-NYC-1,98,360609.0,452674.9,131,1.0,90,97.9,456560.0,8,False,False,True,0,0
US-M,US,M,29907,US-M-DE-ATX-4,95,406482.1,490783.2,119,1.0,90,97.9,456560.0,5,False,False,True,0,0
US-M,US,M,29932,US-M-DE-STM-8,93,274593.8,493157.0,89,0.0,90,97.9,456560.0,3,False,False,True,0,0
US-M,US,M,29934,US-M-DE-STM-9,96,669881.8,702237.4,154,1.0,90,97.9,456560.0,6,False,False,True,0,0
US-M,US,M,30206,US-M-DE-STM-4,97,419405.9,427508.5,164,1.0,90,97.9,456560.0,7,False,False,True,0,0
US-M,US,M,30246,US-M-DE-NYC-3,96,463102.5,587616.1,140,1.0,90,97.9,456560.0,6,False,False,True,0,0
US-M,US,M,30250,US-M-DE-STM-8,96,560706.9,647361.2,124,1.0,90,97.9,456560.0,6,False,False,True,0,0
US-M,US,M,30436,US-M-DE-STM-5,95,451587.6,472392.0,136,1.0,90,97.9,456560.0,5,False,False,True,0,0
US-M,US,M,30465,US-M-DE-SDL-3,95,708532.5,810438.2,96,1.0,90,97.9,456560.0,5,False,False,True,0,0
US-M,US,M,30802,US-M-DE-STM-2,96,550381.7,671690.8,173,1.0,90,97.9,456560.0,6,False,False,True,0,0
US-M,US,M,30827,US-M-DE-ATX-3,93,451430.2,588369.4,145,1.0,90,97.9,456560.0,3,False,False,True,0,0
US-M,US,M,31101,US-M-DE-NYC-5,95,491200.5,613166.5,152,1.0,90,97.9,456560.0,5,False,False,True,0,0
US-M,US,M,31330,US-M-DE-NYC-4,97,243977.5,327332.9,114,1.0,90,97.9,456560.0,7,False,False,True,0,0
US-M,US,M,31345,US-M-DE-ATX-2,96,498156.4,591520.3,148,1.0,90,97.9,456560.0,6,False,False,True,0,0
US-M,US,M,31736,US-M-DE-ATX-3,95,385904.8,431618.2,141,1.0,90,97.9,456560.0,5,False,False,True,0,0
US-M,US,M,31747,US-M-DE-SDL-1,95,408832.7,375181.2,76,0.0,90,97.9,456560.0,5,False,False,True,0,0
US-M,US,M,31825,US-M-DE-SDL-2,96,373096.6,415044.5,105,1.0,90,97.9,456560.0,6,False,False,True,0,0
US-M,US,M,31833,US-M-DE-STM-7,94,449608.9,540981.5,110,1.0,90,97.9,456560.0,4,False,False,True,0,0
US-M,US,M,31947,US-M-DE-ATX-4,94,437578.2,479649.5,141,1.0,90,97.9,456560.0,4,False,False,True,0,0
US-M,US,M,31948,US-M-DE-NYC-1,97,302139.5,353725.7,115,1.0,90,97.9,456560.0,7,False,False,True,0,0
US-M,US,M,32143,US-M-DE-STM-5,94,583741.5,564005.4,196,2.0,90,97.9,456560.0,4,True,False,False,4,0
US-M,US,M,32163,US-M-DE-SDL-1,94,608344.8,656601.8,83,0.0,90,97.9,456560.0,4,True,False,False,4,0
US-M,US,M,32196,US-M-DE-SDL-2,95,353200.3,479502.0,86,0.0,90,97.9,456560.0,5,False,False,True,0,0
US-M,US,M,32465,US-M-DE-STM-5,92,362136.1,527893.2,137,1.0,90,97.9,456560.0,2,False,False,True,0,0
US-M,US,M,32627,US-M-DE-STM-9,95,352341.4,453311.4,136,1.0,90,97.9,456560.0,5,False,False,True,0,0
US-M,US,M,32797,US-M-DE-ATX-1,96,691990.1,816152.9,134,1.0,90,97.9,456560.0,6,False,False,True,0,0
US-M,US,M,32829,US-M-DE-NYC-4,95,457017.2,543513.3,116,1.0,90,97.9,456560.0,5,False,False,True,0,0
US-M,US,M,32869,US-M-DE-NYC-3,96,241271.9,318037.2,129,1.0,90,97.9,456560.0,6,False,False,True,0,0
US-M,US,M,32881,US-M-DE-STM-4,96,584332.0,666486.6,147,1.0,90,97.9,456560.0,6,False,False,True,0,0
US-M,US,M,32882,US-M-DE-STM-1,94,527840.2,576619.8,154,1.0,90,97.9,456560.0,4,False,False,True,0,0
US-M,US,M,33317,US-M-DE-NYC-6,92,183762.8,238367.9,93,1.0,90,97.9,456560.0,2,False,False,True,0,0
US-M,US,M,33353,US-M-DE-STM-8,95,477801.3,544434.6,123,1.0,90,97.9,456560.0,5,False,False,True,0,0
US-M,US,M,33376,US-M-DE-ATX-1,95,565259.0,660159.6,101,1.0,90,97.9,456560.0,5,False,False,True,0,0
US-M,US,M,33438,US-M-DE-NYC-5,95,392213.3,529500.8,146,1.0,90,97.9,456560.0,5,False,False,True,0,0
US-M,US,M,33441,US-M-DE-ATX-6,95,466303.1,616662.5,140,1.0,90,97.9,456560.0,5,False,False,True,0,0
US-M,US,M,33447,US-M-DE-NYC-8,96,349314.0,475896.8,127,1.0,90,97.9,456560.0,6,False,False,True,0,0
US-M,US,M,33448,US-M-DE-NYC-7,95,362157.5,414394.7,145,1.0,90,97.9,456560.0,5,False,False,True,0,0
US-M,US,M,33595,US-M-DE-NYC-6,94,256861.2,336329.5,162,1.0,90,97.9,456560.0,4,False,False,True,0,0
US-M,US,M,33606,US-M-DE-STM-1,98,517872.3,581925.6,122,1.0,90,97.9,456560.0,8,False,False,True,0,0
US-M,US,M,33667,US-M-DE-NYC-6,97,295924.2,307695.7,130,1.0,90,97.9,456560.0,7,False,False,True,0,0
US-M,US,M,33672,US-M-DE-STM-1,98,396893.6,552948.0,146,1.0,90,97.9,456560.0,8,False,False,True,0,0
US-M,US,M,33673,US-M-DE-STM-2,97,387422.1,469462.9,123,1.0,90,97.9,456560.0,7,False,False,True,0,0
US-M,US,M,33694,US-M-DE-NYC-5,96,486799.6,558055.6,142,1.0,90,97.9,456560.0,6,False,False,True,0,0
US-M,US,M,33715,US-M-DE-ATX-1,97,594405.2,714086.9,164,1.0,90,97.9,456560.0,7,False,False,True,0,0
US-M,US,M,33718,US-M-DE-NYC-3,97,424687.7,512861.3,145,1.0,90,97.9,456560.0,7,False,False,True,0,0
US-M,US,M,33722,US-M-DE-SDL-2,98,336040.8,336993.8,3,0.0,90,97.9,456560.0,8,True,False,False,8,0
US-M,US,M,33749,US-M-DE-ATX-3,96,436285.9,519080.0,109,1.0,90,97.9,456560.0,6,False,False,True,0,0
US-M,US,M,33985,US-M-DE-ATX-6,96,584608.1,671418.4,135,1.0,90,97.9,456560.0,6,False,False,True,0,0
US-M,US,M,34174,US-M-DE-ATX-5,93,531836.2,710192.3,115,1.0,90,97.9,456560.0,3,False,False,True,0,0
US-M,US,M,34177,US-M-DE-STM-5,94,598897.6,682800.8,190,2.0,90,97.9,456560.0,4,False,False,True,0,0
US-M,US,M,34432,US-M-DE-STM-7,96,515443.7,498500.2,169,1.0,90,97.9,456560.0,6,True,False,False,6,0
US-M,US,M,34433,US-M-DE-NYC-4,97,447841.3,412962.9,82,0.0,90,97.9,456560.0,7,False,False,True,0,0
US-M,US,M,34490,US-M-DE-NYC-7,94,316508.6,388478.9,125,1.0,90,97.9,456560.0,4,False,False,True,0,0
US-M,US,M,34519,US-M-DE-NYC-9,94,398744.9,454152.6,99,1.0,90,97.9,456560.0,4,False,False,True,0,0
US-M,US,M,34620,US-M-DE-NYC-9,95,715124.8,1081938.2,135,1.0,90,97.9,456560.0,5,False,False,True,0,0
US-M,US,M,34829,US-M-DE-NYC-5,92,518453.0,680990.6,156,1.0,90,97.9,456560.0,2,False,False,True,0,0
US-M,US,M,34896,US-M-DE-NYC-2,95,359404.7,462349.9,100,1.0,90,97.9,456560.0,5,False,False,True,0,0
US-M,US,M,34906,US-M-DE-STM-6,94,571422.3,602201.7,136,1.0,90,97.9,456560.0,4,False,False,True,0,0
US-M,US,M,35134,US-M-DE-NYC-4,97,339027.9,389802.3,127,1.0,90,97.9,456560.0,7,False,False,True,0,0
US-M,US,M,35413,US-M-DE-ATX-4,95,526762.7,602494.8,130,1.0,90,97.9,456560.0,5,False,False,True,0,0
US-M,US,M,35541,US-M-DE-ATX-6,94,551428.8,637872.8,133,1.0,90,97.9,456560.0,4,False,False,True,0,0
US-M,US,M,35764,US-M-DE-ATX-1,95,522303.1,587694.3,137,1.0,90,97.9,456560.0,5,False,False,True,0,0
US-M,US,M,35861,US-M-DE-ATX-1,92,526928.1,736085.5,64,0.0,90,97.9,456560.0,2,True,False,False,2,0
US-M,US,M,35920,US-M-DE-STM-2,93,526016.9,583743.3,118,1.0,90,97.9,456560.0,3,False,False,True,0,0
US-M,US,M,36031,US-M-DE-SDL-2,96,286891.7,367574.2,131,1.0,90,97.9,456560.0,6,False,False,True,0,0
US-M,US,M,36323,US-M-SA-STM-1,139,363376.8,478617.8,142,1.0,90,97.9,456560.0,49,False,False,True,0,0
US-M,US,M,38557,US-M-DE-ATX-6,96,572325.3,637999.1,134,1.0,90,97.9,456560.0,6,False,False,True,0,0
US-M,US,M,38741,US-M-DE-SDL-3,94,315761.3,378701.5,100,1.0,90,97.9,456560.0,4,False,False,True,0,0
US-M,US,M,38750,US-M-DE-SDL-3,94,552563.3,608277.3,154,1.0,90,97.9,456560.0,4,False,False,True,0,0
US-M,US,M,39018,US-M-SA-STM-1,138,490822.6,523768.7,194,1.0,90,97.9,456560.0,48,False,False,True,0,0
US-M,US,M,39026,US-M-DE-STM-6,94,515984.1,502819.4,135,1.0,90,97.9,456560.0,4,True,False,False,4,0
US-M,US,M,39587,US-M-SA-NYC-1,137,479032.7,598826.9,177,1.0,90,97.9,456560.0,47,False,False,True,0,0
US-M,US,M,39656,US-M-SA-NYC-1,135,424361.4,528071.5,197,1.0,90,97.9,456560.0,45,False,False,True,0,0
US-M,US,M,40055,US-M-DE-ATX-4,93,420846.9,583371.6,121,1.0,90,97.9,456560.0,3,False,False,True,0,0
US-M,US,M,40185,US-M-SA-NYC-1,134,603685.6,575097.4,120,0.0,90,97.9,456560.0,44,True,False,False,44,0
US-M,US,M,40244,US-M-DE-NYC-8,95,477797.8,527299.9,83,0.0,90,97.9,456560.0,5,True,False,False,5,0
US-M,US,M,40817,US-M-DE-NYC-8,95,324621.5,443383.7,96,1.0,90,97.9,456560.0,5,False,False,True,0,0
US-M,US,M,40949,US-M-SA-NYC-1,134,362899.9,398872.7,117,0.0,90,97.9,456560.0,44,True,False,False,44,0
US-M,US,M,40950,US-M-DE-NYC-2,95,486042.8,544025.2,144,1.0,90,97.9,456560.0,5,False,False,True,0,0
US-M,US,M,41049,US-M-DE-ATX-2,95,570500.2,647923.7,147,1.0,90,97.9,456560.0,5,False,False,True,0,0
US-M,US,M,41086,US-M-DE-NYC-3,94,517209.8,633050.4,92,0.0,90,97.9,456560.0,4,True,False,False,4,0
US-M,US,M,41410,US-M-DE-ATX-5,94,408719.6,485142.3,116,1.0,90,97.9,456560.0,4,False,False,True,0,0
US-M,US,M,41599,US-M-DE-NYC-1,95,375100.7,460494.0,155,1.0,90,97.9,456560.0,5,False,False,True,0,0
US-M,US,M,41601,US-M-DE-NYC-7,95,327876.1,429872.5,156,1.0,90,97.9,456560.0,5,False,False,True,0,0
US-M,US,M,41683,US-M-DE-SDL-3,97,414410.8,405698.9,152,1.0,90,97.9,456560.0,7,False,False,True,0,0
US-M,US,M,41720,US-M-DE-NYC-8,94,415620.0,516584.3,89,0.0,90,97.9,456560.0,4,False,False,True,0,0
US-M,US,M,41803,US-M-DE-NYC-2,97,297875.6,426741.1,164,1.0,90,97.9,456560.0,7,False,False,True,0,0
US-M,US,M,42592,US-M-SA-NYC-1,133,353545.8,458693.4,137,1.0,90,97.9,456560.0,43,False,False,True,0,0
US-M,US,M,42638,US-M-DE-ATX-5,93,464331.1,478202.2,144,1.0,90,97.9,456560.0,3,False,False,True,0,0
US-M,US,M,42784,US-M-DE-STM-9,92,462171.7,560132.6,102,1.0,90,97.9,456560.0,2,False,False,True,0,0
US-M,US,M,42819,US-M-DE-ATX-1,95,425518.5,467713.9,86,0.0,90,97.9,456560.0,5,False,False,True,0,0
US-M,US,M,42947,US-M-DE-NYC-6,94,223252.4,272628.2,86,0.0,90,97.9,456560.0,4,False,False,True,0,0
US-M,US,M,43063,US-M-DE-SDL-3,96,414744.9,431305.8,203,2.0,90,97.9,456560.0,6,False,False,True,0,0
US-M,US,M,43193,US-M-DE-LOA-1,96,547660.6,598391.3,70,0.0,90,97.9,456560.0,6,True,False,False,6,0
US-M,US,M,43246,US-M-DE-LOA-1,154,1038806.1,925213.7,7,0.0,90,97.9,456560.0,64,True,False,False,64,0
US-M,US,M,43655,US-M-SA-NYC-1,136,463324.6,599276.9,131,0.0,90,97.9,456560.0,46,True,False,False,46,0
US-M,US,M,43811,US-M-DE-NYC-2,95,331310.6,461119.2,142,1.0,90,97.9,456560.0,5,False,False,True,0,0
US-M,US,M,43934,US-M-DE-NYC-6,95,287915.0,355778.5,65,0.0,90,97.9,456560.0,5,False,False,True,0,0
US-M,US,M,44140,US-M-DE-ATX-5,92,538061.7,646312.2,107,1.0,90,97.9,456560.0,2,False,False,True,0,0
US-M,US,M,44144,US-M-DE-ATX-6,93,659036.4,657699.9,139,1.0,90,97.9,456560.0,3,True,False,False,3,0
US-M,US,M,44161,US-M-DE-NYC-8,95,334610.2,447088.8,100,1.0,90,97.9,456560.0,5,False,False,True,0,0
US-M,US,M,44384,US-M-DE-NYC-3,95,541381.5,570911.4,164,1.0,90,97.9,456560.0,5,False,False,True,0,0
US-M,US,M,44385,US-M-DE-NYC-7,94,362996.4,405984.8,114,1.0,90,97.9,456560.0,4,False,False,True,0,0
US-M,US,M,44451,US-M-DE-STM-8,93,502872.2,553655.3,90,0.0,90,97.9,456560.0,3,True,False,False,3,0
US-M,US,M,44452,US-M-DE-NYC-2,94,472272.1,583999.9,123,1.0,90,97.9,456560.0,4,False,False,True,0,0
US-M,US,M,44676,US-M-DE-NYC-6,95,351167.9,343184.8,64,0.0,90,97.9,456560.0,5,False,False,True,0,0
US-M,US,M,44725,US-M-DE-STM-8,96,352949.2,370179.6,125,1.0,90,97.9,456560.0,6,False,False,True,0,0
US-M,US,M,44729,US-M-DE-NYC-2,99,259095.0,380551.2,118,1.0,90,97.9,456560.0,9,False,False,True,0,0
US-M,US,M,44947,US-M-DE-NYC-3,96,562394.5,576081.4,104,1.0,90,97.9,456560.0,6,False,False,True,0,0
US-M,US,M,44998,US-M-DE-ATX-3,91,523690.9,692918.4,108,1.0,90,97.9,456560.0,1,False,False,True,0,0
US-M,US,M,45074,US-M-DE-NYC-4,97,357167.4,421837.7,158,1.0,90,97.9,456560.0,7,False,False,True,0,0
US-M,US,M,45241,US-M-DE-NYC-4,95,515848.0,572329.3,137,1.0,90,97.9,456560.0,5,False,False,True,0,0
US-M,US,M,45339,US-M-DE-NYC-8,96,359594.1,369018.2,36,0.0,90,97.9,456560.0,6,False,False,True,0,0
US-M,US,M,45379,US-M-SA-STM-1,139,386512.1,445116.2,125,0.0,90,97.9,456560.0,49,True,False,False,49,0
US-M,US,M,45451,US-M-DE-STM-9,96,462527.7,563213.4,84,0.0,90,97.9,456560.0,6,True,False,False,6,0
US-M,US,M,46707,US-M-DE-STM-5,98,458908.9,633586.9,0,0.0,90,97.9,456560.0,8,True,False,False,8,0
US-NAM,US,NAM,379,US-NAM-HC-RMT-5,3,31338.5,57278.9,0,0.0,5,16.4,248956.0,-2,False,True,False,0,2
US-NAM,US,NAM,528,US-NAM-PSE-RMT-1,17,39538.7,228570.7,0,0.0,5,16.4,248956.0,12,True,False,False,12,0
US-NAM,US,NAM,737,US-NAM-SA-RMT-2,7,45295.8,48735.3,0,0.0,5,16.4,248956.0,2,False,False,True,0,0
US-NAM,US,NAM,795,US-NAM-LTL-RMT-8,3,312576.2,622424.6,0,0.0,5,16.4,248956.0,-2,True,True,False,0,2
US-NAM,US,NAM,842,US-NAM-LTL-RMT-7,6,919579.9,1126479.3,0,0.0,5,16.4,248956.0,1,True,False,False,1,0
US-NAM,US,NAM,1049,US-NAM-LTL-RMT-2,3,662704.4,1087090.1,0,0.0,5,16.4,248956.0,-2,True,True,False,0,2
US-NAM,US,NAM,1084,US-NAM-HC-RMT-2,5,163466.8,205425.9,0,0.0,5,16.4,248956.0,0,False,False,True,0,0
US-NAM,US,NAM,1133,US-NAM-HC-RMT-5,18,145307.7,121440.9,0,0.0,5,16.4,248956.0,13,True,False,False,13,0
US-NAM,US,NAM,1139,US-NAM-HC-RMT-1,9,78494.1,95898.5,0,0.0,5,16.4,248956.0,4,False,False,True,0,0
US-NAM,US,NAM,1214,US-NAM-RHMS-RMT-5,10,219457.6,312955.4,0,0.0,5,16.4,248956.0,5,False,False,True,0,0
US-NAM,US,NAM,1259,US-NAM-LTL-RMT-5,6,194424.1,278225.4,0,0.0,5,16.4,248956.0,1,False,False,True,0,0
US-NAM,US,NAM,1277,US-NAM-RHMS-RMT-3,5,528563.5,567738.5,0,0.0,5,16.4,248956.0,0,True,False,False,0,0
US-NAM,US,NAM,1549,US-NAM-RPO-RMT-1,4,82201.5,88636.7,0,0.0,5,16.4,248956.0,-1,False,True,False,0,1
US-NAM,US,NAM,1647,US-NAM-RHMS-RMT-2,21,145977.8,161048.8,3,0.0,5,16.4,248956.0,16,True,False,False,16,0
US-NAM,US,NAM,1698,US-NAM-SA-RMT-4,6,37970.5,38034.3,0,0.0,5,16.4,248956.0,1,False,False,True,0,0
US-NAM,US,NAM,1799,US-NAM-LTL-RMT-8,4,553452.0,672878.0,0,0.0,5,16.4,248956.0,-1,True,True,False,0,1
US-NAM,US,NAM,1909,US-NAM-HC-RMT-2,4,42577.2,87141.9,0,0.0,5,16.4,248956.0,-1,False,True,False,0,1
US-NAM,US,NAM,1992,US-NAM-RHMS-RMT-5,20,116301.6,127633.4,4,0.0,5,16.4,248956.0,15,True,False,False,15,0
US-NAM,US,NAM,2007,US-NAM-HC-RMT-4,10,66109.8,50054.4,0,0.0,5,16.4,248956.0,5,False,False,True,0,0
US-NAM,US,NAM,2154,US-NAM-LTL-RMT-1,1,3298564.8,5363639.2,4,4.0,5,16.4,248956.0,-4,False,True,False,0,4
US-NAM,US,NAM,2168,US-NAM-LTL-RMT-5,8,188611.1,168482.0,13,1.0,5,16.4,248956.0,3,False,False,True,0,0
US-NAM,US,NAM,2276,US-NAM-RPO-RMT-1,3,98320.4,104288.0,0,0.0,5,16.4,248956.0,-2,False,True,False,0,2
US-NAM,US,NAM,2515,US-NAM-LTL-RMT-5,5,319967.7,275532.0,0,0.0,5,16.4,248956.0,0,True,False,False,0,0
US-NAM,US,NAM,2530,US-NAM-LTL-RMT-8,8,292370.1,420258.9,0,0.0,5,16.4,248956.0,3,True,False,False,3,0
US-NAM,US,NAM,2571,US-NAM-LTL-RMT-4,1,15463.4,19561.5,1,1.0,5,16.4,248956.0,-4,False,True,False,0,4
US-NAM,US,NAM,2718,US-NAM-LTL-RMT-1,3,650229.7,1113258.0,0,0.0,5,16.4,248956.0,-2,True,True,False,0,2
US-NAM,US,NAM,2719,US-NAM-LTL-RMT-6,4,2388174.9,3787386.5,0,0.0,5,16.4,248956.0,-1,True,True,False,0,1
US-NAM,US,NAM,2782,US-NAM-HC-RMT-3,4,49963.5,56005.2,0,0.0,5,16.4,248956.0,-1,False,True,False,0,1
US-NAM,US,NAM,2857,US-NAM-HC-RMT-6,9,149444.8,102341.2,0,0.0,5,16.4,248956.0,4,False,False,True,0,0
US-NAM,US,NAM,3158,US-NAM-HC-RMT-3,4,337367.6,317690.7,0,0.0,5,16.4,248956.0,-1,True,True,False,0,1
US-NAM,US,NAM,3420,US-NAM-HC-RMT-7,5,21066.7,11582.7,0,0.0,5,16.4,248956.0,0,False,False,True,0,0
US-NAM,US,NAM,3426,US-NAM-LTL-RMT-5,6,583795.7,688469.6,2,0.0,5,16.4,248956.0,1,True,False,False,1,0
US-NAM,US,NAM,3485,US-NAM-RHMS-RMT-3,7,414658.0,430441.7,0,0.0,5,16.4,248956.0,2,True,False,False,2,0
US-NAM,US,NAM,3486,US-NAM-SA-RMT-3,4,221772.6,268354.7,0,0.0,5,16.4,248956.0,-1,False,True,False,0,1
US-NAM,US,NAM,3601,US-NAM-SA-RMT-3,6,38166.4,40707.3,0,0.0,5,16.4,248956.0,1,False,False,True,0,0
US-NAM,US,NAM,3778,US-NAM-LTL-RMT-8,24,152134.7,197731.3,2,0.0,5,16.4,248956.0,19,True,False,False,19,0
US-NAM,US,NAM,3821,US-NAM-HC-RMT-5,8,64098.3,46185.3,0,0.0,5,16.4,248956.0,3,False,False,True,0,0
US-NAM,US,NAM,3898,US-NAM-LTL-RMT-6,6,364178.5,510560.1,0,0.0,5,16.4,248956.0,1,True,False,False,1,0
US-NAM,US,NAM,3900,US-NAM-LTL-RMT-1,2,577065.3,2012639.7,0,0.0,5,16.4,248956.0,-3,True,True,False,0,3
US-NAM,US,NAM,4076,US-NAM-LTL-RMT-1,1,242498.4,519141.6,0,0.0,5,16.4,248956.0,-4,False,True,False,0,4
US-NAM,US,NAM,4501,US-NAM-LTL-RMT-4,6,772233.8,986807.3,0,0.0,5,16.4,248956.0,1,True,False,False,1,0
US-NAM,US,NAM,4667,US-NAM-HC-RMT-4,3,1254653.3,1540393.3,0,0.0,5,16.4,248956.0,-2,True,True,False,0,2
US-NAM,US,NAM,4792,US-NAM-LTL-RMT-7,4,290065.6,426881.1,0,0.0,5,16.4,248956.0,-1,True,True,False,0,1
US-NAM,US,NAM,5034,US-NAM-LTL-RMT-8,4,182973.9,270600.6,0,0.0,5,16.4,248956.0,-1,False,True,False,0,1
US-NAM,US,NAM,5136,US-NAM-RHMS-RMT-1,6,116753.8,245039.8,0,0.0,5,16.4,248956.0,1,False,False,True,0,0
US-NAM,US,NAM,5268,US-NAM-HC-RMT-4,3,658514.2,603965.5,0,0.0,5,16.4,248956.0,-2,True,True,False,0,2
US-NAM,US,NAM,5416,US-NAM-LTL-RMT-7,26,199755.0,217597.0,0,0.0,5,16.4,248956.0,21,True,False,False,21,0
US-NAM,US,NAM,5454,US-NAM-RHMS-RMT-1,21,218806.2,210505.6,0,0.0,5,16.4,248956.0,16,True,False,False,16,0
US-NAM,US,NAM,5465,US-NAM-HC-RMT-7,3,460266.3,645537.7,0,0.0,5,16.4,248956.0,-2,True,True,False,0,2
US-NAM,US,NAM,5466,US-NAM-RHMS-RMT-4,6,133346.3,181748.1,0,0.0,5,16.4,248956.0,1,False,False,True,0,0
US-NAM,US,NAM,5666,US-NAM-RHMS-RMT-6,8,346567.0,392978.3,0,0.0,5,16.4,248956.0,3,True,False,False,3,0
US-NAM,US,NAM,6021,US-NAM-SA-RMT-4,9,14772.5,46567.2,0,0.0,5,16.4,248956.0,4,False,False,True,0,0
US-NAM,US,NAM,6061,US-NAM-LTL-RMT-5,22,73612.5,112006.1,0,0.0,5,16.4,248956.0,17,True,False,False,17,0
US-NAM,US,NAM,6305,US-NAM-RHMS-RMT-1,4,510420.3,719831.7,0,0.0,5,16.4,248956.0,-1,True,True,False,0,1
US-NAM,US,NAM,6440,US-NAM-PSE-RMT-1,37,211328.4,223254.2,1,0.0,5,16.4,248956.0,32,True,False,False,32,0
US-NAM,US,NAM,6672,US-NAM-HC-RMT-6,2,551805.5,789653.6,0,0.0,5,16.4,248956.0,-3,True,True,False,0,3
US-NAM,US,NAM,7067,US-NAM-PSE-RMT-ACC-1,251,65826.8,127775.5,126,0.0,5,16.4,248956.0,246,True,False,False,246,0
US-NAM,US,NAM,7076,US-NAM-SA-RMT-2,6,23041.3,100688.9,0,0.0,5,16.4,248956.0,1,False,False,True,0,0
US-NAM,US,NAM,7087,US-NAM-PSE-RMT-3,41,155648.1,186715.2,21,0.0,5,16.4,248956.0,36,True,False,False,36,0
US-NAM,US,NAM,7221,US-NAM-SA-RMT-2,13,81244.7,157788.8,7,0.0,5,16.4,248956.0,8,False,False,True,0,0
US-NAM,US,NAM,7308,US-NAM-LTL-RMT-2,24,272723.0,399571.8,0,0.0,5,16.4,248956.0,19,True,False,False,19,0
US-NAM,US,NAM,7309,US-NAM-HC-RMT-3,2,154182.7,169022.3,0,0.0,5,16.4,248956.0,-3,False,True,False,0,3
US-NAM,US,NAM,7316,US-NAM-RHMS-RMT-5,4,633036.3,699955.9,0,0.0,5,16.4,248956.0,-1,True,True,False,0,1
US-NAM,US,NAM,7389,US-NAM-HC-RMT-1,3,5859.6,41957.1,0,0.0,5,16.4,248956.0,-2,False,True,False,0,2
US-NAM,US,NAM,7574,US-NAM-RHMS-RMT-4,4,1422086.4,1166825.5,0,0.0,5,16.4,248956.0,-1,True,True,False,0,1
US-NAM,US,NAM,7650,US-NAM-SA-RMT-1,2,40840.5,31727.4,0,0.0,5,16.4,248956.0,-3,False,True,False,0,3
US-NAM,US,NAM,7826,US-NAM-SA-RMT-4,5,45290.6,62123.5,0,0.0,5,16.4,248956.0,0,False,False,True,0,0
US-NAM,US,NAM,8346,US-NAM-RHMS-RMT-3,23,118192.6,175683.6,0,0.0,5,16.4,248956.0,18,True,False,False,18,0
US-NAM,US,NAM,8465,US-NAM-HC-RMT-5,3,120361.5,91695.7,0,0.0,5,16.4,248956.0,-2,False,True,False,0,2
US-NAM,US,NAM,8592,US-NAM-RHMS-RMT-7,6,134176.7,242772.2,0,0.0,5,16.4,248956.0,1,False,False,True,0,0
US-NAM,US,NAM,8606,US-NAM-HC-RMT-4,10,333490.9,300277.6,0,0.0,5,16.4,248956.0,5,True,False,False,5,0
US-NAM,US,NAM,8770,US-NAM-SA-RMT-1,2,248743.1,330156.8,0,0.0,5,16.4,248956.0,-3,False,True,False,0,3
US-NAM,US,NAM,9089,US-NAM-RHMS-RMT-4,9,66217.3,41048.0,0,0.0,5,16.4,248956.0,4,False,False,True,0,0
US-NAM,US,NAM,9256,US-NAM-RHMS-RMT-7,9,84913.1,85574.1,0,0.0,5,16.4,248956.0,4,False,False,True,0,0
US-NAM,US,NAM,9297,US-NAM-PSE-RMT-ACC-1,262,86015.1,117824.6,117,0.0,5,16.4,248956.0,257,True,False,False,257,0
US-NAM,US,NAM,9662,US-NAM-PSE-RMT-1,30,129582.0,161981.6,23,0.0,5,16.4,248956.0,25,True,False,False,25,0
US-NAM,US,NAM,9925,US-NAM-LTL-RMT-7,4,46868.8,41263.5,0,0.0,5,16.4,248956.0,-1,False,True,False,0,1
US-NAM,US,NAM,9926,US-NAM-HC-RMT-4,4,942236.6,1043849.9,0,0.0,5,16.4,248956.0,-1,True,True,False,0,1
US-NAM,US,NAM,9927,US-NAM-SA-RMT-5,6,483002.3,552497.4,0,0.0,5,16.4,248956.0,1,True,False,False,1,0
US-NAM,US,NAM,10085,US-NAM-RHMS-RMT-6,5,126237.5,178686.2,0,0.0,5,16.4,248956.0,0,False,False,True,0,0
US-NAM,US,NAM,10311,US-NAM-RHMS-RMT-7,9,201938.7,222993.6,0,0.0,5,16.4,248956.0,4,False,False,True,0,0
US-NAM,US,NAM,10327,US-NAM-RHMS-RMT-6,8,113174.2,101860.5,0,0.0,5,16.4,248956.0,3,False,False,True,0,0
US-NAM,US,NAM,10351,US-NAM-HC-RMT-2,17,75742.5,89208.6,0,0.0,5,16.4,248956.0,12,True,False,False,12,0
US-NAM,US,NAM,10467,US-NAM-RHMS-RMT-6,22,141126.8,151441.2,3,0.0,5,16.4,248956.0,17,True,False,False,17,0
US-NAM,US,NAM,10769,US-NAM-LTL-RMT-6,8,384522.5,467106.6,0,0.0,5,16.4,248956.0,3,True,False,False,3,0
US-NAM,US,NAM,10890,US-NAM-SA-RMT-4,4,45431.1,14616.5,0,0.0,5,16.4,248956.0,-1,False,True,False,0,1
US-NAM,US,NAM,11762,US-NAM-RHMS-RMT-1,9,155394.4,220285.7,0,0.0,5,16.4,248956.0,4,False,False,True,0,0
US-NAM,US,NAM,12195,US-NAM-SA-RMT-2,7,131994.8,177826.1,0,0.0,5,16.4,248956.0,2,False,False,True,0,0
US-NAM,US,NAM,12196,US-NAM-HC-RMT-4,6,62861.6,120361.8,0,0.0,5,16.4,248956.0,1,False,False,True,0,0
US-NAM,US,NAM,12216,US-NAM-SA-RMT-3,3,378709.2,325826.3,0,0.0,5,16.4,248956.0,-2,True,True,False,0,2
US-NAM,US,NAM,12637,US-NAM-SA-RMT-1,3,57347.5,181933.2,0,0.0,5,16.4,248956.0,-2,False,True,False,0,2
US-NAM,US,NAM,13212,US-NAM-RHMS-RMT-2,5,174194.2,171547.8,0,0.0,5,16.4,248956.0,0,False,False,True,0,0
US-NAM,US,NAM,13213,US-NAM-LTL-RMT-3,23,122901.3,157079.3,0,0.0,5,16.4,248956.0,18,True,False,False,18,0
US-NAM,US,NAM,13476,US-NAM-RPO-RMT-1,3,92207.5,155717.1,0,0.0,5,16.4,248956.0,-2,False,True,False,0,2
US-NAM,US,NAM,13477,US-NAM-SA-RMT-1,2,35542.5,46356.2,0,0.0,5,16.4,248956.0,-3,False,True,False,0,3
US-NAM,US,NAM,13478,US-NAM-SA-RMT-1,2,33577.9,40128.2,0,0.0,5,16.4,248956.0,-3,False,True,False,0,3
US-NAM,US,NAM,14426,US-NAM-HC-RMT-3,3,85611.2,87650.8,0,0.0,5,16.4,248956.0,-2,False,True,False,0,2
US-NAM,US,NAM,14428,US-NAM-RHMS-RMT-1,8,96850.3,218002.3,0,0.0,5,16.4,248956.0,3,False,False,True,0,0
US-NAM,US,NAM,14541,US-NAM-LTL-RMT-3,7,134401.0,317414.4,0,0.0,5,16.4,248956.0,2,False,False,True,0,0
US-NAM,US,NAM,14542,US-NAM-LTL-RMT-2,8,359858.4,546007.1,0,0.0,5,16.4,248956.0,3,True,False,False,3,0
US-NAM,US,NAM,14544,US-NAM-SA-RMT-5,8,165844.3,211943.8,0,0.0,5,16.4,248956.0,3,False,False,True,0,0
US-NAM,US,NAM,14546,US-NAM-LTL-RMT-4,8,464213.8,568248.8,0,0.0,5,16.4,248956.0,3,True,False,False,3,0
US-NAM,US,NAM,14548,US-NAM-LTL-RMT-6,8,220457.3,340841.4,0,0.0,5,16.4,248956.0,3,False,False,True,0,0
US-NAM,US,NAM,15039,US-NAM-SA-RMT-2,7,43638.2,79630.9,0,0.0,5,16.4,248956.0,2,False,False,True,0,0
US-NAM,US,NAM,15041,US-NAM-HC-RMT-1,4,62178.4,51019.9,0,0.0,5,16.4,248956.0,-1,False,True,False,0,1
US-NAM,US,NAM,15608,US-NAM-RHMS-RMT-7,19,60196.1,67806.5,0,0.0,5,16.4,248956.0,14,True,False,False,14,0
US-NAM,US,NAM,15621,US-NAM-SA-RMT-3,3,329890.1,397601.7,0,0.0,5,16.4,248956.0,-2,True,True,False,0,2
US-NAM,US,NAM,15655,US-NAM-HC-RMT-1,6,160998.0,136064.0,0,0.0,5,16.4,248956.0,1,False,False,True,0,0
US-NAM,US,NAM,16058,US-NAM-RPO-RMT-1,5,201050.7,218814.3,0,0.0,5,16.4,248956.0,0,False,False,True,0,0
US-NAM,US,NAM,16303,US-NAM-PSE-RMT-1,31,285980.2,386605.2,10,0.0,5,16.4,248956.0,26,True,False,False,26,0
US-NAM,US,NAM,16305,US-NAM-HC-RMT-7,20,88199.3,60107.1,0,0.0,5,16.4,248956.0,15,True,False,False,15,0
US-NAM,US,NAM,16306,US-NAM-LTL-RMT-7,8,213584.0,333966.7,0,0.0,5,16.4,248956.0,3,False,False,True,0,0
US-NAM,US,NAM,16307,US-NAM-SA-RMT-4,21,22338.2,46320.3,0,0.0,5,16.4,248956.0,16,True,False,False,16,0
US-NAM,US,NAM,16382,US-NAM-PSE-RMT-2,40,101098.3,135846.2,17,0.0,5,16.4,248956.0,35,True,False,False,35,0
US-NAM,US,NAM,16707,US-NAM-LTL-RMT-4,26,181131.6,213176.8,0,0.0,5,16.4,248956.0,21,True,False,False,21,0
US-NAM,US,NAM,16995,US-NAM-LTL-RMT-3,5,212650.9,365491.8,0,0.0,5,16.4,248956.0,0,False,False,True,0,0
US-NAM,US,NAM,17126,US-NAM-PSE-RMT-1,16,170910.7,0.0,5,0.0,5,16.4,248956.0,11,False,False,True,0,0
US-NAM,US,NAM,17283,US-NAM-LTL-RMT-1,4,783388.1,1578458.6,0,0.0,5,16.4,248956.0,-1,True,True,False,0,1
US-NAM,US,NAM,17349,US-NAM-HC-RMT-5,1,21761.4,38472.8,0,0.0,5,16.4,248956.0,-4,False,True,False,0,4
US-NAM,US,NAM,17531,US-NAM-RHMS-RMT-1,9,178415.0,203838.5,0,0.0,5,16.4,248956.0,4,False,False,True,0,0
US-NAM,US,NAM,17547,US-NAM-HC-RMT-1,18,32672.2,53552.3,1,0.0,5,16.4,248956.0,13,True,False,False,13,0
US-NAM,US,NAM,17749,US-NAM-HC-RMT-3,9,73304.4,106774.2,0,0.0,5,16.4,248956.0,4,False,False,True,0,0
US-NAM,US,NAM,17822,US-NAM-LTL-RMT-1,5,1667406.6,2894087.2,0,0.0,5,16.4,248956.0,0,True,False,False,0,0
US-NAM,US,NAM,18326,US-NAM-PSE-RMT-1,15,3120826.9,1234659.7,0,0.0,5,16.4,248956.0,10,True,False,False,10,0
US-NAM,US,NAM,18501,US-NAM-RHMS-RMT-6,19,88421.8,89509.4,4,0.0,5,16.4,248956.0,14,True,False,False,14,0
US-NAM,US,NAM,18700,US-NAM-HC-RMT-6,7,111669.2,121353.7,0,0.0,5,16.4,248956.0,2,False,False,True,0,0
US-NAM,US,NAM,18722,US-NAM-PSE-RMT-3,41,201276.8,157070.6,45,1.0,5,16.4,248956.0,36,True,False,False,36,0
US-NAM,US,NAM,18784,US-NAM-HC-RMT-1,4,1670015.7,1777017.8,0,0.0,5,16.4,248956.0,-1,True,True,False,0,1
US-NAM,US,NAM,19007,US-NAM-HC-RMT-5,4,129731.9,126889.9,0,0.0,5,16.4,248956.0,-1,False,True,False,0,1
US-NAM,US,NAM,19169,US-NAM-LTL-RMT-4,2,174087.8,261447.9,0,0.0,5,16.4,248956.0,-3,False,True,False,0,3
US-NAM,US,NAM,19174,US-NAM-PSE-RMT-ACC-1,265,54458.8,135140.1,122,0.0,5,16.4,248956.0,260,True,False,False,260,0
US-NAM,US,NAM,19176,US-NAM-SA-RMT-2,7,39286.3,57603.5,0,0.0,5,16.4,248956.0,2,False,False,True,0,0
US-NAM,US,NAM,19641,US-NAM-LTL-RMT-6,9,227737.3,288432.2,0,0.0,5,16.4,248956.0,4,False,False,True,0,0
US-NAM,US,NAM,19656,US-NAM-HC-RMT-2,6,135099.1,146339.8,0,0.0,5,16.4,248956.0,1,False,False,True,0,0
US-NAM,US,NAM,19834,US-NAM-PSE-RMT-1,14,78494.7,109780.8,4,0.0,5,16.4,248956.0,9,False,False,True,0,0
US-NAM,US,NAM,19863,US-NAM-LTL-RMT-2,8,78376.8,65612.8,0,0.0,5,16.4,248956.0,3,False,False,True,0,0
US-NAM,US,NAM,19890,US-NAM-HC-RMT-3,20,80685.0,131471.1,0,0.0,5,16.4,248956.0,15,True,False,False,15,0
US-NAM,US,NAM,20308,US-NAM-RHMS-RMT-5,19,134881.0,157580.8,2,0.0,5,16.4,248956.0,14,True,False,False,14,0
US-NAM,US,NAM,21305,US-NAM-HC-RMT-7,8,240466.7,240157.5,0,0.0,5,16.4,248956.0,3,False,False,True,0,0
US-NAM,US,NAM,23206,US-NAM-RHMS-RMT-4,9,137026.6,218782.8,0,0.0,5,16.4,248956.0,4,False,False,True,0,0
US-NAM,US,NAM,23446,US-NAM-RHMS-RMT-3,10,256167.4,338178.2,0,0.0,5,16.4,248956.0,5,True,False,False,5,0
US-NAM,US,NAM,23715,US-NAM-LTL-RMT-4,8,443835.5,504320.2,0,0.0,5,16.4,248956.0,3,True,False,False,3,0
US-NAM,US,NAM,23721,US-NAM-HC-RMT-2,7,271705.4,303568.7,0,0.0,5,16.4,248956.0,2,True,False,False,2,0
US-NAM,US,NAM,23723,US-NAM-SA-RMT-5,7,56543.3,91184.0,0,0.0,5,16.4,248956.0,2,False,False,True,0,0
US-NAM,US,NAM,23727,US-NAM-LTL-RMT-7,5,195102.7,273060.2,0,0.0,5,16.4,248956.0,0,False,False,True,0,0
US-NAM,US,NAM,23787,US-NAM-RHMS-RMT-4,6,303333.4,403546.0,0,0.0,5,16.4,248956.0,1,True,False,False,1,0
US-NAM,US,NAM,23788,US-NAM-HC-RMT-6,4,131794.5,398170.3,0,0.0,5,16.4,248956.0,-1,False,True,False,0,1
US-NAM,US,NAM,23790,US-NAM-LTL-RMT-5,5,152153.3,183086.6,0,0.0,5,16.4,248956.0,0,False,False,True,0,0
US-NAM,US,NAM,23792,US-NAM-LTL-RMT-8,8,110397.6,139506.0,0,0.0,5,16.4,248956.0,3,False,False,True,0,0
US-NAM,US,NAM,23980,US-NAM-HC-RMT-6,10,84779.3,107084.3,0,0.0,5,16.4,248956.0,5,False,False,True,0,0
US-NAM,US,NAM,24095,US-NAM-RHMS-RMT-4,8,372045.4,446300.5,0,0.0,5,16.4,248956.0,3,True,False,False,3,0
US-NAM,US,NAM,24658,US-NAM-RHMS-RMT-7,6,394568.4,520035.4,0,0.0,5,16.4,248956.0,1,True,False,False,1,0
US-NAM,US,NAM,25613,US-NAM-PSE-RMT-2,39,116328.9,143970.9,,,5,16.4,248956.0,34,False,False,True,0,0
US-NAM,US,NAM,25617,US-NAM-PSE-RMT-2,14,10335.0,107441.1,,,5,16.4,248956.0,9,False,False,True,0,0
US-NAM,US,NAM,25638,US-NAM-RHMS-RMT-7,6,301644.7,293315.6,,,5,16.4,248956.0,1,True,False,False,1,0
US-NAM,US,NAM,25639,US-NAM-HC-RMT-5,5,91056.9,80370.0,,,5,16.4,248956.0,0,False,False,True,0,0
US-NAM,US,NAM,25643,US-NAM-LTL-RMT-6,6,334049.4,458270.9,,,5,16.4,248956.0,1,False,False,True,0,0
US-NAM,US,NAM,25646,US-NAM-PSE-RMT-3,31,70217.0,57279.5,,,5,16.4,248956.0,26,True,False,False,26,0
US-NAM,US,NAM,25652,US-NAM-LTL-RMT-2,7,128343.6,322537.7,,,5,16.4,248956.0,2,False,False,True,0,0
US-NAM,US,NAM,27360,US-NAM-SA-RMT-5,10,54045.6,92401.5,0,0.0,5,16.4,248956.0,5,False,False,True,0,0
US-NAM,US,NAM,27619,US-NAM-SA-RMT-2,15,139900.6,191815.3,1,0.0,5,16.4,248956.0,10,False,False,True,0,0
US-NAM,US,NAM,27637,US-NAM-RPO-RMT-1,3,254719.2,245222.2,0,0.0,5,16.4,248956.0,-2,True,True,False,0,2
US-NAM,US,NAM,27767,US-NAM-HC-RMT-3,4,41862.2,35977.7,0,0.0,5,16.4,248956.0,-1,False,True,False,0,1
US-NAM,US,NAM,28524,US-NAM-PSE-RMT-2,31,96617.9,88208.1,34,1.0,5,16.4,248956.0,26,True,False,False,26,0
US-NAM,US,NAM,29577,US-NAM-LTL-RMT-8,6,202149.2,238185.5,0,0.0,5,16.4,248956.0,1,False,False,True,0,0
US-NAM,US,NAM,29580,US-NAM-SA-RMT-5,15,102061.8,164591.1,2,0.0,5,16.4,248956.0,10,False,False,True,0,0
US-NAM,US,NAM,29614,US-NAM-LTL-RMT-7,9,265877.4,348544.7,0,0.0,5,16.4,248956.0,4,True,False,False,4,0
US-NAM,US,NAM,29651,US-NAM-HC-RMT-7,5,119942.7,137992.0,0,0.0,5,16.4,248956.0,0,False,False,True,0,0
US-NAM,US,NAM,29653,US-NAM-HC-RMT-6,6,50699.5,86018.9,0,0.0,5,16.4,248956.0,1,False,False,True,0,0
US-NAM,US,NAM,29893,US-NAM-LTL-RMT-2,8,206803.5,176660.6,0,0.0,5,16.4,248956.0,3,False,False,True,0,0
US-NAM,US,NAM,29938,US-NAM-PSE-RMT-2,42,171573.1,189530.6,31,0.0,5,16.4,248956.0,37,True,False,False,37,0
US-NAM,US,NAM,29950,US-NAM-SA-RMT-5,8,25965.9,44102.5,0,0.0,5,16.4,248956.0,3,False,False,True,0,0
US-NAM,US,NAM,29952,US-NAM-RHMS-RMT-2,5,610520.4,738197.2,0,0.0,5,16.4,248956.0,0,True,False,False,0,0
US-NAM,US,NAM,30006,US-NAM-SA-RMT-3,5,25897.1,36344.8,0,0.0,5,16.4,248956.0,0,False,False,True,0,0
US-NAM,US,NAM,30167,US-NAM-LTL-RMT-3,6,262353.8,463810.7,0,0.0,5,16.4,248956.0,1,True,False,False,1,0
US-NAM,US,NAM,30173,US-NAM-RHMS-RMT-5,10,117930.9,440915.0,0,0.0,5,16.4,248956.0,5,False,False,True,0,0
US-NAM,US,NAM,30175,US-NAM-LTL-RMT-3,3,321068.9,275408.2,0,0.0,5,16.4,248956.0,-2,True,True,False,0,2
US-NAM,US,NAM,30213,US-NAM-LTL-RMT-3,6,780343.3,1238869.2,0,0.0,5,16.4,248956.0,1,True,False,False,1,0
US-NAM,US,NAM,30214,US-NAM-HC-RMT-1,10,23866.5,19539.1,0,0.0,5,16.4,248956.0,5,False,False,True,0,0
US-NAM,US,NAM,30216,US-NAM-HC-RMT-5,4,119333.1,150159.7,0,0.0,5,16.4,248956.0,-1,False,True,False,0,1
US-NAM,US,NAM,30217,US-NAM-RPO-RMT-1,3,22091.8,25159.0,0,0.0,5,16.4,248956.0,-2,False,True,False,0,2
US-NAM,US,NAM,30218,US-NAM-RPO-RMT-1,4,118701.2,157464.3,0,0.0,5,16.4,248956.0,-1,False,True,False,0,1
US-NAM,US,NAM,30240,US-NAM-PSE-RMT-1,42,133806.5,177884.3,82,1.0,5,16.4,248956.0,37,False,False,True,0,0
US-NAM,US,NAM,30458,US-NAM-RHMS-RMT-3,6,233198.7,286184.8,0,0.0,5,16.4,248956.0,1,False,False,True,0,0
US-NAM,US,NAM,30464,US-NAM-HC-RMT-2,3,85763.2,52140.1,0,0.0,5,16.4,248956.0,-2,False,True,False,0,2
US-NAM,US,NAM,30477,US-NAM-HC-RMT-2,7,157449.6,123830.3,0,0.0,5,16.4,248956.0,2,False,False,True,0,0
US-NAM,US,NAM,30550,US-NAM-SA-RMT-4,18,20653.3,12344.0,0,0.0,5,16.4,248956.0,13,True,False,False,13,0
US-NAM,US,NAM,30830,US-NAM-SA-RMT-5,3,7537.8,11111.4,0,0.0,5,16.4,248956.0,-2,False,True,False,0,2
US-NAM,US,NAM,31076,US-NAM-RHMS-RMT-2,20,86311.3,111208.5,10,0.0,5,16.4,248956.0,15,True,False,False,15,0
US-NAM,US,NAM,31661,US-NAM-HC-RMT-7,11,73324.2,72826.5,2,0.0,5,16.4,248956.0,6,False,False,True,0,0
US-NAM,US,NAM,32447,US-NAM-LTL-RMT-3,8,50875.7,168102.6,0,0.0,5,16.4,248956.0,3,False,False,True,0,0
US-NAM,US,NAM,32476,US-NAM-PSE-RMT-ACC-1,240,38688.0,83972.2,121,0.0,5,16.4,248956.0,235,True,False,False,235,0
US-NAM,US,NAM,32828,US-NAM-PSE-RMT-ACC-1,275,63868.7,114200.4,94,0.0,5,16.4,248956.0,270,True,False,False,270,0
US-NAM,US,NAM,32875,US-NAM-PSE-RMT-3,43,130950.7,121857.2,93,2.0,5,16.4,248956.0,38,True,False,False,38,0
US-NAM,US,NAM,33657,US-NAM-PSE-RMT-2,14,84558.6,0.0,14,1.0,5,16.4,248956.0,9,False,False,True,0,0
US-NAM,US,NAM,34838,US-NAM-LTL-RMT-2,9,257841.3,340110.2,0,0.0,5,16.4,248956.0,4,True,False,False,4,0
US-NAM,US,NAM,36034,US-NAM-SA-RMT-3,17,95416.3,89306.8,0,0.0,5,16.4,248956.0,12,True,False,False,12,0
US-NAM,US,NAM,36414,US-NAM-RHMS-RMT-2,8,127773.9,179515.6,0,0.0,5,16.4,248956.0,3,False,False,True,0,0
US-NAM,US,NAM,38024,US-NAM-RHMS-RMT-3,9,147280.8,171359.7,0,0.0,5,16.4,248956.0,4,False,False,True,0,0
US-NAM,US,NAM,39140,US-NAM-RHMS-RMT-1,5,207563.8,366540.5,0,0.0,5,16.4,248956.0,0,False,False,True,0,0
US-NAM,US,NAM,39352,US-NAM-LTL-RMT-5,5,118761.7,131425.7,0,0.0,5,16.4,248956.0,0,False,False,True,0,0
US-NAM,US,NAM,39534,US-NAM-RHMS-RMT-5,9,276099.1,198215.1,0,0.0,5,16.4,248956.0,4,True,False,False,4,0
US-NAM,US,NAM,40905,US-NAM-HC-RMT-4,20,113969.2,126180.5,0,0.0,5,16.4,248956.0,15,True,False,False,15,0
US-NAM,US,NAM,40906,US-NAM-RHMS-RMT-6,8,118337.6,187804.8,0,0.0,5,16.4,248956.0,3,False,False,True,0,0
US-NAM,US,NAM,40909,US-NAM-RHMS-RMT-2,8,397154.9,489990.4,0,0.0,5,16.4,248956.0,3,True,False,False,3,0
US-NAM,US,NAM,40910,US-NAM-HC-RMT-1,9,258714.1,285182.7,0,0.0,5,16.4,248956.0,4,True,False,False,4,0
US-NAM,US,NAM,41373,US-NAM-PSE-RMT-3,14,118659.5,132955.6,11,0.0,5,16.4,248956.0,9,False,False,True,0,0
US-NAM,US,NAM,41617,US-NAM-PSE-RMT-3,36,160141.7,162138.7,0,0.0,5,16.4,248956.0,31,True,False,False,31,0
US-NAM,US,NAM,41622,US-NAM-SA-RMT-1,3,83561.2,145558.4,0,0.0,5,16.4,248956.0,-2,False,True,False,0,2
US-NAM,US,NAM,41659,US-NAM-PSE-RMT-2,33,158076.0,209712.3,21,0.0,5,16.4,248956.0,28,True,False,False,28,0
US-NAM,US,NAM,41718,US-NAM-PSE-RMT-4,32,239866.2,254153.6,4,0.0,5,16.4,248956.0,27,True,False,False,27,0
US-NAM,US,NAM,41741,US-NAM-PSE-RMT-1,15,312698.4,452841.0,0,0.0,5,16.4,248956.0,10,True,False,False,10,0
US-NAM,US,NAM,41836,US-NAM-PSE-RMT-3,42,179666.0,196775.0,5,0.0,5,16.4,248956.0,37,True,False,False,37,0
US-NAM,US,NAM,41845,US-NAM-PSE-RMT-2,19,113456.3,109460.8,3,0.0,5,16.4,248956.0,14,True,False,False,14,0
US-NAM,US,NAM,41846,US-NAM-PSE-RMT-2,37,210277.8,254170.1,0,0.0,5,16.4,248956.0,32,True,False,False,32,0
US-NAM,US,NAM,42422,US-NAM-PSE-RMT-2,14,120622.0,199802.5,24,1.0,5,16.4,248956.0,9,False,False,True,0,0
US-NAM,US,NAM,42472,US-NAM-PSE-RMT-4,38,161989.7,129354.6,21,0.0,5,16.4,248956.0,33,True,False,False,33,0
US-NAM,US,NAM,42570,US-NAM-PSE-RMT-4,31,198093.4,238149.2,14,0.0,5,16.4,248956.0,26,True,False,False,26,0
US-NAM,US,NAM,42639,US-NAM-PSE-RMT-3,24,120436.2,184931.3,7,0.0,5,16.4,248956.0,19,True,False,False,19,0
US-NAM,US,NAM,43019,US-NAM-PSE-RMT-1,16,132620.0,189029.6,2,0.0,5,16.4,248956.0,11,False,False,True,0,0
US-NAM,US,NAM,44012,US-NAM-RHMS-RMT-4,20,194256.2,266805.8,0,0.0,5,16.4,248956.0,15,True,False,False,15,0
US-NAM,US,NAM,45233,US-NAM-PSE-RMT-4,11,138062.6,145946.4,34,3.0,5,16.4,248956.0,6,False,False,True,0,0
US-NAM,US,NAM,45264,US-NAM-HC-RMT-7,19,64763.5,98325.0,0,0.0,5,16.4,248956.0,14,True,False,False,14,0
US-NAM,US,NAM,45338,US-NAM-PSE-RMT-3,29,192227.0,197687.0,1,0.0,5,16.4,248956.0,24,True,False,False,24,0
US-NAM,US,NAM,45457,US-NAM-HC-RMT-6,3,43493.2,50248.6,0,0.0,5,16.4,248956.0,-2,False,True,False,0,2
US-NAM,US,NAM,46240,US-NAM-RHMS-RMT-2,10,318267.8,312311.8,0,0.0,5,16.4,248956.0,5,True,False,False,5,0
US-NAM,US,NAM,46460,US-NAM-RHMS-RMT-7,10,351099.3,545263.9,0,0.0,5,16.4,248956.0,5,True,False,False,5,0
US-NAM,US,NAM,46565,US-NAM-RHMS-RMT-6,7,52455.8,50040.8,0,0.0,5,16.4,248956.0,2,False,False,True,0,0
US-NAM,US,NAM,46698,US-NAM-RHMS-RMT-5,9,105226.8,114678.2,0,0.0,5,16.4,248956.0,4,False,False,True,0,0
US-UMM,US,UMM,895,US-MUpper-DE-NYC-5,59,419651.4,437719.0,10,0.0,58,60.9,387103.0,1,True,False,False,1,0
US-UMM,US,UMM,910,US-MUpper-DE-STM-3,59,427454.3,528578.3,10,0.0,58,60.9,387103.0,1,True,False,False,1,0
US-UMM,US,UMM,952,US-MUpper-DE-NYC-2,59,208737.3,301204.2,64,1.0,58,60.9,387103.0,1,False,False,True,0,0
US-UMM,US,UMM,1191,US-MUpper-DE-STM-1,61,286640.5,371171.2,0,0.0,58,60.9,387103.0,3,True,False,False,3,0
US-UMM,US,UMM,1222,US-MUpper-DE-STM-4,61,268334.4,299361.8,0,0.0,58,60.9,387103.0,3,True,False,False,3,0
US-UMM,US,UMM,2468,US-MUpper-DE-STM-2,59,394536.6,638104.5,50,0.0,58,60.9,387103.0,1,True,False,False,1,0
US-UMM,US,UMM,2861,US-MUpper-DE-STM-5,59,493604.3,598129.7,108,1.0,58,60.9,387103.0,1,False,False,True,0,0
US-UMM,US,UMM,3071,US-MUpper-DE-NYC-4,123,748816.1,866604.1,1,0.0,58,60.9,387103.0,65,True,False,False,65,0
US-UMM,US,UMM,3111,US-MUpper-DE-STM-4,59,312152.7,403981.0,77,1.0,58,60.9,387103.0,1,False,False,True,0,0
US-UMM,US,UMM,3559,US-MUpper-DE-STM-2,62,437147.7,486027.2,108,1.0,58,60.9,387103.0,4,False,False,True,0,0
US-UMM,US,UMM,3726,US-MUpper-DE-NYC-1,61,333749.2,481728.8,17,0.0,58,60.9,387103.0,3,True,False,False,3,0
US-UMM,US,UMM,3904,US-MUpper-DE-STM-1,60,334883.7,333675.8,80,1.0,58,60.9,387103.0,2,False,False,True,0,0
US-UMM,US,UMM,4068,US-MUpper-DE-STM-5,61,302287.6,388237.0,99,1.0,58,60.9,387103.0,3,False,False,True,0,0
US-UMM,US,UMM,4431,US-MUpper-DE-NYC-2,62,239002.2,697788.7,12,0.0,58,60.9,387103.0,4,True,False,False,4,0
US-UMM,US,UMM,4795,US-MUpper-DE-NYC-3,63,345041.6,309268.8,43,0.0,58,60.9,387103.0,5,True,False,False,5,0
US-UMM,US,UMM,4805,US-MUpper-DE-NYC-1,63,310541.1,398533.3,105,1.0,58,60.9,387103.0,5,False,False,True,0,0
US-UMM,US,UMM,5421,US-MUpper-DE-STM-5,62,260082.1,338299.1,71,1.0,58,60.9,387103.0,4,False,False,True,0,0
US-UMM,US,UMM,6138,US-MUpper-DE-NYC-2,59,369722.1,414199.7,39,0.0,58,60.9,387103.0,1,False,False,True,0,0
US-UMM,US,UMM,6294,US-MUpper-DE-STM-6,60,336863.6,461508.7,45,0.0,58,60.9,387103.0,2,False,False,True,0,0
US-UMM,US,UMM,8086,US-MUpper-DE-ATX-1,62,422640.0,512633.3,72,1.0,58,60.9,387103.0,4,False,False,True,0,0
US-UMM,US,UMM,8227,US-MUpper-DE-ATX-2,64,354765.8,375709.7,83,1.0,58,60.9,387103.0,6,False,False,True,0,0
US-UMM,US,UMM,8374,US-MUpper-DE-ATL-1,62,341635.4,388279.4,76,1.0,58,60.9,387103.0,4,False,False,True,0,0
US-UMM,US,UMM,9296,US-MUpper-DE-STM-4,61,445755.4,487528.1,101,1.0,58,60.9,387103.0,3,False,False,True,0,0
US-UMM,US,UMM,9399,US-MUpper-DE-STM-4,62,174115.4,200528.7,52,0.0,58,60.9,387103.0,4,True,False,False,4,0
US-UMM,US,UMM,10674,US-MUpper-DE-STM-3,64,360070.7,480551.8,54,0.0,58,60.9,387103.0,6,True,False,False,6,0
US-UMM,US,UMM,11155,US-MUpper-DE-STM-3,60,417311.9,522396.9,137,2.0,58,60.9,387103.0,2,False,False,True,0,0
US-UMM,US,UMM,11158,US-MUpper-DE-STM-6,63,506320.2,475051.1,95,1.0,58,60.9,387103.0,5,True,False,False,5,0
US-UMM,US,UMM,11164,US-MUpper-DE-NYC-1,61,464829.0,489053.4,92,1.0,58,60.9,387103.0,3,False,False,True,0,0
US-UMM,US,UMM,11398,US-MUpper-DE-NYC-3,7,14000.7,0.0,5,0.0,58,60.9,387103.0,-51,False,True,False,0,51
US-UMM,US,UMM,11566,US-MUpper-DE-ATX-3,60,355304.1,372336.5,8,0.0,58,60.9,387103.0,2,False,False,True,0,0
US-UMM,US,UMM,11567,US-MUpper-DE-ATX-1,62,502413.8,644915.6,0,0.0,58,60.9,387103.0,4,True,False,False,4,0
US-UMM,US,UMM,11794,US-MUpper-DE-STM-4,59,628864.5,647469.5,81,1.0,58,60.9,387103.0,1,False,False,True,0,0
US-UMM,US,UMM,12723,US-MUpper-DE-STM-1,60,352665.9,377994.5,49,0.0,58,60.9,387103.0,2,False,False,True,0,0
US-UMM,US,UMM,12954,US-MUpper-DE-NYC-1,61,266647.5,315083.5,65,1.0,58,60.9,387103.0,3,False,False,True,0,0
US-UMM,US,UMM,12990,US-MUpper-DE-ATX-2,65,374330.0,387658.0,51,0.0,58,60.9,387103.0,7,True,False,False,7,0
US-UMM,US,UMM,13118,US-MUpper-DE-NYC-3,62,232720.0,200586.2,89,1.0,58,60.9,387103.0,4,True,False,False,4,0
US-UMM,US,UMM,13770,US-MUpper-DE-ATX-2,63,356127.7,429975.4,84,1.0,58,60.9,387103.0,5,False,False,True,0,0
US-UMM,US,UMM,14473,US-MUpper-DE-STM-2,61,433364.4,513620.4,114,1.0,58,60.9,387103.0,3,False,False,True,0,0
US-UMM,US,UMM,14474,US-MUpper-DE-STM-1,60,376099.9,358769.4,74,1.0,58,60.9,387103.0,2,False,False,True,0,0
US-UMM,US,UMM,14509,US-MUpper-DE-NYC-5,59,532522.0,567525.4,85,1.0,58,60.9,387103.0,1,False,False,True,0,0
US-UMM,US,UMM,15076,US-MUpper-DE-STM-1,61,353616.3,400966.3,61,1.0,58,60.9,387103.0,3,False,False,True,0,0
US-UMM,US,UMM,15241,US-MUpper-DE-STM-2,56,428937.5,438387.4,93,1.0,58,60.9,387103.0,-2,False,True,False,0,2
US-UMM,US,UMM,15433,US-MUpper-DE-NYC-2,63,389173.5,430353.7,72,1.0,58,60.9,387103.0,5,False,False,True,0,0
US-UMM,US,UMM,15607,US-MUpper-DE-NYC-5,62,489894.2,580405.8,82,1.0,58,60.9,387103.0,4,False,False,True,0,0
US-UMM,US,UMM,15734,US-MUpper-DE-ATX-4,61,457964.7,548695.7,100,1.0,58,60.9,387103.0,3,False,False,True,0,0
US-UMM,US,UMM,15966,US-MUpper-DE-NYC-5,60,418234.2,466542.3,93,1.0,58,60.9,387103.0,2,False,False,True,0,0
US-UMM,US,UMM,16440,US-MUpper-DE-STM-4,61,321917.1,309993.7,104,1.0,58,60.9,387103.0,3,True,False,False,3,0
US-UMM,US,UMM,16990,US-MUpper-DE-NYC-3,62,341109.8,426441.7,74,1.0,58,60.9,387103.0,4,False,False,True,0,0
US-UMM,US,UMM,16992,US-MUpper-DE-NYC-4,61,496613.7,469792.0,95,1.0,58,60.9,387103.0,3,True,False,False,3,0
US-UMM,US,UMM,17060,US-MUpper-DE-STM-2,63,453763.2,508730.1,130,2.0,58,60.9,387103.0,5,False,False,True,0,0
US-UMM,US,UMM,17244,US-MUpper-DE-NYC-3,59,406910.0,531905.4,40,0.0,58,60.9,387103.0,1,True,False,False,1,0
US-UMM,US,UMM,17537,US-MUpper-DE-STM-5,62,376572.5,505181.5,71,1.0,58,60.9,387103.0,4,False,False,True,0,0
US-UMM,US,UMM,17541,US-MUpper-DE-STM-5,59,308183.1,411175.7,56,0.0,58,60.9,387103.0,1,False,False,True,0,0
US-UMM,US,UMM,17648,US-MUpper-DE-STM-3,60,325771.7,434452.6,74,1.0,58,60.9,387103.0,2,False,False,True,0,0
US-UMM,US,UMM,17697,US-MUpper-DE-STM-1,60,315624.3,346795.6,85,1.0,58,60.9,387103.0,2,False,False,True,0,0
US-UMM,US,UMM,17742,US-MUpper-DE-NYC-2,61,277791.1,507683.7,42,0.0,58,60.9,387103.0,3,True,False,False,3,0
US-UMM,US,UMM,17836,US-MUpper-DE-STM-4,60,353970.1,435103.6,100,1.0,58,60.9,387103.0,2,False,False,True,0,0
US-UMM,US,UMM,18087,US-MUpper-DE-NYC-1,61,312217.8,402258.7,75,1.0,58,60.9,387103.0,3,False,False,True,0,0
US-UMM,US,UMM,18367,US-MUpper-DE-NYC-2,60,594307.0,799759.8,4,0.0,58,60.9,387103.0,2,True,False,False,2,0
US-UMM,US,UMM,18412,US-MUpper-DE-ATX-1,62,539211.2,549264.5,98,1.0,58,60.9,387103.0,4,False,False,True,0,0
US-UMM,US,UMM,18760,US-MUpper-DE-NYC-5,61,284460.6,412579.6,23,0.0,58,60.9,387103.0,3,True,False,False,3,0
US-UMM,US,UMM,18916,US-MUpper-DE-NYC-5,58,246835.7,251084.7,90,1.0,58,60.9,387103.0,0,False,False,True,0,0
US-UMM,US,UMM,18936,US-MUpper-DE-ATX-2,62,361338.5,444491.9,79,1.0,58,60.9,387103.0,4,False,False,True,0,0
US-UMM,US,UMM,19180,US-MUpper-DE-STM-3,61,334242.3,374136.1,146,2.0,58,60.9,387103.0,3,False,False,True,0,0
US-UMM,US,UMM,19348,US-MUpper-DE-ATX-2,62,303681.1,365956.4,58,0.0,58,60.9,387103.0,4,True,False,False,4,0
US-UMM,US,UMM,19547,US-MUpper-DE-STM-2,61,419763.3,452344.0,78,1.0,58,60.9,387103.0,3,False,False,True,0,0
US-UMM,US,UMM,19849,US-MUpper-DE-STM-3,61,318798.2,363877.6,65,1.0,58,60.9,387103.0,3,False,False,True,0,0
US-UMM,US,UMM,20151,US-MUpper-DE-STM-4,60,398752.7,437288.0,92,1.0,58,60.9,387103.0,2,False,False,True,0,0
US-UMM,US,UMM,21251,US-MUpper-DE-NYC-3,63,286648.5,400564.0,105,1.0,58,60.9,387103.0,5,False,False,True,0,0
US-UMM,US,UMM,23315,US-MUpper-DE-STM-6,61,480726.0,532875.0,99,1.0,58,60.9,387103.0,3,False,False,True,0,0
US-UMM,US,UMM,23657,US-MUpper-DE-ATX-4,58,561615.8,612360.4,115,1.0,58,60.9,387103.0,0,False,False,True,0,0
US-UMM,US,UMM,23709,US-MUpper-DE-STM-6,61,357347.7,410964.2,105,1.0,58,60.9,387103.0,3,False,False,True,0,0
US-UMM,US,UMM,24954,US-MUpper-DE-NYC-4,59,523467.5,642319.9,151,2.0,58,60.9,387103.0,1,False,False,True,0,0
US-UMM,US,UMM,26480,US-MUpper-DE-ATX-1,59,600680.6,508279.2,106,1.0,58,60.9,387103.0,1,True,False,False,1,0
US-UMM,US,UMM,27272,US-MUpper-DE-ATX-3,60,342571.0,379507.5,51,0.0,58,60.9,387103.0,2,False,False,True,0,0
US-UMM,US,UMM,30836,US-MUpper-DE-ATL-1,60,406887.3,487416.2,70,1.0,58,60.9,387103.0,2,False,False,True,0,0
US-UMM,US,UMM,30853,US-MUpper-DE-ATL-1,60,382771.1,413188.4,84,1.0,58,60.9,387103.0,2,False,False,True,0,0
US-UMM,US,UMM,30876,US-MUpper-DE-ATL-1,64,387883.0,449620.3,81,1.0,58,60.9,387103.0,6,False,False,True,0,0
US-UMM,US,UMM,31053,US-MUpper-DE-NYC-3,65,491631.3,649267.2,51,0.0,58,60.9,387103.0,7,True,False,False,7,0
US-UMM,US,UMM,31274,US-MUpper-DE-ATL-1,62,474485.4,625883.8,88,1.0,58,60.9,387103.0,4,False,False,True,0,0
US-UMM,US,UMM,32083,US-MUpper-DE-NYC-2,60,507443.6,519226.8,62,1.0,58,60.9,387103.0,2,False,False,True,0,0
US-UMM,US,UMM,32111,US-MUpper-DE-STM-6,62,391218.1,378187.8,51,0.0,58,60.9,387103.0,4,True,False,False,4,0
US-UMM,US,UMM,32152,US-MUpper-DE-ATX-2,65,534192.3,532442.4,3,0.0,58,60.9,387103.0,7,True,False,False,7,0
US-UMM,US,UMM,32190,US-MUpper-DE-NYC-2,62,456743.1,744460.9,106,1.0,58,60.9,387103.0,4,False,False,True,0,0
US-UMM,US,UMM,32872,US-MUpper-DE-STM-2,58,400698.8,481800.5,121,2.0,58,60.9,387103.0,0,False,False,True,0,0
US-UMM,US,UMM,34173,US-MUpper-DE-STM-1,63,271719.5,264513.1,92,1.0,58,60.9,387103.0,5,True,False,False,5,0
US-UMM,US,UMM,34176,US-MUpper-DE-NYC-4,60,319151.2,309190.1,113,1.0,58,60.9,387103.0,2,False,False,True,0,0
US-UMM,US,UMM,34180,US-MUpper-DE-STM-1,59,520487.9,535404.3,57,0.0,58,60.9,387103.0,1,True,False,False,1,0
US-UMM,US,UMM,34192,US-MUpper-DE-NYC-2,63,367134.4,421078.8,93,1.0,58,60.9,387103.0,5,False,False,True,0,0
US-UMM,US,UMM,34410,US-MUpper-DE-STM-5,59,613323.0,721468.3,149,2.0,58,60.9,387103.0,1,False,False,True,0,0
US-UMM,US,UMM,34456,US-MUpper-DE-STM-3,61,445683.2,453092.7,97,1.0,58,60.9,387103.0,3,False,False,True,0,0
US-UMM,US,UMM,34460,US-MUpper-DE-ATX-4,59,399693.6,406806.3,57,0.0,58,60.9,387103.0,1,True,False,False,1,0
US-UMM,US,UMM,34492,US-MUpper-DE-STM-6,59,392300.6,515733.9,37,0.0,58,60.9,387103.0,1,True,False,False,1,0
US-UMM,US,UMM,34500,US-MUpper-DE-ATX-1,62,243934.4,383297.2,134,2.0,58,60.9,387103.0,4,False,False,True,0,0
US-UMM,US,UMM,34535,US-MUpper-DE-ATX-3,69,518638.6,549197.7,84,1.0,58,60.9,387103.0,11,False,False,True,0,0
US-UMM,US,UMM,34667,US-MUpper-DE-ATX-3,62,337268.5,363355.2,68,1.0,58,60.9,387103.0,4,False,False,True,0,0
US-UMM,US,UMM,34862,US-MUpper-DE-STM-6,59,404511.7,576187.9,40,0.0,58,60.9,387103.0,1,True,False,False,1,0
US-UMM,US,UMM,34875,US-MUpper-DE-STM-3,62,249032.0,282500.2,93,1.0,58,60.9,387103.0,4,False,False,True,0,0
US-UMM,US,UMM,35199,US-MUpper-DE-NYC-4,63,456785.6,614647.6,94,1.0,58,60.9,387103.0,5,False,False,True,0,0
US-UMM,US,UMM,35502,US-MUpper-DE-NYC-3,60,511636.9,687608.7,80,1.0,58,60.9,387103.0,2,False,False,True,0,0
US-UMM,US,UMM,35555,US-MUpper-DE-NYC-5,62,359838.8,446352.6,92,1.0,58,60.9,387103.0,4,False,False,True,0,0
US-UMM,US,UMM,35758,US-MUpper-DE-ATX-3,60,665637.1,583624.9,111,1.0,58,60.9,387103.0,2,True,False,False,2,0
US-UMM,US,UMM,36240,US-MUpper-DE-NYC-5,60,324744.2,350216.1,83,1.0,58,60.9,387103.0,2,False,False,True,0,0
US-UMM,US,UMM,36375,US-MUpper-DE-STM-2,61,465067.7,452030.3,125,2.0,58,60.9,387103.0,3,True,False,False,3,0
US-UMM,US,UMM,36394,US-MUpper-DE-NYC-2,64,265777.6,385238.0,109,1.0,58,60.9,387103.0,6,False,False,True,0,0
US-UMM,US,UMM,38558,US-MUpper-DE-NYC-4,63,568866.0,870830.7,63,1.0,58,60.9,387103.0,5,False,False,True,0,0
US-UMM,US,UMM,38742,US-MUpper-DE-NYC-1,64,321731.2,364239.9,103,1.0,58,60.9,387103.0,6,False,False,True,0,0
US-UMM,US,UMM,39361,US-MUpper-DE-ATX-3,65,309760.8,294936.4,83,1.0,58,60.9,387103.0,7,True,False,False,7,0
US-UMM,US,UMM,39397,US-MUpper-DE-ATX-1,60,393004.9,447567.4,116,1.0,58,60.9,387103.0,2,False,False,True,0,0
US-UMM,US,UMM,39530,US-MUpper-DE-ATX-1,59,259543.4,352121.5,93,1.0,58,60.9,387103.0,1,False,False,True,0,0
US-UMM,US,UMM,39531,US-MUpper-DE-ATX-4,60,262156.6,342236.8,71,1.0,58,60.9,387103.0,2,False,False,True,0,0
US-UMM,US,UMM,39998,US-MUpper-DE-ATX-4,61,306846.4,381607.3,112,1.0,58,60.9,387103.0,3,False,False,True,0,0
US-UMM,US,UMM,40001,US-MUpper-DE-ATX-3,62,351887.3,465534.2,65,1.0,58,60.9,387103.0,4,False,False,True,0,0
US-UMM,US,UMM,40901,US-MUpper-DE-ATX-2,60,495777.4,620970.5,106,1.0,58,60.9,387103.0,2,False,False,True,0,0
US-UMM,US,UMM,40951,US-MUpper-DE-NYC-1,64,307453.3,336273.5,97,1.0,58,60.9,387103.0,6,False,False,True,0,0
US-UMM,US,UMM,41598,US-MUpper-DE-ATX-4,58,386839.2,480546.8,56,0.0,58,60.9,387103.0,0,False,False,True,0,0
US-UMM,US,UMM,41742,US-MUpper-DE-ATL-1,60,404998.0,466657.2,66,1.0,58,60.9,387103.0,2,False,False,True,0,0
US-UMM,US,UMM,41961,US-MUpper-DE-STM-2,61,514251.8,764763.5,63,1.0,58,60.9,387103.0,3,False,False,True,0,0
US-UMM,US,UMM,42326,US-MUpper-DE-STM-3,60,266052.2,334104.2,83,1.0,58,60.9,387103.0,2,False,False,True,0,0
US-UMM,US,UMM,42723,US-MUpper-DE-ATX-4,59,354851.4,391754.0,77,1.0,58,60.9,387103.0,1,False,False,True,0,0
US-UMM,US,UMM,42982,US-MUpper-DE-STM-5,58,542897.8,584478.1,72,1.0,58,60.9,387103.0,0,False,False,True,0,0
US-UMM,US,UMM,43089,US-MUpper-DE-NYC-2,34,284768.2,0.0,66,1.0,58,60.9,387103.0,-24,False,True,False,0,24
US-UMM,US,UMM,43737,US-MUpper-DE-STM-6,63,422682.6,577375.1,69,1.0,58,60.9,387103.0,5,False,False,True,0,0
US-UMM,US,UMM,43746,US-MUpper-DE-ATL-1,64,333964.6,424297.9,76,1.0,58,60.9,387103.0,6,False,False,True,0,0
US-UMM,US,UMM,43930,US-MUpper-DE-NYC-1,63,261839.0,220510.6,46,0.0,58,60.9,387103.0,5,True,False,False,5,0
US-UMM,US,UMM,43966,US-MUpper-DE-ATL-1,65,392103.6,373692.0,109,1.0,58,60.9,387103.0,7,True,False,False,7,0
US-UMM,US,UMM,44285,US-MUpper-DE-NYC-4,60,435114.7,454835.4,69,1.0,58,60.9,387103.0,2,False,False,True,0,0
US-UMM,US,UMM,44997,US-MUpper-DE-NYC-5,60,428626.4,442046.8,67,1.0,58,60.9,387103.0,2,False,False,True,0,0
US-UMM,US,UMM,45005,US-MUpper-DE-STM-4,58,528775.5,535639.5,76,1.0,58,60.9,387103.0,0,False,False,True,0,0
US-UMM,US,UMM,46515,US-MUpper-DE-NYC-3,62,502017.4,798921.2,4,0.0,58,60.9,387103.0,4,True,False,False,4,0
US-UMM,US,UMM,46517,US-MUpper-DE-NYC-1,58,299595.2,449227.4,49,0.0,58,60.9,387103.0,0,False,False,True,0,0
US-UMM,US,UMM,46546,US-MUpper-DE-STM-5,62,284110.3,307530.4,7,0.0,58,60.9,387103.0,4,True,False,False,4,0
US-UMM,US,UMM,46553,US-MUpper-DE-STM-1,62,232429.0,328186.3,8,0.0,58,60.9,387103.0,4,True,False,False,4,0
US-UMM,US,UMM,46578,US-MUpper-DE-STM-5,60,327998.6,447861.0,6,0.0,58,60.9,387103.0,2,False,False,True,0,0
