country,segment,sales_rep_id,sales_team_name,pcid_count,impact_calls_90d,impact_calls_per_account,segment_avg_coverage,segment_avg_pcid,segment_avg_pqr,pqr_90d,revenue_90d,too_big_coverage_signal
AU,ACC,5101,AU-NAM-ACCDE-SYD-1,20,0,0,0.0,129.1,59419.0,40194.8,60185.4,false
AU,ACC,6383,AU-NAM-ACCDE-SYD-1,55,0,0,0.0,129.1,59419.0,13250.1,15798.7,false
AU,ACC,9208,AU-M-ACCDE-SYD-1,189,153,0,0.0,129.1,59419.0,126683.6,117882.5,true
AU,ACC,13758,AU-M-ACCDE-SYD-1,155,0,0,0.0,129.1,59419.0,63998.0,57689.3,true
AU,ACC,17704,AU-NAM-ACCDE-SYD-1,50,15,0,0.0,129.1,59419.0,21485.9,40521.2,false
AU,ACC,18351,AU-M-ACCDE-SYD-1,185,144,0,0.0,129.1,59419.0,62822.9,84205.7,false
AU,ACC,24772,AU-M-ACCDE-SYD-1,190,185,0,0.0,129.1,59419.0,78579.6,83425.1,false
AU,ACC,25650,AU-M-ACCDE-SYD-1,143,,,0.0,129.1,59419.0,62452.8,46590.0,true
AU,ACC,30398,AU-M-ACCDE-SYD-1,177,160,0,0.0,129.1,59419.0,80095.9,92342.7,false
AU,ACC,35451,AU-NAM-ACCDE-SYD-1,51,2,0,0.0,129.1,59419.0,18464.5,27353.2,false
AU,ACC,43078,AU-M-ACCDE-SYD-1,164,26,0,0.0,129.1,59419.0,89038.5,75951.3,true
AU,ACC,43720,AU-M-ACCDE-SYD-1,170,166,0,0.0,129.1,59419.0,55963.9,57555.9,false
AU,NAM,8861,AU-NAM-ACCSA-SYD-1,46,0,0,0.0,53.0,12648.0,8816.7,10495.8,false
AU,NAM,14665,AU-NAM-ACCSA-SYD-1,67,3,0,0.0,53.0,12648.0,8623.3,13696.5,false
AU,NAM,20039,AU-NAM-ACCSA-SYD-1,51,0,0,0.0,53.0,12648.0,21864.2,18382.5,true
AU,NAM,25018,AU-NAM-ACCSA-SYD-1,48,0,0,0.0,53.0,12648.0,11285.8,21920.8,false
BNL,ACC,4940,BE-NAM-ACCDE-BRU-1,32,0,0,0.83,102.9,43196.0,24322.9,50922.3,false
BNL,ACC,5286,NL-M-ACCDE-AMS-2,177,282,1,0.83,102.9,43196.0,36660.6,63207.4,false
BNL,ACC,6493,NL-M-ACCDE-AMS-2,169,193,1,0.83,102.9,43196.0,26333.4,94057.2,false
BNL,ACC,8128,BE-NAM-ACCDE-BRU-1,28,0,0,0.83,102.9,43196.0,24829.2,43020.9,false
BNL,ACC,8673,NL-M-ACCDE-AMS-2,189,271,1,0.83,102.9,43196.0,60899.0,75594.8,false
BNL,ACC,8834,NL-NAM-ACCDE-AMS-1,38,15,0,0.83,102.9,43196.0,17167.8,20076.2,false
BNL,ACC,10379,NL-M-ACCDE-AMS-2,199,317,1,0.83,102.9,43196.0,32463.8,44186.4,false
BNL,ACC,10493,NL-NAM-ACCDE-AMS-1,41,0,0,0.83,102.9,43196.0,10420.9,22676.1,false
BNL,ACC,13541,BE-NAM-ACCDE-BRU-1,32,0,0,0.83,102.9,43196.0,50734.6,88115.0,true
BNL,ACC,14772,NL-M-ACCDE-AMS-2,168,308,1,0.83,102.9,43196.0,42488.0,45303.4,false
BNL,ACC,14813,BE-NAM-ACCDE-BRU-1,27,0,0,0.83,102.9,43196.0,71407.8,97199.1,true
BNL,ACC,16472,NL-NAM-ACCDE-AMS-1,38,0,0,0.83,102.9,43196.0,17598.2,29544.9,false
BNL,ACC,16516,BE-NAM-ACCDE-BRU-1,35,12,0,0.83,102.9,43196.0,37194.0,53141.9,false
BNL,ACC,16573,NL-M-ACCDE-AMS-2,182,249,1,0.83,102.9,43196.0,38150.5,70027.2,false
BNL,ACC,17142,BE-M-ACCDE-BRU-1,104,250,2,0.83,102.9,43196.0,36731.5,59074.8,false
BNL,ACC,19507,BE-M-ACCDE-BRU-1,101,205,2,0.83,102.9,43196.0,61204.4,74555.3,false
BNL,ACC,19806,BE-M-ACCDE-BRU-1,114,179,1,0.83,102.9,43196.0,51363.6,69472.8,false
BNL,ACC,27047,BE-NAM-ACCDE-BRU-1,25,1,0,0.83,102.9,43196.0,103958.5,111479.6,true
BNL,ACC,31700,NL-M-ACCDE-DUB-1,176,177,1,0.83,102.9,43196.0,29701.1,57796.1,false
BNL,ACC,35575,NL-M-ACCDE-DUB-1,175,233,1,0.83,102.9,43196.0,66254.9,78311.1,false
BNL,ACC,42831,BE-M-ACCDE-BRU-1,188,278,1,0.83,102.9,43196.0,57142.2,66066.7,false
BNL,ACC,43160,BE-M-ACCDE-BRU-1,64,112,1,0.83,102.9,43196.0,39214.2,64640.8,false
BNL,ACC,44003,BE-M-ACCDE-BRU-1,73,371,5,0.83,102.9,43196.0,60360.9,106172.2,false
BNL,ACC,46334,BE-M-ACCDE-BRU-1,95,2,0,0.83,102.9,43196.0,40109.9,44896.9,false
BNL,ISDCA,30907,NL-ISDCA-DE-DUB-1,43,140,3,3.0,43.0,15235.0,15234.5,223223.5,false
BNL,L,3638,NL-L-SA-DUB-1,48,126,2,1.91,45.8,102057.0,138478.0,134913.1,true
BNL,L,6382,NL-L-DE-AMS-1,41,116,2,1.91,45.8,102057.0,75409.6,118894.8,false
BNL,L,9479,NL-L-DE-AMS-1,39,121,3,1.91,45.8,102057.0,127323.8,128308.2,false
BNL,L,16517,BE-L-SA-BRU-1,53,145,2,1.91,45.8,102057.0,35614.4,23261.1,true
BNL,L,17951,NL-L-DE-AMS-1,41,41,1,1.91,45.8,102057.0,70205.1,86967.1,false
BNL,L,28956,NL-L-DE-AMS-1,39,137,3,1.91,45.8,102057.0,149402.1,169318.5,false
BNL,L,33964,NL-L-SA-DUB-1,49,152,3,1.91,45.8,102057.0,154615.2,211904.5,false
BNL,L,35143,NL-L-SA-DUB-1,48,5,0,1.91,45.8,102057.0,117498.8,137232.2,true
BNL,L,36246,NL-L-SA-DUB-1,51,169,3,1.91,45.8,102057.0,128765.4,123736.6,true
BNL,L,39849,BE-L-SA-BRU-1,54,46,0,1.91,45.8,102057.0,21340.3,21226.8,true
BNL,L,42609,NL-L-DE-AMS-1,41,94,2,1.91,45.8,102057.0,103972.3,131314.1,false
BNL,M,6393,NL-M-DE-DUB-1,95,151,1,1.5,98.7,301655.0,427966.0,527724.9,true
BNL,M,6585,NL-M-DE-DUB-2,90,0,0,1.5,98.7,301655.0,374846.4,495861.5,true
BNL,M,6917,NL-M-PSE-AMS-1,105,30,0,1.5,98.7,301655.0,20272.2,32517.1,true
BNL,M,9379,NL-M-DE-AMS-1,91,189,2,1.5,98.7,301655.0,465234.1,578337.4,false
BNL,M,12914,NL-M-DE-AMS-1,90,252,2,1.5,98.7,301655.0,511643.3,510544.0,true
BNL,M,13680,NL-M-DE-AMS-1,90,249,2,1.5,98.7,301655.0,355596.1,424348.0,false
BNL,M,15870,NL-M-SA-DUB-1,81,46,0,1.5,98.7,301655.0,215958.9,199184.6,false
BNL,M,18422,NL-M-DE-AMS-1,92,277,3,1.5,98.7,301655.0,348755.2,453874.8,false
BNL,M,19493,NL-M-DE-DUB-1,90,74,0,1.5,98.7,301655.0,360673.6,463109.5,true
BNL,M,21208,NL-M-DE-DUB-2,90,249,2,1.5,98.7,301655.0,369796.0,411327.3,false
BNL,M,30795,NL-M-DE-DUB-2,93,229,2,1.5,98.7,301655.0,380323.5,438245.7,false
BNL,M,31711,NL-M-PSE-AMS-1,176,31,0,1.5,98.7,301655.0,66522.4,79806.3,true
BNL,M,32064,NL-M-SA-DUB-1,74,244,3,1.5,98.7,301655.0,176171.7,197871.5,false
BNL,M,35817,NL-M-DE-DUB-1,90,223,2,1.5,98.7,301655.0,380053.1,535746.6,false
BNL,M,38440,NL-M-SA-DUB-1,81,216,2,1.5,98.7,301655.0,236077.0,226985.9,false
BNL,M,40233,NL-M-DE-DUB-2,87,225,2,1.5,98.7,301655.0,356383.0,401846.5,false
BNL,M,41428,NL-M-SA-DUB-1,196,231,1,1.5,98.7,301655.0,20108.1,36225.2,true
BNL,M,42904,NL-M-SA-DUB-1,78,231,2,1.5,98.7,301655.0,187050.9,221915.6,false
BNL,M,44931,NL-M-DE-DUB-1,93,213,2,1.5,98.7,301655.0,393379.4,487304.4,false
BNL,M,45182,NL-M-DE-DUB-1,92,254,2,1.5,98.7,301655.0,386296.4,472963.6,false
BNL,NAM,2609,NL-NAM-ACCSA-AMS-1,23,59,2,0.1,16.8,48934.0,26686.2,49349.0,false
BNL,NAM,2769,NL-NAM-SA-AMS-1,13,0,0,0.1,16.8,48934.0,53285.0,61486.8,true
BNL,NAM,3735,NL-NAM-SA-AMS-2,15,0,0,0.1,16.8,48934.0,82194.9,131060.1,true
BNL,NAM,6572,NL-NAM-B2B-AMS-1,12,0,0,0.1,16.8,48934.0,29830.8,16152.8,false
BNL,NAM,6949,NL-NAM-SA-AMS-2,13,0,0,0.1,16.8,48934.0,92528.3,110303.3,true
BNL,NAM,6950,NL-NAM-RHLOG-AMS-1,12,0,0,0.1,16.8,48934.0,25682.6,14495.1,false
BNL,NAM,7652,NL-NAM-B2B-AMS-1,12,0,0,0.1,16.8,48934.0,22642.1,39277.0,false
BNL,NAM,8757,NL-NAM-PSE-AMS-1,14,0,0,0.1,16.8,48934.0,17318.5,96066.0,false
BNL,NAM,8835,NL-NAM-SA-AMS-1,13,5,0,0.1,16.8,48934.0,33558.0,42470.2,false
BNL,NAM,8842,NL-NAM-RHLOG-AMS-1,12,0,0,0.1,16.8,48934.0,27827.1,38214.8,false
BNL,NAM,9592,NL-NAM-B2B-AMS-1,11,0,0,0.1,16.8,48934.0,10509.2,379593.2,false
BNL,NAM,9828,NL-NAM-B2B-AMS-1,11,0,0,0.1,16.8,48934.0,12951.4,57368.9,false
BNL,NAM,9895,BE-NAM-PSE-BRU-1,39,1,0,0.1,16.8,48934.0,81305.4,76370.0,true
BNL,NAM,10014,NL-NAM-RHLOG-AMS-1,12,0,0,0.1,16.8,48934.0,13697.0,27694.2,false
BNL,NAM,10018,NL-NAM-RHLOG-AMS-1,12,0,0,0.1,16.8,48934.0,28395.1,30578.8,false
BNL,NAM,10233,BE-NAM-ACCSA-BRU-1,13,0,0,0.1,16.8,48934.0,24619.5,35495.9,false
BNL,NAM,11636,NL-NAM-RHLOG-AMS-1,9,0,0,0.1,16.8,48934.0,313669.7,614842.8,true
BNL,NAM,14732,BE-NAM-ACCSA-BRU-1,15,5,0,0.1,16.8,48934.0,76962.2,88207.1,true
BNL,NAM,15055,NL-NAM-ACCSA-AMS-1,27,2,0,0.1,16.8,48934.0,21308.0,15951.1,true
BNL,NAM,15382,NL-NAM-SA-AMS-1,11,0,0,0.1,16.8,48934.0,36862.9,34120.0,false
BNL,NAM,16506,NL-NAM-SA-AMS-1,13,0,0,0.1,16.8,48934.0,48128.0,120721.7,false
BNL,NAM,17728,NL-NAM-B2B-AMS-1,11,0,0,0.1,16.8,48934.0,59869.8,67529.6,true
BNL,NAM,18845,BE-NAM-ACCSA-BRU-1,14,0,0,0.1,16.8,48934.0,17618.1,15446.6,false
BNL,NAM,25654,NL-NAM-PSE-AMS-2,34,,,0.1,16.8,48934.0,17295.1,21898.8,
BNL,NAM,34395,BE-NAM-ACCSA-BRU-1,13,0,0,0.1,16.8,48934.0,6579.5,6550.6,false
BNL,NAM,34781,NL-NAM-SA-AMS-1,16,0,0,0.1,16.8,48934.0,109444.7,102938.2,true
BNL,NAM,35567,NL-NAM-RHLOG-AMS-1,12,0,0,0.1,16.8,48934.0,117070.2,181588.2,true
BNL,NAM,36094,NL-NAM-SA-AMS-2,14,0,0,0.1,16.8,48934.0,41487.6,40744.1,false
BNL,NAM,40919,NL-NAM-ACCSA-AMS-1,24,40,1,0.1,16.8,48934.0,24602.4,63710.4,false
BNL,NAM,42814,BE-NAM-PSE-BRU-1,39,0,0,0.1,16.8,48934.0,20241.6,24774.4,true
BNL,NAM,45895,NL-NAM-PSE-AMS-2,37,,,0.1,16.8,48934.0,24257.8,25775.0,
BNL,NAM,46717,NL-NAM-PSE-AMS-1,12,0,0,0.1,16.8,48934.0,47460.3,36016.9,false
BNL,NAMDCA,16586,NL-NAMDCA-DE-AMS-1,21,28,1,1.0,21.0,89532.0,89531.6,148781.5,false
BR,M,8152,BR-M-DE-SAO-1,149,0,0,0.14,130.6,38464.0,40726.3,59866.8,true
BR,M,28881,BR-M-DE-SAO-1,113,184,1,0.14,130.6,38464.0,23626.6,36723.4,false
BR,M,39738,BR-M-SA-SAO-1,131,11,0,0.14,130.6,38464.0,40210.7,39718.5,true
BR,M,40197,BR-M-SA-SAO-1,92,4,0,0.14,130.6,38464.0,13838.8,19903.0,false
BR,M,41946,BR-M-DE-SAO-1,142,1,0,0.14,130.6,38464.0,61753.9,68579.6,true
BR,M,42830,BR-M-DE-SAO-1,139,39,0,0.14,130.6,38464.0,43288.5,45105.4,true
BR,M,42853,BR-M-DE-SAO-1,148,49,0,0.14,130.6,38464.0,45803.7,50389.8,true
BR,NAM,6425,BR-NAM-DE-SAO-1,34,0,0,0.0,39.5,41568.0,144407.8,554393.6,false
BR,NAM,14913,BR-NAM-DE-SAO-1,41,0,0,0.0,39.5,41568.0,6506.0,10812.4,false
BR,NAM,29156,BR-NAM-DE-SAO-1,44,5,0,0.0,39.5,41568.0,10222.7,24722.4,false
BR,NAM,42815,BR-NAM-DE-SAO-1,39,0,0,0.0,39.5,41568.0,5135.6,6153.1,false
CA,ACC,7771,CA-NAM-ACCDE-TOR-1,36,0,0,0.0,43.8,111837.0,64965.4,98839.3,false
CA,ACC,9566,CA-NAM-ACCDE-WEST-1,39,2,0,0.0,43.8,111837.0,135465.7,141566.3,false
CA,ACC,10081,CA-NAM-ACCDE-WEST-1,43,0,0,0.0,43.8,111837.0,167469.9,199144.2,false
CA,ACC,31663,CA-NAM-ACCDE-TOR-1,57,0,0,0.0,43.8,111837.0,79445.0,104793.3,false
CA,L,6843,CA-L-DE-TOR-1,37,83,2,1.67,38.5,142522.0,152401.1,193719.3,false
CA,L,9082,CA-L-DE-TOR-1,35,57,1,1.67,38.5,142522.0,198057.9,277022.4,true
CA,L,12154,CA-L-DE-TOR-1,36,83,2,1.67,38.5,142522.0,140588.1,151815.7,false
CA,L,13215,CA-L-DE-TOR-1,34,71,2,1.67,38.5,142522.0,39878.3,57829.6,false
CA,L,13566,CA-L-DE-TOR-1,38,72,1,1.67,38.5,142522.0,86947.6,131094.1,false
CA,L,13568,CA-L-DE-TOR-1,38,84,2,1.67,38.5,142522.0,239583.5,249632.2,false
CA,L,14488,CA-L-DE-TOR-1,36,53,1,1.67,38.5,142522.0,280218.7,370715.4,true
CA,L,16319,CA-L-DE-TOR-1,36,75,2,1.67,38.5,142522.0,173081.3,224580.2,false
CA,L,18922,CA-L-SA-TOR-1,47,103,2,1.67,38.5,142522.0,65597.8,93441.3,false
CA,L,19536,CA-L-SA-TOR-1,42,76,1,1.67,38.5,142522.0,49923.6,71851.1,true
CA,L,19589,CA-L-SA-TOR-1,47,131,2,1.67,38.5,142522.0,137132.7,170136.5,false
CA,L,21019,CA-L-DE-TOR-1,36,107,2,1.67,38.5,142522.0,146849.7,148577.9,false
CA,M,1855,CA-M-DE-TOR-1,108,144,1,0.72,113.7,213141.0,196152.6,263858.1,false
CA,M,3141,CA-M-DE-TOR-4,110,119,1,0.72,113.7,213141.0,197275.6,222085.7,false
CA,M,6316,CA-M-DE-TOR-2,101,164,1,0.72,113.7,213141.0,171086.6,248590.3,false
CA,M,8381,CA-M-DE-TOR-1,107,160,1,0.72,113.7,213141.0,199656.5,214729.7,false
CA,M,9085,CA-M-DE-TOR-1,101,150,1,0.72,113.7,213141.0,138975.1,202067.8,false
CA,M,9401,CA-M-DE-TOR-2,109,168,1,0.72,113.7,213141.0,192451.2,261020.4,false
CA,M,9973,CA-M-DE-TOR-2,110,179,1,0.72,113.7,213141.0,268641.7,314243.5,false
CA,M,11152,CA-M-DE-TOR-4,105,153,1,0.72,113.7,213141.0,296396.2,353039.7,false
CA,M,12156,CA-M-DE-TOR-1,107,148,1,0.72,113.7,213141.0,231196.9,268573.2,false
CA,M,13561,CA-M-DE-MTL-1,92,84,0,0.72,113.7,213141.0,292656.4,398743.5,true
CA,M,13570,CA-M-ACC-TOR-1,200,69,0,0.72,113.7,213141.0,31331.9,67427.7,true
CA,M,14890,CA-M-DE-TOR-1,109,169,1,0.72,113.7,213141.0,249980.0,331600.9,false
CA,M,14892,CA-M-DE-TOR-4,111,150,1,0.72,113.7,213141.0,243195.3,336773.6,false
CA,M,16354,CA-M-DE-MTL-2,95,115,1,0.72,113.7,213141.0,331526.0,366379.7,false
CA,M,16715,CA-M-DE-TOR-4,101,73,0,0.72,113.7,213141.0,175055.6,215029.1,false
CA,M,17256,CA-M-DE-TOR-4,108,127,1,0.72,113.7,213141.0,322628.3,388301.0,false
CA,M,18928,CA-M-DE-MTL-2,105,20,0,0.72,113.7,213141.0,237349.6,281045.2,true
CA,M,19002,CA-M-DE-MTL-1,102,120,1,0.72,113.7,213141.0,351374.2,385681.2,false
CA,M,19359,CA-M-DE-TOR-1,108,142,1,0.72,113.7,213141.0,190461.4,232754.8,false
CA,M,19535,CA-M-DE-TOR-4,109,99,0,0.72,113.7,213141.0,239756.5,285648.1,true
CA,M,19549,CA-M-DE-TOR-4,114,150,1,0.72,113.7,213141.0,266193.9,321269.1,false
CA,M,22888,CA-M-SA-TOR-1,71,180,2,0.72,113.7,213141.0,120767.0,160083.1,false
CA,M,23442,CA-M-DE-TOR-2,110,146,1,0.72,113.7,213141.0,272444.3,338858.8,false
CA,M,23981,CA-M-DE-TOR-1,110,168,1,0.72,113.7,213141.0,230335.2,265665.0,false
CA,M,24622,CA-M-DE-TOR-2,104,89,0,0.72,113.7,213141.0,198299.2,265626.6,false
CA,M,26765,CA-M-DE-TOR-2,108,195,1,0.72,113.7,213141.0,295153.0,341986.8,false
CA,M,28681,CA-M-DE-MTL-2,101,105,1,0.72,113.7,213141.0,314888.1,407351.3,false
CA,M,28897,CA-M-DE-TOR-4,103,156,1,0.72,113.7,213141.0,214710.3,268241.6,false
CA,M,29046,CA-M-DE-TOR-2,105,114,1,0.72,113.7,213141.0,266979.4,272826.4,false
CA,M,29094,CA-M-ACC-TOR-1,195,123,0,0.72,113.7,213141.0,29605.6,60225.6,true
CA,M,30207,CA-M-ACC-TOR-1,194,79,0,0.72,113.7,213141.0,28478.9,85243.2,true
CA,M,30235,CA-M-ACC-TOR-1,192,95,0,0.72,113.7,213141.0,35905.9,63930.7,true
CA,M,30251,CA-M-DE-TOR-4,110,166,1,0.72,113.7,213141.0,272061.7,295855.8,false
CA,M,30945,CA-M-DE-MTL-1,96,92,0,0.72,113.7,213141.0,250000.8,306529.9,true
CA,M,31197,CA-M-DE-TOR-2,110,135,1,0.72,113.7,213141.0,249990.7,303389.0,false
CA,M,31712,CA-M-SA-TOR-1,67,152,2,0.72,113.7,213141.0,97628.3,125075.5,false
CA,M,31714,CA-M-DE-TOR-2,108,171,1,0.72,113.7,213141.0,293316.1,366389.9,false
CA,M,31789,CA-M-DE-MTL-2,99,87,0,0.72,113.7,213141.0,367549.2,456907.7,true
CA,M,32085,CA-M-ACC-TOR-1,186,141,0,0.72,113.7,213141.0,29723.7,81874.3,true
CA,M,32867,CA-M-DE-MTL-1,99,89,0,0.72,113.7,213141.0,291831.0,342443.4,true
CA,M,33605,CA-M-ACC-TOR-1,192,89,0,0.72,113.7,213141.0,30060.5,42367.5,true
CA,M,33712,CA-M-DE-MTL-2,94,81,0,0.72,113.7,213141.0,230342.4,279626.7,true
CA,M,35195,CA-M-SA-TOR-1,64,168,2,0.72,113.7,213141.0,92662.6,100158.5,false
CA,M,38275,CA-M-DE-MTL-2,87,76,0,0.72,113.7,213141.0,218273.8,291583.9,true
CA,M,39535,CA-M-DE-TOR-1,106,152,1,0.72,113.7,213141.0,233733.6,244246.5,false
CA,M,44450,CA-M-DE-TOR-2,105,173,1,0.72,113.7,213141.0,316379.0,402992.4,false
CA,NAM,1778,CA-NAM-B2B-TOR-2,11,0,0,0.0,14.3,123052.0,24774.2,54733.6,false
CA,NAM,2277,CA-NAM-B2B-TOR-2,13,0,0,0.0,14.3,123052.0,61280.3,121545.8,false
CA,NAM,2336,CA-NAM-DE-MTL-1,8,0,0,0.0,14.3,123052.0,148335.7,255818.3,false
CA,NAM,3143,CA-NAM-SA-TOR-1,20,0,0,0.0,14.3,123052.0,85730.1,122733.0,false
CA,NAM,3771,CA-NAM-B2B-TOR-1,10,0,0,0.0,14.3,123052.0,50554.7,115505.3,false
CA,NAM,3773,CA-NAM-DE-MTL-1,17,1,0,0.0,14.3,123052.0,105478.8,85882.4,true
CA,NAM,4789,CA-NAM-B2B-TOR-2,10,0,0,0.0,14.3,123052.0,155659.7,279674.2,false
CA,NAM,5374,CA-NAM-DE-MTL-1,15,0,0,0.0,14.3,123052.0,66487.4,131341.2,false
CA,NAM,5774,CA-NAM-B2B-TOR-1,13,2,0,0.0,14.3,123052.0,108312.2,101247.8,false
CA,NAM,6313,CA-NAM-B2B-TOR-1,11,0,0,0.0,14.3,123052.0,179210.6,202383.8,false
CA,NAM,6314,CA-NAM-HC-TOR-1,35,0,0,0.0,14.3,123052.0,41108.4,73574.0,false
CA,NAM,8268,CA-NAM-DE-MTL-1,16,0,0,0.0,14.3,123052.0,85671.7,69506.0,true
CA,NAM,8414,CA-NAM-DE-MTL-1,11,0,0,0.0,14.3,123052.0,213011.7,197000.4,true
CA,NAM,11030,CA-NAM-B2B-WEST-1,14,0,0,0.0,14.3,123052.0,120532.6,98231.7,false
CA,NAM,16304,CA-NAM-DE-MTL-1,15,0,0,0.0,14.3,123052.0,74116.4,79281.4,false
CA,NAM,16724,CA-NAM-B2B-WEST-1,15,0,0,0.0,14.3,123052.0,114191.1,145951.9,false
CA,NAM,18206,CA-NAM-B2B-WEST-1,16,0,0,0.0,14.3,123052.0,145755.6,190107.9,false
CA,NAM,18698,CA-NAM-B2B-WEST-1,11,0,0,0.0,14.3,123052.0,114538.0,198530.4,false
CA,NAM,18956,CA-NAM-DE-MTL-1,15,0,0,0.0,14.3,123052.0,156848.8,208164.4,false
CA,NAM,24466,CA-NAM-B2B-WEST-1,13,0,0,0.0,14.3,123052.0,289810.6,377319.2,false
CA,NAM,31293,CA-NAM-B2B-TOR-2,12,0,0,0.0,14.3,123052.0,242679.7,203870.2,true
CA,UMM,1974,CA-MUpper-DE-TOR-1,47,37,0,1.0,46.7,140339.0,109715.8,166848.1,true
CA,UMM,6087,CA-MUpper-DE-TOR-1,49,94,1,1.0,46.7,140339.0,224070.3,285382.2,false
CA,UMM,6476,CA-MUpper-DE-TOR-1,51,104,2,1.0,46.7,140339.0,118356.9,155029.6,false
CA,UMM,14487,CA-MUpper-DE-TOR-1,44,41,0,1.0,46.7,140339.0,117394.9,175874.1,false
CA,UMM,15982,CA-MUpper-DE-TOR-1,47,112,2,1.0,46.7,140339.0,137196.0,167252.5,false
CA,UMM,18224,CA-MUpper-DE-TOR-1,46,92,2,1.0,46.7,140339.0,140526.8,235335.8,false
CA,UMM,23978,CA-MUpper-DE-TOR-1,44,64,1,1.0,46.7,140339.0,132151.7,171860.9,false
CA,UMM,25985,CA-MUpper-DE-TOR-1,47,81,1,1.0,46.7,140339.0,131257.0,163053.6,false
CA,UMM,26599,CA-MUpper-DE-TOR-1,47,19,0,1.0,46.7,140339.0,151935.2,189731.3,true
CA,UMM,32629,CA-MUpper-DE-TOR-1,45,76,1,1.0,46.7,140339.0,140788.8,137316.4,true
DACH,ACC,3431,DE-NAM-ACCDE-DUSS-1,57,79,1,1.0,112.8,16881.0,25133.2,53082.6,false
DACH,ACC,7140,DE-M-ACCDE-DUB-1,319,1,0,1.0,112.8,16881.0,19252.6,43822.5,true
DACH,ACC,7552,DE-NAM-ACCDE-DUSS-1,59,9,0,1.0,112.8,16881.0,21195.5,42889.7,true
DACH,ACC,7891,DE-M-ACCDE-DUSS-2,114,154,1,1.0,112.8,16881.0,17712.9,51516.7,false
DACH,ACC,7897,DE-M-ACCDE-DUSS-2,112,108,0,1.0,112.8,16881.0,10004.9,10183.6,false
DACH,ACC,8582,CH-NAM-ACCDE-ZRH-1,39,40,1,1.0,112.8,16881.0,5777.3,26120.1,false
DACH,ACC,8644,CH-NAM-ACCDE-ZRH-1,36,10,0,1.0,112.8,16881.0,14578.6,38163.3,false
DACH,ACC,9591,DE-M-ACCDE-DUSS-1,144,175,1,1.0,112.8,16881.0,13220.6,35497.3,false
DACH,ACC,10153,DE-M-ACCDE-DUSS-2,118,16,0,1.0,112.8,16881.0,25969.8,34426.6,true
DACH,ACC,11271,CH-M-ACCDE-ZRH-1,136,102,0,1.0,112.8,16881.0,17795.9,31003.9,true
DACH,ACC,12566,DE-M-ACCDE-DUSS-1,159,240,1,1.0,112.8,16881.0,11641.6,12909.4,false
DACH,ACC,13497,DE-NAM-ACCDE-DUSS-1,53,74,1,1.0,112.8,16881.0,9970.7,18965.7,false
DACH,ACC,14875,DE-M-ACCDE-DUSS-4,83,268,3,1.0,112.8,16881.0,5370.1,33141.6,false
DACH,ACC,15322,DE-M-ACCDE-DUB-1,107,171,1,1.0,112.8,16881.0,22410.3,25087.3,false
DACH,ACC,15806,DE-M-ACCDE-DUSS-2,125,217,1,1.0,112.8,16881.0,8825.3,17102.6,false
DACH,ACC,15862,DE-M-ACCDE-DUSS-4,84,199,2,1.0,112.8,16881.0,7110.9,9380.7,false
DACH,ACC,16137,DE-M-ACCDE-DUB-2,123,202,1,1.0,112.8,16881.0,60168.0,99799.9,false
DACH,ACC,17415,DE-M-ACCDE-DUSS-1,138,251,1,1.0,112.8,16881.0,23942.0,24383.2,false
DACH,ACC,17416,DE-M-ACCDE-DUB-1,152,204,1,1.0,112.8,16881.0,23111.0,28318.3,false
DACH,ACC,17417,DE-M-ACCDE-DUSS-1,136,104,0,1.0,112.8,16881.0,15512.2,20831.3,true
DACH,ACC,17949,DE-M-ACCDE-DUSS-2,110,130,1,1.0,112.8,16881.0,7382.4,11583.8,false
DACH,ACC,17950,DE-M-ACCDE-DUSS-2,161,231,1,1.0,112.8,16881.0,8423.2,24115.9,false
DACH,ACC,18645,CH-M-ACCDE-ZRH-1,113,205,1,1.0,112.8,16881.0,10221.8,16035.6,false
DACH,ACC,18832,DE-NAM-ACCDE-DUSS-1,50,80,1,1.0,112.8,16881.0,16207.3,9875.4,false
DACH,ACC,20186,DE-M-ACCDE-DUSS-2,133,129,0,1.0,112.8,16881.0,8323.8,6431.2,true
DACH,ACC,23573,DE-M-ACCDE-DUB-2,145,106,0,1.0,112.8,16881.0,9472.9,48207.6,true
DACH,ACC,24361,CH-NAM-ACCDE-ZRH-1,28,32,1,1.0,112.8,16881.0,18306.7,18208.5,true
DACH,ACC,24602,DE-NAM-ACCDE-DUSS-1,29,18,0,1.0,112.8,16881.0,11147.9,2362.9,false
DACH,ACC,26620,DE-M-ACCDE-DUB-1,158,204,1,1.0,112.8,16881.0,19634.3,65805.6,false
DACH,ACC,26631,DE-M-ACCDE-DUB-1,167,323,1,1.0,112.8,16881.0,9740.0,25366.5,false
DACH,ACC,30258,CH-NAM-ACCDE-ZRH-1,35,3,0,1.0,112.8,16881.0,52307.8,30677.2,true
DACH,ACC,34377,DE-M-ACCDE-DUSS-1,123,218,1,1.0,112.8,16881.0,10311.9,17777.4,false
DACH,ACC,36514,CH-NAM-ACCDE-ZRH-1,39,40,1,1.0,112.8,16881.0,21457.0,18977.3,true
DACH,ACC,42818,CH-M-ACCDE-ZRH-1,54,34,0,1.0,112.8,16881.0,9904.5,26562.3,false
DACH,ACC,42825,CH-M-ACCDE-ZRH-1,53,164,3,1.0,112.8,16881.0,29560.9,37414.3,false
DACH,ACC,42826,CH-M-ACCDE-ZRH-1,72,152,2,1.0,112.8,16881.0,24996.9,37072.2,false
DACH,ACC,42970,CH-M-ACCDE-ZRH-1,43,175,4,1.0,112.8,16881.0,6768.2,12529.3,false
DACH,ACC,43788,CH-M-ACCDE-ZRH-1,63,202,3,1.0,112.8,16881.0,8242.0,17887.2,false
DACH,ACC,43968,DE-M-ACCDE-DUSS-3,235,135,0,1.0,112.8,16881.0,7501.5,8688.1,true
DACH,ACC,44294,DE-M-ACCDE-DUSS-3,321,256,0,1.0,112.8,16881.0,14542.9,23119.7,true
DACH,ACC,44444,DE-M-ACCDE-DUB-1,138,187,1,1.0,112.8,16881.0,20907.0,23677.4,false
DACH,ACC,44710,DE-M-ACCDE-DUB-2,106,199,1,1.0,112.8,16881.0,10283.7,32754.3,false
DACH,ACC,44716,DE-M-ACCDE-DUSS-4,91,282,3,1.0,112.8,16881.0,10354.9,6135.9,false
DACH,ACC,44719,CH-M-ACCDE-ZRH-1,86,186,2,1.0,112.8,16881.0,20032.4,16080.1,true
DACH,ACC,44720,DE-M-ACCDE-DUB-2,88,239,2,1.0,112.8,16881.0,18882.3,16206.6,true
DACH,ACC,44722,DE-M-ACCDE-DUSS-3,267,206,0,1.0,112.8,16881.0,22639.6,39434.1,true
DACH,ACC,45423,DE-M-ACCDE-DUB-1,129,121,0,1.0,112.8,16881.0,46397.2,56873.6,true
DACH,ACC,45427,DE-M-ACCDE-DUSS-4,72,163,2,1.0,112.8,16881.0,8405.5,5118.8,false
DACH,ACC,45894,DE-M-ACCDE-DUB-2,124,,,1.0,112.8,16881.0,17905.3,21857.6,
DACH,ACC,45896,DE-M-ACCDE-DUSS-2,111,,,1.0,112.8,16881.0,5101.1,9830.8,false
DACH,ISDCA,16627,DE-ISDCA-DE-DUSS-1,20,88,4,2.5,28.0,119533.0,164128.2,68726.2,true
DACH,ISDCA,45111,DE-ISDCA-DE-DUSS-1,36,58,1,2.5,28.0,119533.0,74938.0,60700.5,true
DACH,L,5898,DE-L-DE-DUSS-1,41,135,3,2.0,52.1,140753.0,192621.3,198484.3,false
DACH,L,7261,DE-L-DE-DUSS-1,41,120,2,2.0,52.1,140753.0,83487.3,94780.6,false
DACH,L,12199,DE-L-DE-DUSS-2,47,124,2,2.0,52.1,140753.0,84947.3,74921.2,false
DACH,L,13395,DE-L-SA-DUSS-1,85,196,2,2.0,52.1,140753.0,175984.7,196306.0,false
DACH,L,13499,DE-L-DE-DUSS-2,45,114,2,2.0,52.1,140753.0,176822.3,214141.0,false
DACH,L,13503,DE-L-SA-DUSS-1,89,222,2,2.0,52.1,140753.0,195841.6,424273.5,false
DACH,L,14348,DE-L-DE-DUSS-1,17,11,0,2.0,52.1,140753.0,77819.5,60991.3,false
DACH,L,14778,DE-L-DE-DUSS-2,45,151,3,2.0,52.1,140753.0,258793.9,270589.6,false
DACH,L,15323,DE-L-DE-DUSS-2,42,132,3,2.0,52.1,140753.0,137913.9,90733.9,false
DACH,L,15830,DE-L-DE-DUSS-2,42,121,2,2.0,52.1,140753.0,279642.2,312444.1,false
DACH,L,17426,DE-L-DE-DUSS-1,42,66,1,2.0,52.1,140753.0,110742.2,134393.1,false
DACH,L,18849,DE-L-DE-DUSS-1,47,100,2,2.0,52.1,140753.0,84253.5,113596.1,false
DACH,L,19115,DE-L-SA-DUSS-1,82,156,1,2.0,52.1,140753.0,87082.0,118330.3,true
DACH,L,21204,DE-L-SA-DUSS-1,87,249,2,2.0,52.1,140753.0,85553.5,152620.5,false
DACH,L,23577,DE-L-DE-DUSS-2,45,122,2,2.0,52.1,140753.0,151454.2,241034.3,false
DACH,L,38749,DE-L-DE-DUSS-2,46,106,2,2.0,52.1,140753.0,82030.3,94436.5,false
DACH,L,44596,DE-L-DE-DUSS-2,42,147,3,2.0,52.1,140753.0,127807.5,258791.7,false
DACH,M,4867,DE-M-SA-DUSS-1,161,302,1,1.23,100.2,273041.0,230207.2,304026.5,true
DACH,M,5484,DE-M-DE-DUSS-3,103,148,1,1.23,100.2,273041.0,413187.6,444412.5,true
DACH,M,9206,DE-M-DE-DUSS-1,93,191,2,1.23,100.2,273041.0,245523.9,316410.9,false
DACH,M,9858,DE-M-PSE-DUSS-1,138,258,1,1.23,100.2,273041.0,28069.0,30893.1,true
DACH,M,10167,DE-M-DE-DUSS-3,110,126,1,1.23,100.2,273041.0,343753.5,430041.7,true
DACH,M,11649,DE-M-DE-DUSS-1,97,204,2,1.23,100.2,273041.0,249341.8,302546.0,false
DACH,M,11873,DE-M-SA-DUSS-1,78,2,0,1.23,100.2,273041.0,179968.1,161704.6,false
DACH,M,12213,DE-M-DE-DUSS-3,105,197,1,1.23,100.2,273041.0,327279.6,414426.5,true
DACH,M,12240,DE-M-DE-DUB-1,96,188,1,1.23,100.2,273041.0,374655.2,499889.3,true
DACH,M,14402,DE-M-DE-DUSS-1,71,140,1,1.23,100.2,273041.0,266874.6,332594.0,false
DACH,M,14633,DE-M-DE-DUB-1,79,120,1,1.23,100.2,273041.0,362070.2,439230.5,true
DACH,M,19328,DE-M-DE-DUSS-1,95,264,2,1.23,100.2,273041.0,211474.1,289097.0,false
DACH,M,20198,DE-M-DE-DUSS-3,109,159,1,1.23,100.2,273041.0,430768.4,481378.0,true
DACH,M,20963,DE-M-DE-DUSS-1,94,214,2,1.23,100.2,273041.0,301166.4,454274.1,false
DACH,M,21193,DE-M-DE-DUSS-3,105,200,1,1.23,100.2,273041.0,218423.2,274576.9,true
DACH,M,29573,DE-M-PSE-DUSS-1,147,259,1,1.23,100.2,273041.0,32640.3,21053.8,true
DACH,M,34786,DE-M-DE-DUSS-1,100,327,3,1.23,100.2,273041.0,223823.5,257802.6,false
DACH,M,38356,DE-M-DE-DUB-1,81,161,1,1.23,100.2,273041.0,457262.2,559309.4,true
DACH,M,38465,DE-M-DE-DUB-1,83,149,1,1.23,100.2,273041.0,385917.2,441570.1,true
DACH,M,39671,DE-M-DE-DUSS-3,109,248,2,1.23,100.2,273041.0,360831.5,389016.9,false
DACH,M,41360,DE-M-DE-DUSS-1,96,323,3,1.23,100.2,273041.0,260039.0,330747.8,false
DACH,M,41363,DE-M-SA-DUSS-1,167,244,1,1.23,100.2,273041.0,307814.0,360524.5,true
DACH,M,41364,DE-M-DE-DUB-1,106,7,0,1.23,100.2,273041.0,333246.0,430797.5,true
DACH,M,41802,DE-M-PSE-DUSS-1,132,242,1,1.23,100.2,273041.0,29286.7,35220.4,true
DACH,M,42732,DE-M-DE-DUB-1,67,114,1,1.23,100.2,273041.0,248471.7,295840.5,false
DACH,M,42738,DE-M-DE-DUB-1,88,205,2,1.23,100.2,273041.0,345830.2,500677.4,false
DACH,M,43163,DE-M-DE-DUB-1,96,174,1,1.23,100.2,273041.0,363036.0,367824.2,true
DACH,M,45187,DE-M-DE-DUB-1,94,140,1,1.23,100.2,273041.0,228004.2,272037.6,false
DACH,M,46336,DE-M-DE-DUB-1,48,50,1,1.23,100.2,273041.0,219489.6,242913.4,false
DACH,M,46542,DE-M-DE-DUB-1,57,41,0,1.23,100.2,273041.0,212771.8,225012.3,false
DACH,NAM,1726,DE-NAM-SA-DUSS-1,13,18,1,4.47,15.1,75541.0,107586.4,102760.7,true
DACH,NAM,3632,DE-NAM-SA-DUSS-2,15,71,4,4.47,15.1,75541.0,74344.1,106077.8,false
DACH,NAM,5492,DE-NAM-B2B-DUSS-1,11,71,6,4.47,15.1,75541.0,46558.4,39741.4,false
DACH,NAM,7992,DE-NAM-RHLOG-DUSS-1,16,3,0,4.47,15.1,75541.0,48185.0,101805.7,true
DACH,NAM,7996,CH-NAM-ACCSA-ZRH-1,65,28,0,4.47,15.1,75541.0,30706.5,18392.9,true
DACH,NAM,8327,DE-NAM-B2B-DUSS-1,8,18,2,4.47,15.1,75541.0,73971.4,215652.0,false
DACH,NAM,8756,DE-NAM-SA-DUSS-1,15,1,0,4.47,15.1,75541.0,50197.8,63420.1,false
DACH,NAM,8985,DE-NAM-HC-DUSS-1,11,92,8,4.47,15.1,75541.0,76010.6,64661.9,true
DACH,NAM,9018,DE-NAM-SA-DUSS-1,18,31,1,4.47,15.1,75541.0,65164.2,113578.4,true
DACH,NAM,9589,DE-NAM-RHLOG-DUSS-1,5,46,9,4.47,15.1,75541.0,95345.4,81195.1,true
DACH,NAM,10383,DE-NAM-ACCSA-DUSS-2,39,6,0,4.47,15.1,75541.0,209702.1,188709.3,true
DACH,NAM,11132,DE-NAM-PSE-DUSS-1,26,83,3,4.47,15.1,75541.0,58766.8,49918.7,true
DACH,NAM,11711,DE-NAM-RHLOG-DUSS-1,10,67,6,4.47,15.1,75541.0,10420.4,18341.7,false
DACH,NAM,12056,DE-NAM-PSE-DUSS-1,17,86,5,4.47,15.1,75541.0,109715.9,112970.4,false
DACH,NAM,14424,DE-NAM-SA-DUSS-2,11,0,0,4.47,15.1,75541.0,33042.1,71743.2,false
DACH,NAM,14779,DE-NAM-SA-DUSS-1,15,28,1,4.47,15.1,75541.0,220230.5,211682.8,true
DACH,NAM,14852,DE-NAM-SA-DUSS-2,18,51,2,4.47,15.1,75541.0,71873.5,191384.1,true
DACH,NAM,15810,DE-NAM-MCU-DUSS-1,10,63,6,4.47,15.1,75541.0,8648.1,7076.5,false
DACH,NAM,16184,DE-NAM-SA-DUSS-1,18,35,1,4.47,15.1,75541.0,44145.5,83455.5,true
DACH,NAM,16494,DE-NAM-MCU-DUSS-1,9,78,8,4.47,15.1,75541.0,91901.9,172283.9,false
DACH,NAM,17145,DE-NAM-MCU-DUSS-1,11,33,3,4.47,15.1,75541.0,115743.5,145675.1,true
DACH,NAM,17512,DE-NAM-HC-DUSS-1,10,103,10,4.47,15.1,75541.0,45007.0,49691.8,false
DACH,NAM,18273,DE-NAM-B2B-DUSS-1,11,54,4,4.47,15.1,75541.0,86133.7,98134.9,true
DACH,NAM,18500,DE-NAM-RHLOG-DUSS-1,4,81,20,4.47,15.1,75541.0,199266.8,305471.5,false
DACH,NAM,19055,DE-NAM-B2B-DUSS-1,11,51,4,4.47,15.1,75541.0,53828.3,52695.3,false
DACH,NAM,24604,DE-NAM-PSE-DUSS-1,24,108,4,4.47,15.1,75541.0,53267.1,35866.1,true
DACH,NAM,25434,DE-NAM-SA-DUSS-1,9,8,0,4.47,15.1,75541.0,29411.1,39165.5,false
DACH,NAM,25450,DE-NAM-SA-DUSS-2,17,28,1,4.47,15.1,75541.0,20452.1,49052.7,true
DACH,NAM,26627,DE-NAM-PSE-DUSS-1,14,103,7,4.47,15.1,75541.0,102454.1,117729.2,false
DACH,NAM,26654,CH-NAM-ACCSA-ZRH-1,29,27,0,4.47,15.1,75541.0,5964.4,10291.2,true
DACH,NAM,26793,DE-NAM-HC-DUSS-1,10,106,10,4.47,15.1,75541.0,196110.6,260120.5,false
DACH,NAM,27353,DE-NAM-HC-DUSS-1,12,122,10,4.47,15.1,75541.0,52401.5,93127.4,false
DACH,NAM,28905,DE-NAM-MCU-DUSS-1,12,29,2,4.47,15.1,75541.0,18709.9,17843.3,false
DACH,NAM,29671,DE-NAM-B2B-DUSS-1,11,20,1,4.47,15.1,75541.0,63501.8,153341.7,false
DACH,NAM,31674,DE-NAM-RHLOG-DUSS-1,4,36,9,4.47,15.1,75541.0,204681.1,245309.5,false
DACH,NAM,33776,DE-NAM-SA-DUSS-2,16,55,3,4.47,15.1,75541.0,63759.3,131501.2,true
DACH,NAM,34790,DE-NAM-HC-DUSS-1,12,110,9,4.47,15.1,75541.0,108288.8,148412.8,false
DACH,NAM,35545,DE-NAM-MCU-DUSS-1,9,59,6,4.47,15.1,75541.0,136712.9,113235.2,true
DACH,NAM,36090,DE-NAM-RHLOG-DUSS-1,21,55,2,4.47,15.1,75541.0,51086.3,18482.3,true
DACH,NAM,36419,DE-NAM-PSE-DUSS-1,20,18,0,4.47,15.1,75541.0,15552.9,23423.5,true
DACH,NAM,38387,DE-NAM-HC-DUSS-1,12,108,9,4.47,15.1,75541.0,23346.6,50063.8,false
DACH,NAM,42636,DE-NAM-B2B-DUSS-1,12,26,2,4.47,15.1,75541.0,72960.2,120977.8,false
DACH,NAM,43152,DE-NAM-HC-DUSS-1,11,134,12,4.47,15.1,75541.0,36421.8,57903.8,false
DACH,NAM,43784,DE-NAM-MCU-DUSS-1,10,102,10,4.47,15.1,75541.0,51561.0,54671.2,false
DACH,NAM,46325,DE-NAM-RHLOG-DUSS-1,17,15,0,4.47,15.1,75541.0,66204.3,48179.7,true
DACH,NAMDCA,4823,DE-NAMDCA-DE-DUSS-1,23,74,3,4.75,19.3,116188.0,154076.0,174470.9,true
DACH,NAMDCA,10979,DE-NAMDCA-DE-DUSS-1,19,165,8,4.75,19.3,116188.0,159266.3,270361.7,false
DACH,NAMDCA,33256,DE-NAMDCA-DE-DUSS-1,9,64,7,4.75,19.3,116188.0,50500.0,44935.9,false
DACH,NAMDCA,45425,DE-NAMDCA-DE-DUSS-1,26,34,1,4.75,19.3,116188.0,100910.5,103591.2,true
FR,ACC,6486,FR-M-ACCDE-PAR-1,234,216,0,0.08,185.4,31194.0,36519.1,61851.2,true
FR,ACC,6928,FR-M-ACCDE-DUB-1,221,1,0,0.08,185.4,31194.0,41030.6,48912.4,true
FR,ACC,11650,FR-M-ACCDE-DUB-1,214,137,0,0.08,185.4,31194.0,37584.9,43682.6,true
FR,ACC,11955,FR-NAM-ACCDE-PAR-1,63,3,0,0.08,185.4,31194.0,8881.9,14157.2,false
FR,ACC,13505,FR-NAM-ACCDE-PAR-1,46,22,0,0.08,185.4,31194.0,14734.1,6720.7,false
FR,ACC,14739,FR-M-ACCDE-DUB-1,229,155,0,0.08,185.4,31194.0,28684.8,41899.7,true
FR,ACC,14741,FR-NAM-ACCDE-PAR-1,53,15,0,0.08,185.4,31194.0,31011.6,34299.1,false
FR,ACC,18831,FR-M-ACCDE-PAR-1,225,172,0,0.08,185.4,31194.0,27433.3,54371.6,true
FR,ACC,19822,FR-M-ACCDE-DUB-1,215,35,0,0.08,185.4,31194.0,26957.6,49395.0,true
FR,ACC,25407,FR-M-ACCDE-DUB-1,229,296,1,0.08,185.4,31194.0,31235.0,57130.8,false
FR,ACC,34425,FR-M-ACCDE-DUB-1,232,160,0,0.08,185.4,31194.0,37063.0,49831.4,true
FR,ACC,44449,FR-M-ACCDE-DUB-1,228,194,0,0.08,185.4,31194.0,50154.8,61372.3,true
FR,ACC,45449,FR-M-ACCDE-DUB-1,221,91,0,0.08,185.4,31194.0,34234.7,54282.2,true
FR,ISDCA,14044,FR-ISDCA-DE-DUB-1,38,4,0,0.0,116.5,129277.0,48407.1,54292.2,false
FR,ISDCA,32508,FR-ISDCA-DE-DUB-1,122,97,0,0.0,116.5,129277.0,95656.3,132038.0,false
FR,ISDCA,32911,FR-ISDCA-DE-DUB-1,212,48,0,0.0,116.5,129277.0,227359.2,288047.3,false
FR,ISDCA,45904,FR-ISDCA-DE-DUB-1,94,,,0.0,116.5,129277.0,145685.6,197531.2,
FR,L,2647,FR-L-DE-DUB-1,37,106,2,1.8,45.1,57927.0,108953.6,101312.2,true
FR,L,4173,FR-L-DE-DUB-1,37,1,0,1.8,45.1,57927.0,46097.9,51114.2,false
FR,L,4831,FR-L-DE-DUB-1,39,132,3,1.8,45.1,57927.0,143036.4,198817.1,false
FR,L,14848,FR-L-DE-DUB-1,39,100,2,1.8,45.1,57927.0,53812.8,101870.6,false
FR,L,15837,FR-L-DE-DUB-1,38,82,2,1.8,45.1,57927.0,57003.9,98906.4,false
FR,L,25632,FR-L-DE-DUB-1,39,,,1.8,45.1,57927.0,34123.8,64172.0,false
FR,L,26680,FR-L-DE-DUB-1,38,145,3,1.8,45.1,57927.0,82946.3,128052.6,false
FR,L,28994,FR-L-SA-DUB-1,66,148,2,1.8,45.1,57927.0,13464.6,22212.4,false
FR,L,38381,FR-L-DE-DUB-1,40,114,2,1.8,45.1,57927.0,54862.6,82437.9,false
FR,L,44287,FR-L-SA-DUB-1,65,193,2,1.8,45.1,57927.0,17279.8,19345.5,false
FR,L,45926,FR-L-SA-DUB-1,64,,,1.8,45.1,57927.0,43598.8,38378.2,true
FR,L,46329,FR-L-DE-DUB-1,39,36,0,1.8,45.1,57927.0,39945.5,27173.1,false
FR,M,7764,FR-M-DE-DUB-2,106,15,0,0.95,108.0,187932.0,296825.2,338992.0,true
FR,M,17491,FR-M-DE-DUB-1,105,201,1,0.95,108.0,187932.0,228840.5,318222.5,false
FR,M,19511,FR-M-DE-DUB-1,107,170,1,0.95,108.0,187932.0,295219.9,291883.4,true
FR,M,19804,FR-M-SA-DUB-1,79,19,0,0.95,108.0,187932.0,49577.9,52345.0,false
FR,M,20788,FR-M-PSE-DUB-1,189,25,0,0.95,108.0,187932.0,7391.4,12328.8,true
FR,M,28408,FR-M-DE-DUB-1,107,178,1,0.95,108.0,187932.0,221083.5,287592.1,false
FR,M,30162,FR-M-PSE-DUB-1,181,147,0,0.95,108.0,187932.0,19461.8,28212.9,true
FR,M,32506,FR-M-DE-DUB-2,104,199,1,0.95,108.0,187932.0,229051.0,293859.4,false
FR,M,33263,FR-M-DE-DUB-1,106,203,1,0.95,108.0,187932.0,240102.9,271756.3,false
FR,M,33639,FR-M-DE-DUB-2,52,165,3,0.95,108.0,187932.0,277896.0,319858.0,false
FR,M,34772,FR-M-DE-DUB-1,106,151,1,0.95,108.0,187932.0,254479.1,265252.4,false
FR,M,36421,FR-M-DE-DUB-2,53,54,1,0.95,108.0,187932.0,196408.8,229169.8,false
FR,M,38102,FR-M-SA-DUB-1,76,169,2,0.95,108.0,187932.0,61054.8,62214.6,false
FR,M,42601,FR-M-DE-DUB-1,105,190,1,0.95,108.0,187932.0,302259.4,328637.7,false
FR,M,42968,FR-M-DE-DUB-2,106,206,1,0.95,108.0,187932.0,259538.1,303541.7,false
FR,M,43792,FR-M-DE-DUB-2,107,138,1,0.95,108.0,187932.0,210037.6,296593.0,false
FR,M,44004,FR-M-DE-DUB-2,107,149,1,0.95,108.0,187932.0,276755.1,328515.8,false
FR,M,44728,FR-M-DE-DUB-1,105,153,1,0.95,108.0,187932.0,259730.2,327219.9,false
FR,M,45052,FR-M-SA-DUB-1,77,162,2,0.95,108.0,187932.0,63607.8,71058.6,false
FR,M,45186,FR-M-PSE-DUB-1,182,137,0,0.95,108.0,187932.0,9311.0,14511.0,true
FR,NAM,5149,FR-NAM-SA-PAR-1,8,0,0,1.68,11.0,42809.0,6002.8,62567.3,false
FR,NAM,5987,FR-NAM-FI-PAR-1,5,18,3,1.68,11.0,42809.0,75220.2,103165.3,false
FR,NAM,6194,FR-NAM-SA-PAR-1,9,0,0,1.68,11.0,42809.0,36134.0,52679.6,false
FR,NAM,6252,FR-NAM-B2B-PAR-1,13,7,0,1.68,11.0,42809.0,20850.3,28644.5,true
FR,NAM,7146,FR-NAM-SA-PAR-1,17,84,4,1.68,11.0,42809.0,11322.8,32046.1,false
FR,NAM,7160,FR-NAM-SA-PAR-1,6,0,0,1.68,11.0,42809.0,25058.6,34111.1,false
FR,NAM,7163,FR-NAM-RHLOG-PAR-1,15,9,0,1.68,11.0,42809.0,54186.5,20282.0,true
FR,NAM,7661,FR-NAM-MCU-PAR-1,8,3,0,1.68,11.0,42809.0,12742.6,5448.6,false
FR,NAM,9860,FR-NAM-HCE-PAR-1,7,23,3,1.68,11.0,42809.0,16002.9,25240.6,false
FR,NAM,10504,FR-NAM-SA-PAR-1,11,75,6,1.68,11.0,42809.0,16942.5,28166.9,false
FR,NAM,15510,FR-NAM-PSE-PAR-1,13,0,0,1.68,11.0,42809.0,24691.6,40168.7,true
FR,NAM,16496,FR-NAM-HCE-PAR-1,9,53,5,1.68,11.0,42809.0,31014.2,56858.2,false
FR,NAM,17104,FR-NAM-FI-PAR-1,5,29,5,1.68,11.0,42809.0,100410.9,87139.3,true
FR,NAM,17851,FR-NAM-HCE-PAR-1,9,0,0,1.68,11.0,42809.0,62953.9,92930.4,true
FR,NAM,19059,FR-NAM-MCU-PAR-1,6,0,0,1.68,11.0,42809.0,62019.2,76965.8,true
FR,NAM,19812,FR-NAM-MCU-PAR-1,8,0,0,1.68,11.0,42809.0,51482.9,41945.9,true
FR,NAM,20193,FR-NAM-MCU-PAR-1,12,0,0,1.68,11.0,42809.0,163256.3,142375.1,true
FR,NAM,25394,FR-NAM-B2B-PAR-1,13,16,1,1.68,11.0,42809.0,109745.3,79766.3,true
FR,NAM,25831,FR-NAM-RHLOG-PAR-1,15,27,1,1.68,11.0,42809.0,37684.3,39500.9,true
FR,NAM,28406,FR-NAM-ACCSA-PAR-1,30,89,2,1.68,11.0,42809.0,11668.6,18644.1,false
FR,NAM,34793,FR-NAM-PSE-PAR-1,15,8,0,1.68,11.0,42809.0,15564.2,40629.5,true
FR,NAM,36423,FR-NAM-FI-PAR-1,4,28,7,1.68,11.0,42809.0,31602.5,38963.4,false
FR,NAM,45925,FR-NAM-SA-PAR-1,15,,,1.68,11.0,42809.0,8054.8,0.0,true
FR,NAMDCA,4387,FR-NAMDCA-DE-PAR-1,17,7,0,1.0,19.3,36224.0,55830.7,67466.3,true
FR,NAMDCA,4574,FR-NAMDCA-DE-PAR-1,12,47,3,1.0,19.3,36224.0,18566.2,26991.5,false
FR,NAMDCA,16500,FR-NAMDCA-DE-PAR-1,12,0,0,1.0,19.3,36224.0,45606.6,23443.0,true
FR,NAMDCA,19807,FR-NAMDCA-DE-PAR-1,36,38,1,1.0,19.3,36224.0,24892.6,19093.2,true
Global,NAM,4517,FR-NAM-B2B-PAR-1,13,0,0,0.0,13.0,52634.0,52633.8,75040.5,false
IBE,ACC,7557,ES-M-ACCDE-DUB-1,131,127,0,0.2,105.8,33751.0,19801.2,23761.8,true
IBE,ACC,9830,ES-NAM-ACCDE-MAD-1,63,1,0,0.2,105.8,33751.0,47823.4,85540.6,true
IBE,ACC,13320,ES-M-ACCDE-DUB-1,160,17,0,0.2,105.8,33751.0,5896.3,15944.0,true
IBE,ACC,16581,ES-NAM-ACCDE-MAD-1,49,1,0,0.2,105.8,33751.0,61919.2,85666.3,true
IBE,ACC,30408,PT-NAM-ACCDE-MAD-1,59,0,0,0.2,105.8,33751.0,21496.4,112094.5,false
IBE,ACC,39031,ES-NAM-ACCDE-MAD-1,55,0,0,0.2,105.8,33751.0,12662.1,48546.3,false
IBE,ACC,39284,ES-M-ACCDE-DUB-1,133,155,1,0.2,105.8,33751.0,12782.7,21401.9,false
IBE,ACC,41519,PT-M-ACCDE-DUB-1,155,13,0,0.2,105.8,33751.0,112991.9,169331.9,true
IBE,ACC,42593,ES-M-ACCDE-DUB-1,123,141,1,0.2,105.8,33751.0,24704.5,34561.4,false
IBE,ACC,45428,ES-M-ACCDE-DUB-1,130,74,0,0.2,105.8,33751.0,17433.9,24199.3,true
IBE,L,45905,UK-L-DE-DUB-2,32,,,,32.0,94709.0,94709.4,132419.2,false
IBE,NAM,30256,ES-NAM-ACCSA-MAD-1,27,0,0,0.0,27.0,11984.0,11983.7,224983.5,false
IN,ACC,9847,IN-M-ACCDE-BLR-2,176,196,1,0.32,136.8,19720.0,5268.3,6046.7,false
IN,ACC,10264,IN-M-ACCDE-BLR-2,180,152,0,0.32,136.8,19720.0,11997.4,10754.6,true
IN,ACC,13171,IN-M-ACCDE-BLR-1,177,201,1,0.32,136.8,19720.0,5618.8,2413.9,true
IN,ACC,13649,IN-M-ACCDE-BLR-1,170,171,1,0.32,136.8,19720.0,8519.4,15329.9,false
IN,ACC,14337,IN-M-ACCDE-BLR-1,185,246,1,0.32,136.8,19720.0,5892.1,7631.9,false
IN,ACC,16884,IN-M-ACCDE-BLR-1,177,150,0,0.32,136.8,19720.0,8999.9,11231.7,true
IN,ACC,20127,IN-M-ACCDE-BLR-1,185,184,0,0.32,136.8,19720.0,21770.2,18557.2,true
IN,ACC,26950,IN-NAM-ACCDE-BLR-1,41,0,0,0.32,136.8,19720.0,14740.7,4388.1,false
IN,ACC,30096,IN-M-ACCDE-BLR-1,98,2,0,0.32,136.8,19720.0,9824.0,6494.4,false
IN,ACC,33082,IN-NAM-ACCDE-BLR-1,37,0,0,0.32,136.8,19720.0,8268.9,37159.3,false
IN,ACC,39353,IN-M-ACCDE-BLR-1,202,226,1,0.32,136.8,19720.0,116352.1,134797.0,false
IN,ACC,41807,IN-M-ACCDE-BLR-2,162,176,1,0.32,136.8,19720.0,30568.3,27909.1,true
IN,ACC,41900,IN-M-ACCDE-BLR-2,184,174,0,0.32,136.8,19720.0,28727.9,31324.1,true
IN,ACC,42567,IN-M-ACCDE-BLR-1,178,162,0,0.32,136.8,19720.0,14401.0,14632.0,true
IN,ACC,42917,IN-M-ACCDE-BLR-2,189,182,0,0.32,136.8,19720.0,10170.6,9797.4,true
IN,ACC,43716,IN-NAM-ACCDE-BLR-1,36,1,0,0.32,136.8,19720.0,21994.9,7442.0,true
IN,ACC,43979,IN-NAM-ACCDE-BLR-1,36,2,0,0.32,136.8,19720.0,22769.8,56685.3,true
IN,ACC,45893,IN-M-ACCDE-BLR-2,118,,,0.32,136.8,19720.0,18804.1,17616.2,false
IN,ACC,46808,IN-M-ACCDE-BLR-2,119,0,0,0.32,136.8,19720.0,19004.1,17269.1,false
IN,ACC,46829,IN-M-ACCDE-BLR-1,85,1,0,0.32,136.8,19720.0,10707.8,9465.9,false
IN,NAM,7586,IN-NAM-ACCSA-BLR-1,47,0,0,0.0,44.0,17669.0,17024.2,8904.4,true
IN,NAM,31079,IN-NAM-ACCSA-BLR-1,41,0,0,0.0,44.0,17669.0,18313.0,20143.6,false
IT,ACC,6397,IT-M-ACCDE-DUB-1,150,161,1,0.5,100.6,105429.0,142535.3,248309.1,false
IT,ACC,6793,IT-NAM-ACCDE-MIL-2,58,0,0,0.5,100.6,105429.0,57026.4,72929.8,false
IT,ACC,8423,IT-M-ACCDE-DUB-1,142,170,1,0.5,100.6,105429.0,98554.7,114815.8,false
IT,ACC,12207,IT-M-ACCDE-DUB-1,129,156,1,0.5,100.6,105429.0,194151.6,250279.3,false
IT,ACC,14756,IT-M-ACCDE-DUB-2,150,182,1,0.5,100.6,105429.0,93527.7,114393.1,false
IT,ACC,14757,IT-M-ACCDE-DUB-1,154,184,1,0.5,100.6,105429.0,140270.5,189232.3,false
IT,ACC,14758,IT-M-ACCDE-DUB-1,126,135,1,0.5,100.6,105429.0,173995.5,213406.8,false
IT,ACC,15308,IT-NAM-ACCDE-MIL-2,57,0,0,0.5,100.6,105429.0,20494.3,121220.3,false
IT,ACC,18131,IT-M-ACCDE-DUB-2,143,138,0,0.5,100.6,105429.0,128430.8,156290.1,true
IT,ACC,19815,IT-M-ACCDE-DUB-1,133,169,1,0.5,100.6,105429.0,150217.2,196897.9,false
IT,ACC,21189,IT-NAM-ACCDE-MIL-2,55,0,0,0.5,100.6,105429.0,69329.9,84360.1,false
IT,ACC,24236,IT-NAM-ACCDE-MIL-2,51,0,0,0.5,100.6,105429.0,38780.8,70578.1,false
IT,ACC,26746,IT-M-ACCDE-DUB-2,157,179,1,0.5,100.6,105429.0,130543.9,213618.9,false
IT,ACC,29549,IT-NAM-ACCDE-MIL-2,57,0,0,0.5,100.6,105429.0,23166.5,152936.7,false
IT,ACC,30254,IT-NAM-ACCDE-MIL-2,42,0,0,0.5,100.6,105429.0,95640.3,143558.6,false
IT,ACC,30410,IT-NAM-ACCDE-MIL-3,31,0,0,0.5,100.6,105429.0,9375.2,52998.2,false
IT,ACC,31746,IT-NAM-ACCDE-MIL-2,65,0,0,0.5,100.6,105429.0,15174.7,17525.3,false
IT,ACC,40754,IT-M-ACCDE-DUB-2,147,194,1,0.5,100.6,105429.0,184900.7,215339.4,false
IT,ACC,42816,IT-M-ACCDE-DUB-1,129,197,1,0.5,100.6,105429.0,215351.9,229337.4,false
IT,ACC,42973,IT-M-ACCDE-DUB-2,142,193,1,0.5,100.6,105429.0,218679.6,246659.6,false
IT,ACC,43713,IT-NAM-ACCDE-MIL-2,44,0,0,0.5,100.6,105429.0,71281.7,114635.1,false
IT,ACC,44732,IT-NAM-ACCDE-MIL-2,51,0,0,0.5,100.6,105429.0,48017.9,73681.7,false
IT,ISDCA,29953,IT-ISDCA-DE-DUB-1,68,48,0,1.0,71.0,129585.0,150522.0,153733.4,true
IT,ISDCA,43783,IT-ISDCA-DE-DUB-1,74,154,2,1.0,71.0,129585.0,108647.2,150893.8,false
IT,NAM,5065,IT-NAM-ACCSA-MIL-1,30,0,0,0.0,29.3,31309.0,53486.7,118126.2,false
IT,NAM,21190,IT-NAM-ACCSA-MIL-1,27,0,0,0.0,29.3,31309.0,21236.7,52483.1,false
IT,NAM,21574,IT-NAM-ACCSA-MIL-1,30,0,0,0.0,29.3,31309.0,6901.5,1715.1,true
IT,NAM,24745,IT-NAM-ACCSA-MIL-1,25,0,0,0.0,29.3,31309.0,17227.9,35011.3,false
IT,NAM,30127,IT-NAM-ACCSA-MIL-1,28,0,0,0.0,29.3,31309.0,74506.1,118788.6,false
IT,NAM,30146,IT-NAM-ACCSA-MIL-1,36,0,0,0.0,29.3,31309.0,14492.3,22084.6,false
IT,NAMDCA,30185,IT-NAMDCA-DE-MIL-1,5,1,0,0.0,41.8,73432.0,128495.3,161821.3,false
IT,NAMDCA,31756,IT-NAMDCA-DE-MIL-1,47,0,0,0.0,41.8,73432.0,7190.3,12292.5,false
IT,NAMDCA,41953,IT-NAMDCA-DE-MIL-1,55,0,0,0.0,41.8,73432.0,65375.1,132456.7,false
IT,NAMDCA,45433,IT-NAMDCA-DE-MIL-1,60,0,0,0.0,41.8,73432.0,92667.1,141464.3,false
Ireland,ACC,7558,IE-NAM-ACCDE-DUB-1,35,4,0,0.75,83.1,165853.0,123829.9,116296.5,false
Ireland,ACC,9287,IE-NAM-ACCDE-DUB-1,40,90,2,0.75,83.1,165853.0,112257.6,116810.5,false
Ireland,ACC,10027,IE-M-ACCDE-DUB-1,99,139,1,0.75,83.1,165853.0,178131.6,190462.4,false
Ireland,ACC,12891,IE-NAM-ACCDE-DUB-1,35,1,0,0.75,83.1,165853.0,174155.2,227169.0,true
Ireland,ACC,13067,IE-NAM-ACCDE-DUB-1,20,0,0,0.75,83.1,165853.0,83174.8,121063.9,false
Ireland,ACC,17170,IE-M-ACCDE-DUB-1,132,154,1,0.75,83.1,165853.0,261878.1,310065.2,false
Ireland,ACC,17173,IE-M-ACCDE-DUB-1,115,143,1,0.75,83.1,165853.0,173590.7,204615.7,false
Ireland,ACC,19416,IE-M-ACCDE-DUB-1,122,184,1,0.75,83.1,165853.0,172409.1,186005.4,false
Ireland,ACC,19785,IE-M-ACCDE-DUB-1,126,157,1,0.75,83.1,165853.0,210052.5,234717.0,false
Ireland,ACC,27012,IE-M-ACCDE-DUB-1,119,136,1,0.75,83.1,165853.0,198380.5,203178.5,false
Ireland,ACC,34120,IE-M-ACCDE-DUB-1,124,196,1,0.75,83.1,165853.0,219805.8,297143.4,false
Ireland,ACC,35562,IE-NAM-ACCDE-DUB-1,30,0,0,0.75,83.1,165853.0,82569.6,83007.5,false
Ireland,NAM,16140,IE-NAM-ACCSA-DUB-1,25,24,0,0.5,26.5,72090.0,61175.4,68863.6,false
Ireland,NAM,19453,IE-NAM-ACCSA-DUB-1,28,40,1,0.5,26.5,72090.0,83005.1,117193.5,false
MX,M,7178,MX-M-DE-ATX-1,126,0,0,0.1,185.2,82288.0,10616.5,120212.1,false
MX,M,13241,MX-M-DE-ATX-1,135,64,0,0.1,185.2,82288.0,160164.5,184915.1,true
MX,M,23697,MX-M-DE-ATX-2,133,24,0,0.1,185.2,82288.0,91606.8,115303.4,true
MX,M,24331,MX-M-DE-ATX-1,135,145,1,0.1,185.2,82288.0,99730.1,99633.3,true
MX,M,26547,MX-M-DE-ATX-1,132,196,1,0.1,185.2,82288.0,160921.7,183050.3,false
MX,M,29643,MX-M-DE-ATX-1,135,91,0,0.1,185.2,82288.0,126372.0,159643.4,true
MX,M,29644,MX-M-ACC-ATX-1,284,42,0,0.1,185.2,82288.0,10837.5,14473.8,true
MX,M,31794,MX-M-ACC-ATX-1,268,57,0,0.1,185.2,82288.0,10253.1,12689.1,true
MX,M,34491,MX-M-DE-ATX-2,135,33,0,0.1,185.2,82288.0,129397.4,141505.1,true
MX,M,39150,MX-M-ACC-ATX-1,274,84,0,0.1,185.2,82288.0,10596.1,14869.4,true
MX,M,39198,MX-M-DE-ATX-2,136,37,0,0.1,185.2,82288.0,127309.0,156950.7,true
MX,M,39285,MX-M-DE-ATX-2,135,37,0,0.1,185.2,82288.0,63559.3,86185.1,false
MX,M,39342,MX-M-ACC-ATX-1,293,26,0,0.1,185.2,82288.0,10532.7,17941.0,true
MX,M,40331,MX-M-ACC-ATX-1,275,79,0,0.1,185.2,82288.0,7488.2,9875.4,true
MX,M,40506,MX-M-ACC-ATX-1,302,66,0,0.1,185.2,82288.0,9019.7,14033.8,true
MX,M,41943,MX-M-ACC-ATX-1,269,99,0,0.1,185.2,82288.0,8753.6,14410.7,true
MX,M,42894,MX-M-DE-ATX-2,136,54,0,0.1,185.2,82288.0,170985.9,183168.6,true
MX,M,42895,MX-M-DE-ATX-2,134,86,0,0.1,185.2,82288.0,161494.6,153059.9,true
MX,M,44481,MX-M-DE-ATX-2,134,54,0,0.1,185.2,82288.0,174515.7,170625.3,true
MX,M,46844,MX-M-DE-ATX-1,133,0,0,0.1,185.2,82288.0,101595.4,95889.7,true
MX,NAM,32588,MX-NAM-DE-CDMX-1,26,0,0,0.0,28.3,28383.0,14612.1,23315.1,false
MX,NAM,33772,MX-NAM-DE-CDMX-1,32,0,0,0.0,28.3,28383.0,70712.4,110984.4,false
MX,NAM,33778,MX-NAM-DE-CDMX-1,28,0,0,0.0,28.3,28383.0,10451.7,9355.8,false
MX,NAM,34879,MX-NAM-DE-CDMX-1,27,0,0,0.0,28.3,28383.0,43441.7,53067.5,false
MX,NAM,35438,MX-NAM-DE-CDMX-1,29,0,0,0.0,28.3,28383.0,40325.6,96022.6,false
MX,NAM,39088,MX-NAM-DE-CDMX-1,26,0,0,0.0,28.3,28383.0,13568.8,22799.8,false
MX,NAM,42505,MX-NAM-DE-CDMX-1,29,0,0,0.0,28.3,28383.0,16615.5,42395.9,false
MX,NAM,45021,MX-NAM-DE-CDMX-1,29,0,0,0.0,28.3,28383.0,17339.5,24176.1,false
SG,ACC,8078,SG-M-ACCDE-SG-1,165,1,0,0.0,126.6,32371.0,15089.0,17485.3,false
SG,ACC,10693,SG-NAM-ACCDE-SG-1,60,4,0,0.0,126.6,32371.0,32939.8,50368.5,false
SG,ACC,20145,SG-M-ACCDE-SG-1,198,6,0,0.0,126.6,32371.0,32442.1,23366.2,true
SG,ACC,20317,SG-M-ACCDE-SG-1,201,24,0,0.0,126.6,32371.0,61438.9,54971.5,true
SG,ACC,21136,SG-NAM-ACCDE-SG-1,63,0,0,0.0,126.6,32371.0,33711.6,57961.2,false
SG,ACC,21428,SG-NAM-ACCDE-SG-1,59,0,0,0.0,126.6,32371.0,17984.4,6902.7,false
SG,ACC,26789,SG-NAM-ACCDE-SG-1,66,2,0,0.0,126.6,32371.0,12601.4,19448.5,false
SG,ACC,46174,SG-M-ACCDE-SG-1,201,0,0,0.0,126.6,32371.0,52760.3,66987.0,false
UK,ACC,2253,UK-M-ACCDE-DUB-2,186,165,0,0.14,153.7,48600.0,66722.4,89439.0,true
UK,ACC,5901,UK-M-ACCDE-DUB-2,189,204,1,0.14,153.7,48600.0,44010.4,79647.9,false
UK,ACC,6924,UK-M-ACCDE-DUB-2,187,61,0,0.14,153.7,48600.0,53862.6,66601.4,true
UK,ACC,7153,UK-M-ACCDE-DUB-2,184,191,1,0.14,153.7,48600.0,72276.1,81676.9,false
UK,ACC,8332,UK-NAM-ACCDE-LDN-1,49,0,0,0.14,153.7,48600.0,33547.7,31089.5,false
UK,ACC,8840,UK-NAM-ACCDE-LDN-1,52,0,0,0.14,153.7,48600.0,29427.7,30275.3,false
UK,ACC,9483,UK-NAM-ACCDE-LDN-1,48,6,0,0.14,153.7,48600.0,30168.9,44772.2,false
UK,ACC,9886,UK-M-ACCDE-DUB-1,189,136,0,0.14,153.7,48600.0,130088.7,147370.3,true
UK,ACC,10365,UK-M-ACCDE-DUB-2,184,160,0,0.14,153.7,48600.0,33838.1,50710.5,true
UK,ACC,12339,UK-M-ACCDE-DUB-1,193,142,0,0.14,153.7,48600.0,37963.5,64044.7,true
UK,ACC,13510,UK-M-ACCDE-DUB-1,180,138,0,0.14,153.7,48600.0,57259.3,79978.8,true
UK,ACC,13540,UK-M-ACCDE-DUB-2,181,152,0,0.14,153.7,48600.0,48826.3,74613.0,true
UK,ACC,14671,UK-NAM-ACCDE-LDN-1,48,0,0,0.14,153.7,48600.0,23792.2,21429.0,false
UK,ACC,14736,UK-M-ACCDE-DUB-2,171,191,1,0.14,153.7,48600.0,48047.5,78584.0,false
UK,ACC,18973,UK-M-ACCDE-DUB-1,198,102,0,0.14,153.7,48600.0,87708.7,111752.2,true
UK,ACC,21198,UK-M-ACCDE-DUB-1,211,163,0,0.14,153.7,48600.0,59766.6,89535.6,true
UK,ACC,33629,UK-M-ACCDE-DUB-1,187,149,0,0.14,153.7,48600.0,44008.9,74906.4,true
UK,ACC,34419,UK-M-ACCDE-DUB-1,170,125,0,0.14,153.7,48600.0,25627.0,96537.7,true
UK,ACC,41672,UK-M-ACCDE-DUB-1,180,133,0,0.14,153.7,48600.0,36431.0,65280.1,true
UK,ACC,43796,UK-M-ACCDE-DUB-1,189,53,0,0.14,153.7,48600.0,43983.5,86574.8,true
UK,ACC,46526,UK-NAM-ACCDE-LDN-1,52,0,0,0.14,153.7,48600.0,13247.3,44048.6,false
UK,ISDCA,2909,UK-ISDCA-DE-DUB-1,50,0,0,0.22,91.2,255724.0,76226.7,107759.3,false
UK,ISDCA,6668,UK-ISDCA-DE-LDN-1,67,33,0,0.22,91.2,255724.0,219073.6,333875.1,false
UK,ISDCA,10996,UK-ISDCA-DE-LDN-1,94,83,0,0.22,91.2,255724.0,308487.0,346460.1,true
UK,ISDCA,14872,UK-ISDCA-DE-DUB-2,63,67,1,0.22,91.2,255724.0,292869.7,332991.6,false
UK,ISDCA,17137,UK-ISDCA-DE-LDN-1,96,27,0,0.22,91.2,255724.0,316118.0,330151.8,true
UK,ISDCA,18976,UK-ISDCA-DE-DUB-1,96,57,0,0.22,91.2,255724.0,220424.4,273169.7,true
UK,ISDCA,31704,UK-ISDCA-DE-DUB-2,86,110,1,0.22,91.2,255724.0,306021.5,360547.6,false
UK,ISDCA,38726,UK-ISDCA-DE-DUB-2,150,35,0,0.22,91.2,255724.0,307565.1,373692.4,true
UK,ISDCA,43977,UK-ISDCA-DE-LDN-1,119,49,0,0.22,91.2,255724.0,254725.8,315481.7,true
UK,L,2043,UK-L-SA-DUB-1,44,113,2,1.58,39.1,119343.0,39329.1,38951.5,true
UK,L,2808,UK-L-SA-DUB-2,46,6,0,1.58,39.1,119343.0,125021.0,153025.2,true
UK,L,3251,UK-L-DE-DUB-2,34,0,0,1.58,39.1,119343.0,55599.3,93356.0,false
UK,L,3302,UK-L-DE-DUB-1,33,82,2,1.58,39.1,119343.0,143633.9,146072.9,false
UK,L,3533,UK-L-SA-DUB-1,45,130,2,1.58,39.1,119343.0,95740.1,120981.6,false
UK,L,4171,UK-L-SA-DUB-2,46,123,2,1.58,39.1,119343.0,44822.1,70068.8,false
UK,L,4573,UK-L-DE-DUB-3,32,68,2,1.58,39.1,119343.0,146003.1,154767.9,false
UK,L,4827,UK-L-DE-DUB-2,35,38,1,1.58,39.1,119343.0,366901.3,447308.0,true
UK,L,5180,UK-L-DE-DUB-3,33,88,2,1.58,39.1,119343.0,72241.7,125426.1,false
UK,L,5586,UK-L-DE-DUB-2,33,43,1,1.58,39.1,119343.0,141459.3,157143.1,true
UK,L,7151,UK-L-DE-DUB-1,33,112,3,1.58,39.1,119343.0,218286.2,351299.5,false
UK,L,7230,UK-L-DE-DUB-2,33,110,3,1.58,39.1,119343.0,249182.1,241293.6,true
UK,L,7396,UK-L-DE-DUB-3,32,103,3,1.58,39.1,119343.0,96995.6,151290.7,false
UK,L,8133,UK-L-SA-DUB-2,46,116,2,1.58,39.1,119343.0,86378.3,100740.0,false
UK,L,8135,UK-L-DE-DUB-2,34,63,1,1.58,39.1,119343.0,207725.0,194778.5,true
UK,L,9197,UK-L-SA-DUB-1,45,109,2,1.58,39.1,119343.0,114564.9,170348.9,false
UK,L,10960,UK-L-SA-DUB-1,44,8,0,1.58,39.1,119343.0,76279.3,117034.0,true
UK,L,12773,UK-L-SA-DUB-2,44,65,1,1.58,39.1,119343.0,82432.4,99841.9,true
UK,L,14641,UK-L-DE-DUB-1,32,76,2,1.58,39.1,119343.0,234262.4,303874.0,false
UK,L,15387,UK-L-SA-DUB-2,46,107,2,1.58,39.1,119343.0,83052.7,114864.5,false
UK,L,16576,UK-L-DE-DUB-3,33,60,1,1.58,39.1,119343.0,151180.4,200867.2,true
UK,L,17037,UK-L-SA-DUB-1,45,104,2,1.58,39.1,119343.0,63346.5,113236.1,false
UK,L,17171,UK-L-DE-DUB-1,32,13,0,1.58,39.1,119343.0,160110.2,228226.5,true
UK,L,17726,UK-L-DE-DUB-3,33,71,2,1.58,39.1,119343.0,207204.7,174843.7,true
UK,L,18414,UK-L-SA-DUB-1,45,93,2,1.58,39.1,119343.0,95543.1,118183.4,false
UK,L,18625,UK-L-SA-DUB-2,44,123,2,1.58,39.1,119343.0,57723.2,71713.6,false
UK,L,19219,UK-L-SA-DUB-1,47,141,3,1.58,39.1,119343.0,79061.0,80931.9,false
UK,L,19415,UK-L-DE-DUB-1,33,83,2,1.58,39.1,119343.0,120391.2,221089.9,false
UK,L,19914,UK-L-SA-DUB-2,45,115,2,1.58,39.1,119343.0,72167.1,79948.4,false
UK,L,20049,UK-L-DE-DUB-3,33,91,2,1.58,39.1,119343.0,72257.0,199517.7,false
UK,L,29005,UK-L-SA-DUB-1,44,76,1,1.58,39.1,119343.0,67936.2,88870.5,true
UK,L,30156,UK-L-DE-DUB-1,32,95,2,1.58,39.1,119343.0,150691.3,194968.8,false
UK,L,30182,UK-L-SA-DUB-2,45,88,1,1.58,39.1,119343.0,69516.8,92084.1,true
UK,L,30199,UK-L-SA-DUB-1,44,0,0,1.58,39.1,119343.0,6137.2,111931.7,true
UK,L,33630,UK-L-DE-DUB-2,34,42,1,1.58,39.1,119343.0,143814.9,194639.6,true
UK,L,39563,UK-L-DE-DUB-3,33,33,1,1.58,39.1,119343.0,177821.9,163593.1,true
UK,L,40746,UK-L-SA-DUB-2,45,131,2,1.58,39.1,119343.0,123246.3,166583.5,false
UK,L,42596,UK-L-SA-DUB-1,44,79,1,1.58,39.1,119343.0,76342.8,73229.6,true
UK,L,45906,UK-L-SA-DUB-1,44,,,1.58,39.1,119343.0,79978.9,0.0,true
UK,M,4285,UK-M-SA-DUB-1,127,206,1,3.11,96.8,330688.0,160327.2,194566.2,true
UK,M,4921,UK-M-DE-DUB-1,92,158,1,3.11,96.8,330688.0,395855.5,442613.4,true
UK,M,5064,UK-M-DE-DUB-3,92,128,1,3.11,96.8,330688.0,309519.6,360943.1,false
UK,M,5072,UK-M-SA-DUB-1,126,7,0,3.11,96.8,330688.0,219640.1,254085.6,true
UK,M,5176,UK-M-DE-DUB-8,90,178,1,3.11,96.8,330688.0,414175.1,521763.7,true
UK,M,5494,UK-M-DE-DUB-1,92,141,1,3.11,96.8,330688.0,447042.6,508587.8,true
UK,M,6929,UK-M-SA-DUB-1,124,59,0,3.11,96.8,330688.0,182060.2,239856.8,true
UK,M,6938,UK-M-DE-DUB-5,90,94,1,3.11,96.8,330688.0,375897.7,409376.3,true
UK,M,6942,UK-M-DE-DUB-8,89,157,1,3.11,96.8,330688.0,378990.9,469906.7,true
UK,M,7135,UK-M-DE-DUB-2,89,129,1,3.11,96.8,330688.0,439312.8,551511.5,true
UK,M,7329,UK-M-DE-DUB-1,89,132,1,3.11,96.8,330688.0,287871.5,358935.5,false
UK,M,7332,UK-M-DE-DUB-2,92,67,0,3.11,96.8,330688.0,392374.6,490545.7,true
UK,M,8325,UK-M-ACCPSE-DUB-2,66,145,2,3.11,96.8,330688.0,132344.1,160710.4,false
UK,M,8645,UK-M-DE-DUB-2,91,0,0,3.11,96.8,330688.0,344452.5,423151.5,true
UK,M,8968,UK-M-DE-DUB-9,93,148,1,3.11,96.8,330688.0,518817.2,642413.0,true
UK,M,9191,UK-M-SA-DUB-1,126,170,1,3.11,96.8,330688.0,262191.1,340273.5,true
UK,M,9834,UK-M-DE-DUB-8,90,111,1,3.11,96.8,330688.0,403240.6,442360.6,true
UK,M,9856,UK-M-DE-DUB-1,89,139,1,3.11,96.8,330688.0,394839.5,466760.5,true
UK,M,10369,UK-M-SA-DUB-1,125,182,1,3.11,96.8,330688.0,291716.5,312188.1,true
UK,M,12200,UK-M-DE-DUB-9,92,111,1,3.11,96.8,330688.0,429042.8,472758.3,true
UK,M,13392,UK-M-ACCPSE-DUB-1,101,91,0,3.11,96.8,330688.0,77189.5,139734.6,true
UK,M,13483,UK-M-DE-DUB-2,89,213,2,3.11,96.8,330688.0,442589.7,511635.1,true
UK,M,13490,UK-M-DE-DUB-3,94,26,0,3.11,96.8,330688.0,366329.6,387693.6,true
UK,M,13492,UK-M-DE-DUB-2,90,172,1,3.11,96.8,330688.0,416164.5,445563.7,true
UK,M,13763,UK-M-DE-DUB-1,92,119,1,3.11,96.8,330688.0,447033.4,568346.4,true
UK,M,14929,UK-M-ACCPSE-DUB-2,137,175,1,3.11,96.8,330688.0,63700.8,92763.8,true
UK,M,15309,UK-M-DE-DUB-5,90,192,2,3.11,96.8,330688.0,438712.8,546779.1,true
UK,M,15521,UK-M-DE-DUB-8,92,162,1,3.11,96.8,330688.0,408865.6,403470.3,true
UK,M,15524,UK-M-DE-DUB-8,91,163,1,3.11,96.8,330688.0,539637.2,638767.6,true
UK,M,16141,UK-M-DE-DUB-9,92,126,1,3.11,96.8,330688.0,447077.1,501485.7,true
UK,M,16468,UK-M-DE-DUB-3,92,145,1,3.11,96.8,330688.0,346396.3,459115.5,true
UK,M,16485,UK-M-DE-DUB-1,90,93,1,3.11,96.8,330688.0,393700.1,449603.3,true
UK,M,17038,UK-M-DE-DUB-3,91,24,0,3.11,96.8,330688.0,294255.0,415208.3,false
UK,M,18391,UK-M-DE-DUB-5,88,142,1,3.11,96.8,330688.0,356260.5,383119.8,true
UK,M,18975,UK-M-DE-DUB-9,92,120,1,3.11,96.8,330688.0,441135.1,581960.3,true
UK,M,19113,UK-M-SA-DUB-1,1,118,118,3.11,96.8,330688.0,16495.9,37954.5,false
UK,M,19207,UK-M-DE-DUB-9,92,95,1,3.11,96.8,330688.0,363179.9,392018.4,true
UK,M,19218,UK-M-DE-DUB-8,92,190,2,3.11,96.8,330688.0,426316.2,484011.0,true
UK,M,19796,UK-M-SA-DUB-1,127,145,1,3.11,96.8,330688.0,207118.0,207115.1,true
UK,M,20773,UK-M-ACCPSE-DUB-2,114,39,0,3.11,96.8,330688.0,23463.1,55041.1,true
UK,M,20781,UK-M-DE-DUB-2,57,60,1,3.11,96.8,330688.0,397131.5,360699.6,true
UK,M,20786,UK-M-DE-DUB-5,89,160,1,3.11,96.8,330688.0,309083.7,349494.0,false
UK,M,26345,UK-M-DE-DUB-5,91,110,1,3.11,96.8,330688.0,443626.2,466902.8,true
UK,M,32930,UK-M-DE-DUB-9,92,111,1,3.11,96.8,330688.0,439599.3,515540.8,true
UK,M,33635,UK-M-DE-DUB-9,93,142,1,3.11,96.8,330688.0,354489.3,536825.3,true
UK,M,34418,UK-M-ACCPSE-DUB-1,90,88,0,3.11,96.8,330688.0,79358.7,121526.8,false
UK,M,34773,UK-M-SA-DUB-1,176,153,0,3.11,96.8,330688.0,59201.2,83832.8,true
UK,M,35140,UK-M-DE-DUB-5,91,130,1,3.11,96.8,330688.0,327769.9,388650.9,false
UK,M,36247,UK-M-DE-DUB-3,95,136,1,3.11,96.8,330688.0,486813.2,486608.1,true
UK,M,41669,UK-M-ACCPSE-DUB-1,152,76,0,3.11,96.8,330688.0,64814.8,86169.6,true
UK,M,42967,UK-M-DE-DUB-8,90,151,1,3.11,96.8,330688.0,449459.2,511007.3,true
UK,M,43902,UK-M-DE-DUB-5,91,45,0,3.11,96.8,330688.0,408147.8,506455.6,true
UK,M,43911,UK-M-DE-DUB-1,87,352,4,3.11,96.8,330688.0,455009.4,492451.1,false
UK,M,45898,UK-M-DE-DUB-2,92,,,3.11,96.8,330688.0,386916.7,478973.7,
UK,M,45910,UK-M-SA-DUB-1,125,,,3.11,96.8,330688.0,231091.1,264332.8,
UK,NAM,714,UK-NAM-SA-LDN-2,14,33,2,4.47,15.6,121173.0,189475.8,218347.9,true
UK,NAM,2797,UK-NAM-HC-LDN-1,12,3,0,4.47,15.6,121173.0,135108.7,140990.2,true
UK,NAM,2860,UK-NAM-ACCPSE-LDN-1,49,0,0,4.47,15.6,121173.0,91855.4,119841.9,true
UK,NAM,2897,UK-NAM-B2B-LDN-1,10,0,0,4.47,15.6,121173.0,64815.5,84462.1,false
UK,NAM,4835,UK-NAM-LOG-LDN-2,4,0,0,4.47,15.6,121173.0,125787.6,422691.0,true
UK,NAM,4857,UK-NAM-SA-LDN-1,14,12,0,4.47,15.6,121173.0,104661.9,161266.5,false
UK,NAM,5100,UK-NAM-RH-LDN-1,13,0,0,4.47,15.6,121173.0,112776.4,138924.4,false
UK,NAM,7061,UK-NAM-RH-LDN-1,13,4,0,4.47,15.6,121173.0,72946.1,126001.1,false
UK,NAM,8634,UK-NAM-B2B-LDN-1,13,14,1,4.47,15.6,121173.0,76931.4,93167.9,false
UK,NAM,8637,UK-NAM-SA-LDN-2,19,30,1,4.47,15.6,121173.0,41917.2,93450.8,true
UK,NAM,9127,UK-NAM-SA-LDN-2,15,21,1,4.47,15.6,121173.0,29859.3,37381.0,false
UK,NAM,9376,UK-NAM-SA-LDN-1,16,39,2,4.47,15.6,121173.0,57202.0,82936.2,true
UK,NAM,9879,UK-NAM-SA-LDN-1,16,25,1,4.47,15.6,121173.0,78636.3,113894.1,true
UK,NAM,10116,UK-NAM-SA-LDN-2,18,12,0,4.47,15.6,121173.0,45984.5,66640.1,true
UK,NAM,10734,UK-NAM-RPO-LDN-1,12,0,0,4.47,15.6,121173.0,66537.1,50746.5,false
UK,NAM,11707,UK-NAM-ACCPSE-LDN-1,49,0,0,4.47,15.6,121173.0,52392.6,83408.1,true
UK,NAM,11865,UK-NAM-SA-LDN-1,15,130,8,4.47,15.6,121173.0,15553.2,21536.7,false
UK,NAM,12058,UK-NAM-LOG-LDN-1,11,0,0,4.47,15.6,121173.0,1067810.6,1042303.5,true
UK,NAM,12059,UK-NAM-PSE-LDN-1,6,0,0,4.47,15.6,121173.0,18052.3,135832.9,false
UK,NAM,12206,UK-NAM-LOG-LDN-1,18,0,0,4.47,15.6,121173.0,123068.9,203771.5,true
UK,NAM,12748,UK-NAM-LOG-LDN-2,1,46,46,4.47,15.6,121173.0,332148.3,597552.1,false
UK,NAM,12909,UK-NAM-HC-LDN-1,9,0,0,4.47,15.6,121173.0,41369.2,63588.2,false
UK,NAM,13701,UK-NAM-SA-LDN-2,16,60,3,4.47,15.6,121173.0,50769.9,89014.0,true
UK,NAM,14123,UK-NAM-RPO-LDN-1,9,5,0,4.47,15.6,121173.0,494228.0,491754.0,true
UK,NAM,14777,UK-NAM-HC-LDN-1,11,0,0,4.47,15.6,121173.0,100132.4,31972.2,false
UK,NAM,15057,UK-NAM-RPO-LDN-1,10,0,0,4.47,15.6,121173.0,183163.4,343443.5,true
UK,NAM,15058,UK-NAM-HC-LDN-1,11,1,0,4.47,15.6,121173.0,80233.2,48887.6,false
UK,NAM,15059,UK-NAM-ACCSA-LDN-1,32,92,2,4.47,15.6,121173.0,27148.9,37291.2,true
UK,NAM,15860,UK-NAM-B2B-LDN-1,14,0,0,4.47,15.6,121173.0,40957.7,76179.8,false
UK,NAM,15865,UK-NAM-SA-LDN-1,19,24,1,4.47,15.6,121173.0,19273.2,15703.3,true
UK,NAM,16460,UK-NAM-B2B-LDN-1,17,0,0,4.47,15.6,121173.0,77725.5,106738.4,true
UK,NAM,19012,UK-NAM-B2B-LDN-1,11,0,0,4.47,15.6,121173.0,131128.5,126573.2,true
UK,NAM,19787,UK-NAM-HC-LDN-1,13,15,1,4.47,15.6,121173.0,67773.1,75242.2,false
UK,NAM,19814,UK-NAM-PSE-LDN-2,11,1,0,4.47,15.6,121173.0,92453.1,131645.1,false
UK,NAM,20187,UK-NAM-ACCSA-LDN-1,33,39,1,4.47,15.6,121173.0,48853.7,48873.6,true
UK,NAM,23570,UK-NAM-RH-LDN-1,18,0,0,4.47,15.6,121173.0,34110.5,59205.6,true
UK,NAM,30197,UK-NAM-LOG-LDN-2,1,74,74,4.47,15.6,121173.0,191504.6,326768.1,false
UK,NAM,32942,UK-NAM-LOG-LDN-2,1,56,56,4.47,15.6,121173.0,476790.8,594452.7,false
UK,NAM,34754,UK-NAM-ACCSA-LDN-1,36,48,1,4.47,15.6,121173.0,29787.9,12053.5,true
UK,NAM,35989,UK-NAM-LOG-LDN-1,18,0,0,4.47,15.6,121173.0,116089.8,259339.3,true
UK,NAM,36104,UK-NAM-PSE-LDN-1,15,1,0,4.47,15.6,121173.0,95600.1,95120.3,false
UK,NAM,36390,UK-NAM-RPO-LDN-1,10,0,0,4.47,15.6,121173.0,79208.3,80001.4,false
UK,NAM,42629,UK-NAM-B2B-LDN-1,18,0,0,4.47,15.6,121173.0,19140.1,27016.8,true
UK,NAM,44447,UK-NAM-B2B-LDN-1,13,1,0,4.47,15.6,121173.0,42464.8,84177.4,false
UK,NAM,46722,UK-NAM-SA-LDN-1,17,0,0,4.47,15.6,121173.0,9356.8,113619.8,true
UK,NAMDCA,2735,UK-NAMDCA-DE-LDN-3,80,61,0,0.0,67.1,184731.0,85839.5,170050.0,false
UK,NAMDCA,6526,UK-NAMDCA-DE-LDN-3,233,39,0,0.0,67.1,184731.0,192970.3,397471.3,false
UK,NAMDCA,10377,UK-NAMDCA-DE-LDN-2,58,2,0,0.0,67.1,184731.0,96742.3,161015.9,false
UK,NAMDCA,12918,UK-NAMDCA-DE-LDN-3,21,3,0,0.0,67.1,184731.0,309790.7,621947.1,false
UK,NAMDCA,13064,UK-NAMDCA-DE-LDN-3,19,0,0,0.0,67.1,184731.0,127668.1,206164.2,false
UK,NAMDCA,14672,UK-NAMDCA-DE-LDN-1,39,25,0,0.0,67.1,184731.0,207977.4,309825.7,false
UK,NAMDCA,21342,UK-NAMDCA-DE-LDN-2,49,2,0,0.0,67.1,184731.0,244535.6,345068.1,false
UK,NAMDCA,45927,UK-NAMDCA-DE-LDN-3,38,,,0.0,67.1,184731.0,212324.4,242526.9,
US,ACC,3075,US-M-ACCDE-NYC-3,322,63,0,0.0,332.3,17774.0,16012.2,36186.4,false
US,ACC,3210,US-M-ACCDE-NYC-2,313,55,0,0.0,332.3,17774.0,15718.1,40927.9,false
US,ACC,3906,US-M-ACCDE-NYC-1,660,10,0,0.0,332.3,17774.0,34974.2,102210.5,false
US,ACC,5211,US-M-ACCDE-NYC-2,81,5,0,0.0,332.3,17774.0,13235.6,14559.8,false
US,ACC,5719,US-M-ACCDE-NYC-3,338,36,0,0.0,332.3,17774.0,17541.9,46721.4,false
US,ACC,8161,US-M-ACCDE-NYC-2,320,63,0,0.0,332.3,17774.0,11247.2,50540.6,false
US,ACC,8586,US-M-ACCDE-NYC-4,862,0,0,0.0,332.3,17774.0,46655.8,158891.7,false
US,ACC,9294,US-M-ACCDE-NYC-2,330,38,0,0.0,332.3,17774.0,20968.8,53943.1,false
US,ACC,10075,US-M-ACCDE-NYC-1,300,62,0,0.0,332.3,17774.0,10436.4,48147.4,false
US,ACC,10665,US-M-ACCDE-NYC-3,320,35,0,0.0,332.3,17774.0,11532.4,52802.6,false
US,ACC,11389,US-M-ACCDE-NYC-2,288,43,0,0.0,332.3,17774.0,14855.2,60255.2,false
US,ACC,11491,US-M-ACCDE-NYC-2,335,65,0,0.0,332.3,17774.0,29412.3,75620.4,false
US,ACC,13204,US-M-ACCDE-NYC-2,326,78,0,0.0,332.3,17774.0,23286.5,49418.4,false
US,ACC,13207,US-M-ACCDE-NYC-3,306,85,0,0.0,332.3,17774.0,14435.1,38591.5,false
US,ACC,13748,US-M-ACCDE-NYC-1,309,65,0,0.0,332.3,17774.0,14880.9,31393.9,false
US,ACC,13754,US-M-ACCDE-NYC-1,296,88,0,0.0,332.3,17774.0,19440.5,51871.3,false
US,ACC,17250,US-M-ACCDE-NYC-2,274,82,0,0.0,332.3,17774.0,13658.4,34834.7,false
US,ACC,17286,US-M-ACCDE-NYC-3,322,127,0,0.0,332.3,17774.0,11085.5,35502.4,false
US,ACC,17287,US-M-ACCDE-NYC-3,304,47,0,0.0,332.3,17774.0,15338.1,46304.8,false
US,ACC,17351,US-M-ACCDE-NYC-1,302,127,0,0.0,332.3,17774.0,14700.2,42715.3,false
US,ACC,18369,US-M-ACCDE-NYC-3,300,58,0,0.0,332.3,17774.0,19455.7,28980.4,false
US,ACC,18370,US-M-ACCDE-NYC-2,312,74,0,0.0,332.3,17774.0,19966.8,39260.2,false
US,ACC,18695,US-M-ACCDE-NYC-3,288,74,0,0.0,332.3,17774.0,9639.4,24986.1,false
US,ACC,19048,US-M-ACCDE-NYC-1,305,75,0,0.0,332.3,17774.0,10028.6,40245.2,false
US,ACC,19555,US-M-ACCDE-NYC-3,292,1,0,0.0,332.3,17774.0,17116.4,63081.7,false
US,ACC,19876,US-M-ACCDE-NYC-3,315,178,0,0.0,332.3,17774.0,20300.0,46420.3,false
US,ACC,19929,US-M-ACCDE-NYC-1,310,41,0,0.0,332.3,17774.0,16491.2,81681.3,false
US,ACC,34194,US-M-ACCDE-NYC-2,308,38,0,0.0,332.3,17774.0,18165.0,40424.6,false
US,ACC,41785,US-M-ACCDE-NYC-1,299,16,0,0.0,332.3,17774.0,14874.0,41347.5,false
US,DCA,1583,US-DCA-AUTO-STM-3,31,59,1,0.13,108.4,410480.0,418909.7,498494.7,false
US,DCA,1852,US-DCA-AUTO-STM-2,173,84,0,0.13,108.4,410480.0,768385.0,811207.6,true
US,DCA,2458,US-DCA-WELLCOMM-NYC-2,128,49,0,0.13,108.4,410480.0,345279.0,386653.4,true
US,DCA,2469,US-DCA-WELLCOMM-STM-2,148,51,0,0.13,108.4,410480.0,279002.8,328086.4,true
US,DCA,4251,US-DCA-WELLCOMM-STM-2,136,4,0,0.13,108.4,410480.0,264974.5,312587.5,true
US,DCA,4283,US-DCA-QSR-STM-1,40,11,0,0.13,108.4,410480.0,673194.2,854562.8,true
US,DCA,4356,US-DCA-INS-STM-1,124,71,0,0.13,108.4,410480.0,380824.2,402032.5,true
US,DCA,4360,US-DCA-QSR-NYC-1,109,41,0,0.13,108.4,410480.0,234972.3,221755.2,true
US,DCA,4499,US-DCA-AUTO-STM-3,49,46,0,0.13,108.4,410480.0,688109.6,842443.7,true
US,DCA,4598,US-DCA-AUTO-STM-2,40,15,0,0.13,108.4,410480.0,628158.3,758166.5,true
US,DCA,4661,US-DCA-AUTO-STM-2,154,113,0,0.13,108.4,410480.0,732229.4,907059.7,true
US,DCA,4785,US-DCA-WELLCOMM-STM-2,143,102,0,0.13,108.4,410480.0,328389.4,383072.4,true
US,DCA,4798,US-DCA-INS-NYC-1,117,47,0,0.13,108.4,410480.0,417237.4,258543.6,true
US,DCA,4814,US-DCA-QSR-NYC-2,52,27,0,0.13,108.4,410480.0,550304.2,700888.4,true
US,DCA,5035,US-DCA-AUTO-STM-1,40,64,1,0.13,108.4,410480.0,513739.6,612595.8,false
US,DCA,5216,US-DCA-WELLCOMM-STM-1,134,230,1,0.13,108.4,410480.0,357447.7,356303.9,true
US,DCA,5225,US-DCA-WELLCOMM-NYC-2,146,56,0,0.13,108.4,410480.0,374433.8,396886.9,true
US,DCA,5568,US-DCA-AUTO-STM-2,152,72,0,0.13,108.4,410480.0,825453.5,959571.7,true
US,DCA,6301,US-DCA-WELLCOMM-STM-1,138,83,0,0.13,108.4,410480.0,199024.9,244044.9,true
US,DCA,6413,US-DCA-AUTO-STM-1,39,29,0,0.13,108.4,410480.0,770304.8,921993.4,true
US,DCA,7071,US-DCA-WELLCOMM-STM-2,53,29,0,0.13,108.4,410480.0,334474.6,340712.3,false
US,DCA,7394,US-DCA-AUTO-STM-2,132,47,0,0.13,108.4,410480.0,787563.7,1036883.0,true
US,DCA,8375,US-DCA-INS-STM-1,119,40,0,0.13,108.4,410480.0,421872.9,473571.0,true
US,DCA,8507,US-DCA-INS-NYC-1,112,84,0,0.13,108.4,410480.0,553577.9,703240.4,true
US,DCA,8514,US-DCA-INS-STM-1,115,32,0,0.13,108.4,410480.0,432885.8,486123.6,true
US,DCA,8703,US-DCA-AUTO-STM-1,149,68,0,0.13,108.4,410480.0,702948.9,835805.0,true
US,DCA,8799,US-DCA-WELLCOMM-STM-1,43,13,0,0.13,108.4,410480.0,365463.9,461958.8,false
US,DCA,8946,US-DCA-QSR-STM-2,92,46,0,0.13,108.4,410480.0,323802.5,342465.6,false
US,DCA,9068,US-DCA-AUTO-STM-1,135,4,0,0.13,108.4,410480.0,602195.1,744169.1,true
US,DCA,9666,US-DCA-WELLCOMM-STM-1,152,85,0,0.13,108.4,410480.0,293563.2,336647.8,true
US,DCA,9784,US-DCA-INS-STM-1,38,12,0,0.13,108.4,410480.0,138714.9,232019.1,false
US,DCA,9810,US-DCA-QSR-STM-2,75,87,1,0.13,108.4,410480.0,200465.9,316928.3,false
US,DCA,9824,US-DCA-QSR-NYC-1,109,45,0,0.13,108.4,410480.0,220983.4,295172.9,true
US,DCA,10078,US-DCA-WELLCOMM-NYC-2,156,68,0,0.13,108.4,410480.0,327862.2,407516.6,true
US,DCA,10174,US-DCA-WELLCOMM-NYC-2,145,95,0,0.13,108.4,410480.0,291334.7,301393.0,true
US,DCA,10390,US-DCA-WELLCOMM-STM-2,152,129,0,0.13,108.4,410480.0,191947.3,267969.9,true
US,DCA,11034,US-DCA-INS-NYC-1,115,28,0,0.13,108.4,410480.0,494037.1,538706.9,true
US,DCA,11168,US-DCA-AUTO-STM-2,153,35,0,0.13,108.4,410480.0,780403.4,977819.6,true
US,DCA,11415,US-DCA-AUTO-STM-3,142,40,0,0.13,108.4,410480.0,681581.5,800665.5,true
US,DCA,11485,US-DCA-WELLCOMM-NYC-2,33,27,0,0.13,108.4,410480.0,222789.9,410076.6,false
US,DCA,11490,US-DCA-WELLCOMM-NYC-1,146,40,0,0.13,108.4,410480.0,334333.7,298873.0,true
US,DCA,11560,US-DCA-INS-STM-1,112,58,0,0.13,108.4,410480.0,426696.5,411085.0,true
US,DCA,11561,US-DCA-AUTO-STM-1,154,153,0,0.13,108.4,410480.0,844762.5,917843.4,true
US,DCA,12304,US-DCA-AUTO-STM-1,41,31,0,0.13,108.4,410480.0,672896.9,952369.9,true
US,DCA,12305,US-DCA-WELLCOMM-STM-1,38,41,1,0.13,108.4,410480.0,234598.1,331595.4,false
US,DCA,12358,US-DCA-AUTO-STM-2,155,57,0,0.13,108.4,410480.0,853002.4,846012.8,true
US,DCA,12546,US-DCA-QSR-NYC-1,103,39,0,0.13,108.4,410480.0,305140.5,286822.1,false
US,DCA,12717,US-DCA-QSR-NYC-2,112,74,0,0.13,108.4,410480.0,284579.3,345396.9,true
US,DCA,12950,US-DCA-WELLCOMM-NYC-1,53,6,0,0.13,108.4,410480.0,156144.1,324022.0,false
US,DCA,13202,US-DCA-AUTO-STM-3,135,100,0,0.13,108.4,410480.0,846175.0,916406.6,true
US,DCA,13208,US-DCA-WELLCOMM-NYC-1,139,127,0,0.13,108.4,410480.0,330113.4,372514.0,true
US,DCA,13597,US-DCA-AUTO-STM-3,149,60,0,0.13,108.4,410480.0,793384.0,942993.2,true
US,DCA,13750,US-DCA-AUTO-STM-2,34,51,1,0.13,108.4,410480.0,558757.8,699616.1,false
US,DCA,14484,US-DCA-QSR-NYC-2,108,100,0,0.13,108.4,410480.0,252837.3,332268.8,false
US,DCA,15232,US-DCA-INS-NYC-1,23,9,0,0.13,108.4,410480.0,118528.4,115279.1,false
US,DCA,15396,US-DCA-QSR-NYC-2,102,31,0,0.13,108.4,410480.0,306052.3,398899.4,false
US,DCA,15423,US-DCA-INS-STM-1,123,4,0,0.13,108.4,410480.0,36055.5,475807.0,true
US,DCA,15429,US-DCA-QSR-STM-2,35,32,0,0.13,108.4,410480.0,494151.5,607301.3,true
US,DCA,17014,US-DCA-QSR-STM-1,87,62,0,0.13,108.4,410480.0,255363.1,303557.2,false
US,DCA,17834,US-DCA-AUTO-STM-1,153,139,0,0.13,108.4,410480.0,754179.4,816561.6,true
US,DCA,18144,US-DCA-QSR-NYC-1,35,29,0,0.13,108.4,410480.0,338023.1,402065.3,false
US,DCA,18509,US-DCA-WELLCOMM-NYC-1,160,24,0,0.13,108.4,410480.0,279682.6,318356.5,true
US,DCA,19070,US-DCA-QSR-STM-1,48,17,0,0.13,108.4,410480.0,447719.7,576892.1,true
US,DCA,19138,US-DCA-AUTO-STM-2,40,46,1,0.13,108.4,410480.0,569300.9,786387.8,false
US,DCA,19244,US-DCA-AUTO-STM-3,114,115,1,0.13,108.4,410480.0,738738.9,868136.0,false
US,DCA,19661,US-DCA-WELLCOMM-STM-1,143,147,1,0.13,108.4,410480.0,315205.0,371059.7,false
US,DCA,21467,US-DCA-AUTO-STM-1,144,100,0,0.13,108.4,410480.0,767914.4,963787.6,true
US,DCA,23768,US-DCA-WELLCOMM-NYC-2,117,109,0,0.13,108.4,410480.0,309888.9,382709.2,true
US,DCA,24654,US-DCA-INS-STM-1,123,54,0,0.13,108.4,410480.0,417701.9,0.0,true
US,DCA,24655,US-DCA-WELLCOMM-STM-1,123,115,0,0.13,108.4,410480.0,376083.6,432643.2,true
US,DCA,24746,US-DCA-AUTO-STM-3,145,68,0,0.13,108.4,410480.0,606789.0,725253.0,true
US,DCA,25533,US-DCA-WELLCOMM-STM-1,139,175,1,0.13,108.4,410480.0,347097.8,476632.7,false
US,DCA,25809,US-DCA-WELLCOMM-NYC-1,121,80,0,0.13,108.4,410480.0,223138.1,289856.5,true
US,DCA,25983,US-DCA-INS-NYC-1,131,0,0,0.13,108.4,410480.0,472628.5,502520.7,true
US,DCA,26038,US-DCA-WELLCOMM-NYC-1,61,14,0,0.13,108.4,410480.0,432757.4,577339.0,true
US,DCA,26542,US-DCA-QSR-STM-1,82,36,0,0.13,108.4,410480.0,281133.5,284314.4,false
US,DCA,26555,US-DCA-WELLCOMM-NYC-1,121,54,0,0.13,108.4,410480.0,219252.5,255597.6,true
US,DCA,27413,US-DCA-WELLCOMM-NYC-1,142,84,0,0.13,108.4,410480.0,343713.6,335515.3,true
US,DCA,27646,US-DCA-AUTO-STM-3,30,57,1,0.13,108.4,410480.0,239272.7,307080.6,false
US,DCA,28430,US-DCA-WELLCOMM-NYC-1,149,48,0,0.13,108.4,410480.0,316114.5,356118.9,true
US,DCA,29943,US-DCA-QSR-STM-2,94,60,0,0.13,108.4,410480.0,267879.0,365580.7,false
US,DCA,30248,US-DCA-QSR-NYC-1,92,46,0,0.13,108.4,410480.0,183285.0,238487.3,false
US,DCA,31835,US-DCA-QSR-STM-1,67,37,0,0.13,108.4,410480.0,315182.0,382252.1,false
US,DCA,31971,US-DCA-INS-NYC-1,114,59,0,0.13,108.4,410480.0,512894.0,445515.6,true
US,DCA,32166,US-DCA-WELLCOMM-STM-2,145,151,1,0.13,108.4,410480.0,328816.1,366001.7,false
US,DCA,33621,US-DCA-QSR-NYC-2,107,0,0,0.13,108.4,410480.0,243541.1,296627.1,false
US,DCA,35540,US-DCA-WELLCOMM-STM-1,135,84,0,0.13,108.4,410480.0,324526.9,368009.8,true
US,DCA,35874,US-DCA-WELLCOMM-NYC-1,146,56,0,0.13,108.4,410480.0,365326.5,384910.8,true
US,DCA,40757,US-DCA-WELLCOMM-STM-2,130,132,1,0.13,108.4,410480.0,287490.6,336593.9,false
US,DCA,41041,US-DCA-WELLCOMM-NYC-2,138,77,0,0.13,108.4,410480.0,312592.7,381236.0,true
US,DCA,41379,US-DCA-WELLCOMM-NYC-2,137,100,0,0.13,108.4,410480.0,315311.7,369314.8,true
US,DCA,42461,US-DCA-QSR-NYC-2,90,46,0,0.13,108.4,410480.0,259391.2,290472.4,false
US,DCA,42726,US-DCA-QSR-STM-2,81,21,0,0.13,108.4,410480.0,269159.6,242823.1,false
US,DCA,42727,US-DCA-WELLCOMM-STM-2,127,111,0,0.13,108.4,410480.0,323748.3,383726.0,true
US,DCA,42729,US-DCA-WELLCOMM-NYC-2,149,91,0,0.13,108.4,410480.0,326526.5,361147.8,true
US,DCA,43467,US-DCA-QSR-STM-2,105,34,0,0.13,108.4,410480.0,340094.6,421589.0,false
US,DCA,43972,US-DCA-INS-STM-1,115,55,0,0.13,108.4,410480.0,449523.8,502622.7,true
US,DCA,43973,US-DCA-WELLCOMM-NYC-2,132,125,0,0.13,108.4,410480.0,284172.3,307914.1,true
US,DCA,44349,US-DCA-WELLCOMM-NYC-1,136,83,0,0.13,108.4,410480.0,335605.2,382030.3,true
US,DCA,44976,US-DCA-QSR-STM-1,84,77,0,0.13,108.4,410480.0,257853.6,254806.9,false
US,DCA,45232,US-DCA-WELLCOMM-NYC-2,144,74,0,0.13,108.4,410480.0,268109.5,342041.1,true
US,DCA,45364,US-DCA-QSR-NYC-1,98,18,0,0.13,108.4,410480.0,259924.7,347297.1,false
US,DCA,46555,US-DCA-INS-NYC-1,117,7,0,0.13,108.4,410480.0,429728.1,454833.7,true
US,L,1071,US-L-DE-STM-3,35,52,1,1.41,39.6,410419.0,475487.9,469061.8,true
US,L,1258,US-L-DE-ATX-1,44,94,2,1.41,39.6,410419.0,589328.5,575318.1,true
US,L,1428,US-L-DE-ATX-2,41,4,0,1.41,39.6,410419.0,702919.7,796271.4,true
US,L,1573,US-L-DE-NYC-7,37,0,0,1.41,39.6,410419.0,541608.2,589954.8,true
US,L,2151,US-L-DE-ATX-4,40,1,0,1.41,39.6,410419.0,273094.5,330906.0,true
US,L,2531,US-L-SA-STM-1,58,131,2,1.41,39.6,410419.0,332673.7,407849.2,false
US,L,2580,US-L-DE-NYC-5,35,82,2,1.41,39.6,410419.0,452044.5,486819.4,false
US,L,2738,US-L-DE-STM-5,38,63,1,1.41,39.6,410419.0,722052.3,806776.7,true
US,L,2778,US-L-DE-NYC-4,35,13,0,1.41,39.6,410419.0,423357.2,553356.5,true
US,L,3316,US-L-DE-NYC-7,35,46,1,1.41,39.6,410419.0,393261.7,422358.3,false
US,L,3606,US-L-DE-STM-5,37,113,3,1.41,39.6,410419.0,391631.7,432407.1,false
US,L,3650,US-L-DE-STM-1,36,90,2,1.41,39.6,410419.0,957139.1,1092341.7,false
US,L,3782,US-L-SA-STM-1,57,152,2,1.41,39.6,410419.0,377443.5,444545.4,false
US,L,4334,US-L-DE-NYC-8,34,14,0,1.41,39.6,410419.0,554791.0,639459.7,true
US,L,5030,US-L-SA-NYC-1,58,105,1,1.41,39.6,410419.0,198878.5,293333.1,true
US,L,5137,US-L-DE-NYC-1,38,74,1,1.41,39.6,410419.0,208906.6,309697.5,false
US,L,6297,US-L-DE-STM-3,34,84,2,1.41,39.6,410419.0,505094.0,667703.8,false
US,L,7167,US-L-DE-STM-2,35,29,0,1.41,39.6,410419.0,237082.9,440667.3,false
US,L,8267,US-L-DE-NYC-6,39,68,1,1.41,39.6,410419.0,442591.8,537718.9,true
US,L,8524,US-L-DE-STM-4,36,112,3,1.41,39.6,410419.0,433715.4,626223.7,false
US,L,9656,US-L-DE-NYC-4,36,37,1,1.41,39.6,410419.0,466155.7,405742.2,true
US,L,9700,US-L-DE-ATX-1,40,73,1,1.41,39.6,410419.0,317560.8,374731.6,true
US,L,10177,US-L-DE-NYC-5,39,51,1,1.41,39.6,410419.0,386511.4,369854.1,false
US,L,10178,US-L-DE-NYC-3,37,83,2,1.41,39.6,410419.0,471796.7,615643.2,false
US,L,10323,US-L-DE-STM-6,38,59,1,1.41,39.6,410419.0,335048.8,489450.3,false
US,L,10346,US-L-DE-NYC-5,36,56,1,1.41,39.6,410419.0,299623.3,333304.4,false
US,L,10474,US-L-DE-NYC-4,37,83,2,1.41,39.6,410419.0,348185.9,500683.7,false
US,L,11801,US-L-SA-STM-Franchise-1,6,73,12,1.41,39.6,410419.0,213540.7,212344.3,false
US,L,12135,US-L-DE-NYC-3,34,96,2,1.41,39.6,410419.0,300465.9,335590.6,false
US,L,12301,US-L-DE-STM-6,42,89,2,1.41,39.6,410419.0,296748.9,409851.6,false
US,L,12539,US-L-DE-STM-6,37,61,1,1.41,39.6,410419.0,418816.8,526350.4,true
US,L,13214,US-L-DE-STM-4,35,0,0,1.41,39.6,410419.0,155781.2,207918.3,false
US,L,13251,US-L-DE-ATX-4,40,41,1,1.41,39.6,410419.0,644442.5,705119.9,true
US,L,13755,US-L-DE-NYC-6,36,97,2,1.41,39.6,410419.0,364580.9,430156.9,false
US,L,13805,US-L-DE-ATX-1,40,39,0,1.41,39.6,410419.0,657239.9,750072.3,true
US,L,14255,US-L-DE-STM-3,34,130,3,1.41,39.6,410419.0,505640.5,561901.3,false
US,L,14267,US-L-DE-STM-4,36,120,3,1.41,39.6,410419.0,695881.3,995876.7,false
US,L,14472,US-L-DE-NYC-5,36,98,2,1.41,39.6,410419.0,412916.4,578497.9,false
US,L,14476,US-L-DE-STM-6,37,89,2,1.41,39.6,410419.0,364639.3,253515.2,false
US,L,14703,US-L-DE-ATX-3,40,3,0,1.41,39.6,410419.0,532261.0,0.0,true
US,L,15229,US-L-DE-STM-7,40,72,1,1.41,39.6,410419.0,256004.3,351946.3,true
US,L,15230,US-L-DE-STM-1,35,74,2,1.41,39.6,410419.0,390213.9,468015.8,false
US,L,15240,US-L-DE-STM-5,41,34,0,1.41,39.6,410419.0,277579.3,312869.2,true
US,L,15478,US-L-DE-NYC-3,33,32,0,1.41,39.6,410419.0,134007.1,239775.9,false
US,L,15634,US-L-DE-STM-2,33,94,2,1.41,39.6,410419.0,274144.6,257338.8,false
US,L,15731,US-L-DE-ATX-3,41,43,1,1.41,39.6,410419.0,422013.2,455159.2,true
US,L,15732,US-L-DE-ATX-3,40,42,1,1.41,39.6,410419.0,371848.7,365840.3,true
US,L,15970,US-L-DE-STM-1,36,35,0,1.41,39.6,410419.0,378921.7,485225.8,false
US,L,16300,US-L-DE-NYC-6,41,1,0,1.41,39.6,410419.0,548456.6,680465.9,true
US,L,16301,US-L-DE-NYC-4,36,92,2,1.41,39.6,410419.0,481770.1,636740.8,false
US,L,16997,US-L-DE-ATX-5,43,1,0,1.41,39.6,410419.0,398685.0,554457.3,true
US,L,17054,US-L-SA-NYC-1,57,177,3,1.41,39.6,410419.0,543067.8,674105.7,false
US,L,17113,US-L-DE-STM-2,36,33,0,1.41,39.6,410419.0,403955.2,428965.1,false
US,L,17350,US-L-DE-NYC-6,36,91,2,1.41,39.6,410419.0,375185.4,568934.0,false
US,L,17596,US-L-DE-STM-4,38,56,1,1.41,39.6,410419.0,366427.3,380304.4,false
US,L,17628,US-L-DE-NYC-5,33,54,1,1.41,39.6,410419.0,453616.6,410495.5,true
US,L,17645,US-L-DE-NYC-4,35,75,2,1.41,39.6,410419.0,239516.2,270151.7,false
US,L,17646,US-L-SA-STM-1,58,146,2,1.41,39.6,410419.0,230855.9,340869.9,false
US,L,17674,US-L-DE-NYC-7,34,62,1,1.41,39.6,410419.0,273947.5,294202.3,false
US,L,17695,US-L-SA-STM-1,57,10,0,1.41,39.6,410419.0,374029.1,507588.9,true
US,L,17707,US-L-SA-STM-1,56,149,2,1.41,39.6,410419.0,472202.3,496530.3,false
US,L,17848,US-L-DE-STM-2,37,0,0,1.41,39.6,410419.0,229884.8,219251.9,false
US,L,18094,US-L-SA-STM-1,57,106,1,1.41,39.6,410419.0,247139.5,227660.7,true
US,L,18138,US-L-DE-NYC-8,36,101,2,1.41,39.6,410419.0,332070.4,415329.2,false
US,L,18153,US-L-DE-STM-2,42,76,1,1.41,39.6,410419.0,257473.4,355945.2,true
US,L,18364,US-L-DE-NYC-7,37,47,1,1.41,39.6,410419.0,272139.0,369940.4,false
US,L,18917,US-L-DE-NYC-4,35,80,2,1.41,39.6,410419.0,478177.8,613857.0,false
US,L,18943,US-L-DE-STM-5,38,1,0,1.41,39.6,410419.0,705184.3,780268.0,true
US,L,19570,US-L-DE-NYC-8,32,50,1,1.41,39.6,410419.0,419150.9,558471.0,true
US,L,19577,US-L-SA-NYC-1,57,184,3,1.41,39.6,410419.0,416900.0,738900.0,false
US,L,20068,US-L-DE-ATX-5,41,38,0,1.41,39.6,410419.0,253771.6,300759.4,true
US,L,20204,US-L-DE-NYC-4,37,83,2,1.41,39.6,410419.0,253902.2,316543.7,false
US,L,20321,US-L-DE-NYC-2,38,120,3,1.41,39.6,410419.0,430504.8,499736.1,false
US,L,20346,US-L-DE-ATX-2,42,16,0,1.41,39.6,410419.0,306234.2,311674.8,true
US,L,20978,US-L-DE-ATX-2,40,36,0,1.41,39.6,410419.0,906837.2,950006.9,true
US,L,22734,US-L-DE-ATX-3,38,37,0,1.41,39.6,410419.0,253359.3,307109.8,false
US,L,23204,US-L-DE-NYC-5,35,83,2,1.41,39.6,410419.0,764500.9,862914.4,false
US,L,23205,US-L-DE-STM-5,37,63,1,1.41,39.6,410419.0,452651.6,546994.1,true
US,L,23224,US-L-DE-STM-1,37,55,1,1.41,39.6,410419.0,358370.0,398411.9,false
US,L,23228,US-L-DE-ATX-4,42,15,0,1.41,39.6,410419.0,467121.9,579849.2,true
US,L,23240,US-L-DE-STM-5,35,104,2,1.41,39.6,410419.0,160694.7,158078.8,false
US,L,23941,US-L-DE-NYC-7,34,32,0,1.41,39.6,410419.0,288795.2,287228.1,false
US,L,24011,US-L-DE-CHI-1,41,55,1,1.41,39.6,410419.0,642884.4,653355.7,true
US,L,24948,US-L-DE-STM-1,37,92,2,1.41,39.6,410419.0,445827.0,561737.0,false
US,L,25544,US-L-DE-STM-1,36,0,0,1.41,39.6,410419.0,396673.7,477681.5,false
US,L,25580,US-L-DE-STM-7,35,53,1,1.41,39.6,410419.0,233918.5,345124.1,false
US,L,25611,US-L-DE-ATX-4,40,,,1.41,39.6,410419.0,518845.9,743376.3,
US,L,25614,US-L-DE-ATX-5,41,,,1.41,39.6,410419.0,412059.9,389930.1,true
US,L,25615,US-L-DE-ATX-3,41,,,1.41,39.6,410419.0,1214603.9,1297383.6,
US,L,25626,US-L-DE-NYC-2,37,,,1.41,39.6,410419.0,558443.6,573973.0,
US,L,25630,US-L-DE-ATX-5,40,,,1.41,39.6,410419.0,443705.5,495743.6,
US,L,25631,US-L-DE-STM-2,39,,,1.41,39.6,410419.0,688262.5,762680.7,
US,L,25633,US-L-DE-ATX-1,42,,,1.41,39.6,410419.0,738046.9,815646.1,
US,L,25653,US-L-DE-NYC-2,34,,,1.41,39.6,410419.0,479281.8,518943.6,
US,L,26132,US-L-DE-STM-5,34,24,0,1.41,39.6,410419.0,235204.0,375109.6,false
US,L,26177,US-L-SA-STM-1,57,152,2,1.41,39.6,410419.0,263873.4,262401.9,true
US,L,26473,US-L-DE-STM-7,35,72,2,1.41,39.6,410419.0,484769.6,564620.8,false
US,L,26768,US-L-DE-NYC-6,37,37,1,1.41,39.6,410419.0,288892.3,484033.3,false
US,L,26775,US-L-DE-NYC-5,34,83,2,1.41,39.6,410419.0,662102.1,866016.5,false
US,L,26946,US-L-DE-NYC-8,34,64,1,1.41,39.6,410419.0,273415.0,419302.8,false
US,L,27648,US-L-DE-STM-4,42,61,1,1.41,39.6,410419.0,467339.6,545958.6,true
US,L,28368,US-L-DE-STM-3,36,102,2,1.41,39.6,410419.0,614235.3,751910.7,false
US,L,28371,US-L-DE-NYC-1,39,88,2,1.41,39.6,410419.0,278678.0,341731.6,false
US,L,28467,US-L-SA-NYC-2,57,128,2,1.41,39.6,410419.0,294614.9,251596.4,true
US,L,28951,US-L-DE-STM-6,35,77,2,1.41,39.6,410419.0,391947.4,436409.1,false
US,L,29222,US-L-DE-STM-6,35,53,1,1.41,39.6,410419.0,197107.8,344958.7,false
US,L,30204,US-L-SA-NYC-1,57,131,2,1.41,39.6,410419.0,243817.0,276134.5,false
US,L,30205,US-L-SA-NYC-2,57,126,2,1.41,39.6,410419.0,585712.2,879627.7,false
US,L,30801,US-L-DE-STM-7,34,98,2,1.41,39.6,410419.0,496858.2,692364.1,false
US,L,31227,US-L-DE-NYC-8,34,106,3,1.41,39.6,410419.0,322809.0,371111.2,false
US,L,31248,US-L-DE-NYC-8,41,65,1,1.41,39.6,410419.0,421322.2,692018.3,true
US,L,31302,US-L-DE-STM-6,37,21,0,1.41,39.6,410419.0,739230.7,1079714.7,true
US,L,31328,US-L-DE-CHI-1,43,57,1,1.41,39.6,410419.0,335151.8,383725.4,true
US,L,31342,US-L-DE-CHI-1,41,100,2,1.41,39.6,410419.0,729719.7,871766.1,false
US,L,31817,US-L-DE-NYC-6,35,69,1,1.41,39.6,410419.0,313366.6,346140.7,false
US,L,31837,US-L-DE-STM-7,37,45,1,1.41,39.6,410419.0,578556.9,0.0,true
US,L,32099,US-L-DE-NYC-8,34,43,1,1.41,39.6,410419.0,128480.1,155496.0,false
US,L,32175,US-L-DE-NYC-1,41,3,0,1.41,39.6,410419.0,202451.1,280111.6,true
US,L,32413,US-L-SA-STM-Franchise-1,2,0,0,1.41,39.6,410419.0,273412.0,306757.8,false
US,L,32448,US-L-DE-STM-5,37,79,2,1.41,39.6,410419.0,285140.7,381869.0,false
US,L,32553,US-L-DE-STM-4,35,81,2,1.41,39.6,410419.0,351685.6,453424.4,false
US,L,32640,US-L-DE-STM-6,37,78,2,1.41,39.6,410419.0,327028.3,346695.4,false
US,L,32814,US-L-DE-STM-3,35,93,2,1.41,39.6,410419.0,372971.4,451512.1,false
US,L,32877,US-L-DE-STM-7,37,40,1,1.41,39.6,410419.0,426099.8,523548.0,true
US,L,32880,US-L-DE-STM-7,36,116,3,1.41,39.6,410419.0,315843.0,391738.5,false
US,L,33325,US-L-DE-ATX-3,41,15,0,1.41,39.6,410419.0,418874.0,675557.9,true
US,L,33352,US-L-DE-STM-2,41,26,0,1.41,39.6,410419.0,534518.5,758792.4,true
US,L,33446,US-L-DE-NYC-2,38,55,1,1.41,39.6,410419.0,312860.7,271093.9,false
US,L,33937,US-L-DE-NYC-2,39,30,0,1.41,39.6,410419.0,260165.5,352411.1,false
US,L,34182,US-L-DE-NYC-6,37,46,1,1.41,39.6,410419.0,345885.6,373722.3,false
US,L,34268,US-L-DE-STM-3,34,43,1,1.41,39.6,410419.0,518978.8,605008.8,true
US,L,34430,US-L-DE-NYC-2,35,83,2,1.41,39.6,410419.0,409817.9,480889.6,false
US,L,34457,US-L-DE-STM-4,36,84,2,1.41,39.6,410419.0,392906.1,483997.9,false
US,L,34462,US-L-DE-NYC-2,35,81,2,1.41,39.6,410419.0,465575.2,621018.7,false
US,L,34499,US-L-SA-STM-Franchise-1,7,78,11,1.41,39.6,410419.0,371696.9,427577.9,false
US,L,34511,US-L-DE-STM-3,36,82,2,1.41,39.6,410419.0,356033.2,588653.7,false
US,L,34856,US-L-DE-STM-6,39,98,2,1.41,39.6,410419.0,377802.3,370282.5,false
US,L,34883,US-L-SA-STM-1,56,118,2,1.41,39.6,410419.0,411722.2,383750.0,true
US,L,35203,US-L-DE-STM-2,36,79,2,1.41,39.6,410419.0,325015.4,379516.1,false
US,L,35552,US-L-DE-ATX-3,40,66,1,1.41,39.6,410419.0,816359.2,773438.6,true
US,L,36042,US-L-DE-NYC-6,35,96,2,1.41,39.6,410419.0,1056564.7,1077846.7,false
US,L,38264,US-L-DE-CHI-1,43,59,1,1.41,39.6,410419.0,293772.2,332770.2,true
US,L,38392,US-L-DE-CHI-1,41,19,0,1.41,39.6,410419.0,931093.7,994750.0,true
US,L,39086,US-L-DE-NYC-7,35,47,1,1.41,39.6,410419.0,338161.8,399098.1,false
US,L,39087,US-L-DE-ATX-2,41,38,0,1.41,39.6,410419.0,318535.4,0.0,true
US,L,39135,US-L-DE-NYC-7,35,48,1,1.41,39.6,410419.0,380979.5,631614.0,false
US,L,39350,US-L-DE-ATX-2,38,83,2,1.41,39.6,410419.0,551409.3,774242.1,false
US,L,39395,US-L-DE-ATX-4,41,90,2,1.41,39.6,410419.0,424138.2,391916.9,true
US,L,39529,US-L-DE-ATX-3,40,95,2,1.41,39.6,410419.0,546594.7,517344.3,true
US,L,39566,US-L-DE-ATX-4,45,81,1,1.41,39.6,410419.0,263264.7,397599.1,true
US,L,39586,US-L-DE-ATX-4,43,88,2,1.41,39.6,410419.0,477149.1,562945.1,false
US,L,39735,US-L-SA-NYC-2,57,126,2,1.41,39.6,410419.0,221760.5,286718.3,false
US,L,39736,US-L-SA-NYC-1,59,116,1,1.41,39.6,410419.0,465463.7,686761.9,true
US,L,39856,US-L-DE-STM-6,35,20,0,1.41,39.6,410419.0,417468.4,485973.8,true
US,L,40048,US-L-DE-STM-7,37,99,2,1.41,39.6,410419.0,313124.3,433398.3,false
US,L,40171,US-L-SA-STM-Franchise-1,6,117,19,1.41,39.6,410419.0,698986.2,714383.1,false
US,L,40172,US-L-SA-NYC-1,58,133,2,1.41,39.6,410419.0,244846.3,318287.2,false
US,L,40196,US-L-DE-NYC-4,34,59,1,1.41,39.6,410419.0,591498.0,609353.5,true
US,L,40245,US-L-DE-STM-4,35,75,2,1.41,39.6,410419.0,439121.9,607297.8,false
US,L,40246,US-L-DE-ATX-1,42,47,1,1.41,39.6,410419.0,685473.7,655411.3,true
US,L,40459,US-L-SA-NYC-1,58,149,2,1.41,39.6,410419.0,374300.9,378816.3,false
US,L,40636,US-L-SA-NYC-1,57,168,2,1.41,39.6,410419.0,313076.2,402318.7,false
US,L,40646,US-L-DE-STM-4,39,84,2,1.41,39.6,410419.0,710221.8,736042.7,false
US,L,40758,US-L-DE-STM-3,40,96,2,1.41,39.6,410419.0,216675.1,288728.0,false
US,L,40759,US-L-DE-CHI-1,42,105,2,1.41,39.6,410419.0,416231.2,533675.6,false
US,L,40822,US-L-DE-STM-7,36,84,2,1.41,39.6,410419.0,446852.7,613097.1,false
US,L,40829,US-L-DE-NYC-8,36,41,1,1.41,39.6,410419.0,269110.5,394367.0,false
US,L,40833,US-L-DE-ATX-2,41,61,1,1.41,39.6,410419.0,636239.8,979864.6,true
US,L,40860,US-L-DE-NYC-1,38,89,2,1.41,39.6,410419.0,144243.1,289180.9,false
US,L,40880,US-L-DE-STM-1,37,88,2,1.41,39.6,410419.0,332304.2,601748.6,false
US,L,41010,US-L-SA-NYC-2,56,112,2,1.41,39.6,410419.0,257515.7,326265.8,false
US,L,41048,US-L-DE-NYC-1,38,3,0,1.41,39.6,410419.0,167693.4,259339.5,false
US,L,41084,US-L-DE-STM-7,37,0,0,1.41,39.6,410419.0,47842.2,807407.1,false
US,L,41452,US-L-DE-ATX-4,41,63,1,1.41,39.6,410419.0,488327.6,534645.8,true
US,L,41489,US-L-SA-NYC-2,56,136,2,1.41,39.6,410419.0,330009.8,393046.8,false
US,L,41618,US-L-DE-STM-1,37,86,2,1.41,39.6,410419.0,429851.5,460868.1,false
US,L,41678,US-L-DE-NYC-3,34,121,3,1.41,39.6,410419.0,309971.4,347310.8,false
US,L,41789,US-L-DE-NYC-1,40,103,2,1.41,39.6,410419.0,424367.6,538315.2,false
US,L,41805,US-L-SA-NYC-2,57,106,1,1.41,39.6,410419.0,897982.7,1003373.4,true
US,L,41837,US-L-DE-NYC-8,37,76,2,1.41,39.6,410419.0,323859.5,445644.2,false
US,L,41838,US-L-DE-NYC-3,36,81,2,1.41,39.6,410419.0,269511.1,426597.0,false
US,L,41841,US-L-DE-STM-2,48,25,0,1.41,39.6,410419.0,140731.5,197837.5,true
US,L,42448,US-L-DE-ATX-5,40,94,2,1.41,39.6,410419.0,507577.1,446031.0,true
US,L,42449,US-L-DE-STM-3,36,119,3,1.41,39.6,410419.0,199657.7,258752.5,false
US,L,42486,US-L-DE-NYC-1,38,84,2,1.41,39.6,410419.0,245127.7,297056.5,false
US,L,42730,US-L-DE-ATX-2,47,39,0,1.41,39.6,410419.0,594964.8,636074.1,true
US,L,42751,US-L-DE-NYC-3,36,91,2,1.41,39.6,410419.0,501072.9,457296.0,true
US,L,42752,US-L-DE-ATX-5,41,39,0,1.41,39.6,410419.0,292272.4,321362.6,true
US,L,42760,US-L-DE-NYC-6,35,4,0,1.41,39.6,410419.0,414844.7,535749.1,true
US,L,42770,US-L-DE-ATX-1,41,70,1,1.41,39.6,410419.0,138249.1,187166.4,true
US,L,42791,US-L-DE-NYC-3,35,77,2,1.41,39.6,410419.0,424275.2,338004.7,true
US,L,42921,US-L-DE-STM-5,35,3,0,1.41,39.6,410419.0,233528.8,352027.6,false
US,L,42924,US-L-DE-NYC-7,38,32,0,1.41,39.6,410419.0,580719.3,467602.2,true
US,L,42988,US-L-DE-NYC-3,40,13,0,1.41,39.6,410419.0,322068.0,567352.2,true
US,L,43533,US-L-DE-STM-2,40,60,1,1.41,39.6,410419.0,320141.6,368018.1,true
US,L,43721,US-L-DE-ATX-2,41,32,0,1.41,39.6,410419.0,460105.3,675110.2,true
US,L,43735,US-L-DE-NYC-4,35,77,2,1.41,39.6,410419.0,466949.4,603187.4,false
US,L,43933,US-L-SA-STM-1,57,119,2,1.41,39.6,410419.0,348127.0,462235.9,false
US,L,43967,US-L-DE-NYC-2,35,108,3,1.41,39.6,410419.0,305942.8,400478.0,false
US,L,44086,US-L-SA-STM-1,62,140,2,1.41,39.6,410419.0,373331.8,464186.5,false
US,L,44300,US-L-DE-NYC-5,37,32,0,1.41,39.6,410419.0,347694.6,408294.4,false
US,L,44390,US-L-SA-NYC-2,57,70,1,1.41,39.6,410419.0,303180.3,332748.7,true
US,L,45024,US-L-DE-CHI-1,43,59,1,1.41,39.6,410419.0,496577.2,613803.0,true
US,L,45225,US-L-DE-NYC-7,33,14,0,1.41,39.6,410419.0,368383.9,559300.1,false
US,L,45319,US-L-SA-NYC-2,58,45,0,1.41,39.6,410419.0,228231.1,250035.6,true
US,L,45409,US-L-DE-CHI-1,43,7,0,1.41,39.6,410419.0,192956.4,261423.8,true
US,L,45470,US-L-DE-ATX-1,40,10,0,1.41,39.6,410419.0,522403.3,805508.7,true
US,L,45929,US-L-DE-CHI-1,44,1,0,1.41,39.6,410419.0,560962.1,531531.9,true
US,L,46490,US-L-DE-NYC-1,38,5,0,1.41,39.6,410419.0,182330.9,245703.2,false
US,L,46514,US-L-DE-ATX-5,40,15,0,1.41,39.6,410419.0,606157.0,741076.2,true
US,L,46612,US-L-DE-ATX-1,42,3,0,1.41,39.6,410419.0,419445.7,554407.5,true
US,L,46613,US-L-DE-NYC-5,39,4,0,1.41,39.6,410419.0,488962.4,661027.4,true
US,L,46872,US-L-DE-ATX-3,40,0,0,1.41,39.6,410419.0,51814.4,698019.5,true
US,M,1145,US-M-DE-STM-1,97,0,0,0.76,98.0,449034.0,382108.9,470215.0,false
US,M,2056,US-M-DE-NYC-8,94,99,1,0.76,98.0,449034.0,362227.6,0.0,false
US,M,2275,US-M-DE-NYC-7,94,3,0,0.76,98.0,449034.0,351837.1,449344.9,false
US,M,2722,US-M-DE-NYC-6,97,6,0,0.76,98.0,449034.0,259196.6,283034.3,false
US,M,3061,US-M-DE-NYC-5,96,9,0,0.76,98.0,449034.0,359963.9,440327.3,false
US,M,3433,US-M-DE-ATX-5,94,0,0,0.76,98.0,449034.0,394670.1,470538.4,false
US,M,3549,US-M-DE-STM-4,91,133,1,0.76,98.0,449034.0,534458.2,628706.0,false
US,M,3723,US-M-DE-STM-4,130,37,0,0.76,98.0,449034.0,547740.9,674899.9,true
US,M,5235,US-M-DE-NYC-6,98,147,1,0.76,98.0,449034.0,239781.5,280307.3,false
US,M,5542,US-M-DE-STM-2,97,139,1,0.76,98.0,449034.0,319047.1,383916.7,false
US,M,5648,US-M-DE-ATX-3,95,8,0,0.76,98.0,449034.0,425822.7,450117.7,false
US,M,6009,US-M-DE-ATX-4,98,5,0,0.76,98.0,449034.0,425074.5,442774.6,false
US,M,6589,US-M-DE-STM-5,94,164,1,0.76,98.0,449034.0,609638.2,780575.6,false
US,M,6739,US-M-DE-ATX-6,96,153,1,0.76,98.0,449034.0,616230.1,728473.6,false
US,M,6801,US-M-DE-NYC-9,114,10,0,0.76,98.0,449034.0,432387.6,486393.4,true
US,M,6996,US-M-DE-NYC-1,95,1,0,0.76,98.0,449034.0,434568.1,503152.7,false
US,M,6997,US-M-DE-NYC-2,94,142,1,0.76,98.0,449034.0,356827.4,425677.9,false
US,M,7000,US-M-DE-STM-1,97,111,1,0.76,98.0,449034.0,494514.6,677729.7,false
US,M,7395,US-M-DE-STM-7,96,128,1,0.76,98.0,449034.0,452041.3,503082.7,false
US,M,8101,US-M-DE-SDL-2,96,107,1,0.76,98.0,449034.0,424398.1,501931.2,false
US,M,8597,US-M-DE-STM-6,95,142,1,0.76,98.0,449034.0,383827.3,516241.5,false
US,M,8809,US-M-DE-ATX-3,97,149,1,0.76,98.0,449034.0,401274.9,500194.3,false
US,M,8947,US-M-DE-STM-4,93,135,1,0.76,98.0,449034.0,559440.9,666885.0,false
US,M,9078,US-M-SA-NYC-1,136,4,0,0.76,98.0,449034.0,411099.1,531136.9,true
US,M,9081,US-M-DE-NYC-9,96,76,0,0.76,98.0,449034.0,390771.7,408091.1,false
US,M,9088,US-M-DE-ATX-2,95,177,1,0.76,98.0,449034.0,489115.0,627824.8,false
US,M,9090,US-M-DE-ATX-6,94,70,0,0.76,98.0,449034.0,624289.9,700129.2,true
US,M,9393,US-M-DE-STM-1,98,134,1,0.76,98.0,449034.0,445174.9,429419.8,false
US,M,9508,US-M-DE-STM-6,94,153,1,0.76,98.0,449034.0,563035.5,625223.3,false
US,M,9522,US-M-DE-NYC-2,97,127,1,0.76,98.0,449034.0,540224.8,597045.8,false
US,M,9663,US-M-DE-STM-2,93,123,1,0.76,98.0,449034.0,577802.3,585878.8,false
US,M,9697,US-M-DE-ATX-2,188,6,0,0.76,98.0,449034.0,536544.7,1130756.7,true
US,M,9976,US-M-DE-NYC-4,94,106,1,0.76,98.0,449034.0,364490.7,446046.1,false
US,M,10073,US-M-DE-STM-7,93,103,1,0.76,98.0,449034.0,587465.7,746053.4,false
US,M,10673,US-M-DE-STM-9,95,79,0,0.76,98.0,449034.0,533093.3,643198.6,true
US,M,11027,US-M-DE-STM-6,95,138,1,0.76,98.0,449034.0,436987.5,572006.9,false
US,M,11417,US-M-DE-STM-8,93,75,0,0.76,98.0,449034.0,412503.7,530683.2,false
US,M,11487,US-M-DE-NYC-6,93,80,0,0.76,98.0,449034.0,189747.2,258467.9,false
US,M,12076,US-M-DE-SDL-1,92,47,0,0.76,98.0,449034.0,507958.2,553658.4,true
US,M,12307,US-M-DE-STM-5,97,167,1,0.76,98.0,449034.0,476239.0,540708.6,false
US,M,12956,US-M-DE-ATX-6,93,100,1,0.76,98.0,449034.0,492823.9,592755.6,false
US,M,13252,US-M-DE-STM-9,95,164,1,0.76,98.0,449034.0,468869.9,533946.2,false
US,M,13552,US-M-DE-ATX-5,93,173,1,0.76,98.0,449034.0,555584.6,678870.6,false
US,M,13743,US-M-DE-STM-5,97,145,1,0.76,98.0,449034.0,393526.1,541579.8,false
US,M,13745,US-M-DE-STM-1,95,113,1,0.76,98.0,449034.0,724519.7,774878.4,false
US,M,13797,US-M-DE-ATX-5,92,156,1,0.76,98.0,449034.0,504911.0,648516.3,false
US,M,13827,US-M-DE-ATX-3,93,100,1,0.76,98.0,449034.0,504868.5,588004.6,false
US,M,14898,US-M-DE-STM-8,95,152,1,0.76,98.0,449034.0,439545.2,545995.3,false
US,M,14934,US-M-DE-SDL-1,95,17,0,0.76,98.0,449034.0,507362.9,589285.1,true
US,M,15214,US-M-DE-NYC-7,94,92,0,0.76,98.0,449034.0,441971.4,441417.7,false
US,M,15233,US-M-DE-STM-5,97,23,0,0.76,98.0,449034.0,599026.8,733576.7,true
US,M,15708,US-M-DE-SDL-3,94,88,0,0.76,98.0,449034.0,530397.2,642027.2,true
US,M,16296,US-M-DE-STM-1,97,152,1,0.76,98.0,449034.0,396247.8,458042.0,false
US,M,16315,US-M-DE-STM-1,95,140,1,0.76,98.0,449034.0,495341.6,508866.1,false
US,M,17282,US-M-DE-STM-7,95,129,1,0.76,98.0,449034.0,484089.4,581794.4,false
US,M,17521,US-M-DE-NYC-9,95,131,1,0.76,98.0,449034.0,330184.2,445233.3,false
US,M,17525,US-M-DE-NYC-1,96,150,1,0.76,98.0,449034.0,422616.3,471379.6,false
US,M,17526,US-M-DE-NYC-1,97,147,1,0.76,98.0,449034.0,428336.1,499434.5,false
US,M,17649,US-M-DE-STM-9,95,135,1,0.76,98.0,449034.0,457592.0,491701.5,false
US,M,18250,US-M-DE-NYC-1,95,187,1,0.76,98.0,449034.0,567241.1,644516.0,false
US,M,18251,US-M-DE-NYC-8,94,0,0,0.76,98.0,449034.0,46503.1,501650.6,false
US,M,18409,US-M-DE-SDL-2,95,88,0,0.76,98.0,449034.0,510795.5,622976.0,true
US,M,18721,US-M-DE-ATX-2,93,95,1,0.76,98.0,449034.0,518259.6,0.0,true
US,M,18740,US-M-DE-ATX-4,95,133,1,0.76,98.0,449034.0,53567.8,603437.7,false
US,M,18761,US-M-DE-STM-2,92,100,1,0.76,98.0,449034.0,511047.6,571045.5,false
US,M,18923,US-M-DE-ATX-4,94,127,1,0.76,98.0,449034.0,480331.7,623110.7,false
US,M,19175,US-M-DE-NYC-4,94,131,1,0.76,98.0,449034.0,432306.6,445426.7,false
US,M,19342,US-M-DE-STM-4,97,182,1,0.76,98.0,449034.0,395309.3,478568.5,false
US,M,19541,US-M-DE-ATX-2,95,94,0,0.76,98.0,449034.0,353411.1,405980.6,false
US,M,19569,US-M-DE-NYC-5,97,155,1,0.76,98.0,449034.0,668616.1,876108.7,false
US,M,19669,US-M-DE-ATX-5,90,138,1,0.76,98.0,449034.0,450308.5,619351.2,false
US,M,20175,US-M-DE-SDL-1,95,162,1,0.76,98.0,449034.0,480098.3,550940.6,false
US,M,20269,US-M-DE-SDL-1,96,108,1,0.76,98.0,449034.0,581116.1,596996.1,false
US,M,20332,US-M-DE-NYC-3,93,116,1,0.76,98.0,449034.0,403253.7,500028.7,false
US,M,20988,US-M-DE-NYC-8,96,96,1,0.76,98.0,449034.0,418082.3,457339.6,false
US,M,21144,US-M-DE-SDL-3,94,70,0,0.76,98.0,449034.0,550942.6,542078.7,true
US,M,21237,US-M-DE-STM-6,91,134,1,0.76,98.0,449034.0,582152.2,605170.3,false
US,M,21258,US-M-DE-NYC-9,96,150,1,0.76,98.0,449034.0,382978.1,378398.6,false
US,M,21419,US-M-DE-ATX-1,95,3,0,0.76,98.0,449034.0,462023.2,534457.8,true
US,M,23202,US-M-DE-ATX-3,96,164,1,0.76,98.0,449034.0,327445.5,519096.6,false
US,M,23226,US-M-DE-STM-7,95,135,1,0.76,98.0,449034.0,398036.9,474677.9,false
US,M,23227,US-M-DE-STM-6,95,150,1,0.76,98.0,449034.0,524872.8,488302.4,true
US,M,23230,US-M-DE-NYC-9,99,86,0,0.76,98.0,449034.0,485464.4,495452.3,true
US,M,23241,US-M-DE-STM-9,92,141,1,0.76,98.0,449034.0,597656.2,794799.9,false
US,M,23244,US-M-DE-STM-7,95,175,1,0.76,98.0,449034.0,547784.4,747065.0,false
US,M,23646,US-M-DE-ATX-2,96,144,1,0.76,98.0,449034.0,533726.3,749446.1,false
US,M,23767,US-M-DE-ATX-1,92,130,1,0.76,98.0,449034.0,546540.4,675437.2,false
US,M,23770,US-M-DE-NYC-5,96,141,1,0.76,98.0,449034.0,460345.8,608983.2,false
US,M,24335,US-M-DE-STM-8,93,162,1,0.76,98.0,449034.0,253161.8,289651.8,false
US,M,24462,US-M-DE-NYC-8,93,106,1,0.76,98.0,449034.0,421407.5,449093.0,false
US,M,24588,US-M-DE-STM-2,92,134,1,0.76,98.0,449034.0,482789.2,477064.9,true
US,M,24635,US-M-DE-NYC-4,94,124,1,0.76,98.0,449034.0,486022.3,555169.7,false
US,M,24636,US-M-DE-NYC-7,94,106,1,0.76,98.0,449034.0,366838.5,403995.8,false
US,M,24953,US-M-DE-STM-7,94,140,1,0.76,98.0,449034.0,389223.2,561235.5,false
US,M,25487,US-M-DE-NYC-7,93,107,1,0.76,98.0,449034.0,363519.9,431585.8,false
US,M,25488,US-M-DE-NYC-9,94,117,1,0.76,98.0,449034.0,443894.3,556132.0,false
US,M,26062,US-M-DE-SDL-1,93,121,1,0.76,98.0,449034.0,419608.6,444704.5,false
US,M,26126,US-M-DE-STM-4,95,157,1,0.76,98.0,449034.0,487585.1,516881.3,false
US,M,27004,US-M-DE-SDL-2,96,15,0,0.76,98.0,449034.0,422541.8,479647.0,false
US,M,27234,US-M-DE-ATX-4,97,61,0,0.76,98.0,449034.0,753936.9,906148.5,true
US,M,27685,US-M-DE-NYC-3,94,160,1,0.76,98.0,449034.0,383220.1,499741.1,false
US,M,27690,US-M-DE-NYC-2,94,98,1,0.76,98.0,449034.0,547529.0,657968.9,false
US,M,27904,US-M-SA-STM-1,137,206,1,0.76,98.0,449034.0,496831.8,538612.3,false
US,M,27917,US-M-SA-STM-1,139,95,0,0.76,98.0,449034.0,290250.2,301119.6,true
US,M,28088,US-M-DE-SDL-3,95,104,1,0.76,98.0,449034.0,436258.5,486074.0,false
US,M,28370,US-M-DE-STM-2,94,154,1,0.76,98.0,449034.0,467975.7,515644.8,false
US,M,28945,US-M-DE-SDL-1,95,101,1,0.76,98.0,449034.0,452660.6,583820.5,false
US,M,29587,US-M-DE-STM-6,97,129,1,0.76,98.0,449034.0,464668.4,570076.7,false
US,M,29640,US-M-DE-SDL-2,98,80,0,0.76,98.0,449034.0,481526.8,509388.1,true
US,M,29650,US-M-DE-NYC-1,95,126,1,0.76,98.0,449034.0,533715.6,646630.7,false
US,M,29676,US-M-DE-NYC-5,97,123,1,0.76,98.0,449034.0,396745.1,437256.6,false
US,M,29693,US-M-DE-NYC-1,98,131,1,0.76,98.0,449034.0,360609.0,452674.9,false
US,M,29907,US-M-DE-ATX-4,95,119,1,0.76,98.0,449034.0,406482.1,490783.2,false
US,M,29932,US-M-DE-STM-8,93,89,0,0.76,98.0,449034.0,274593.8,493157.0,false
US,M,29934,US-M-DE-STM-9,96,154,1,0.76,98.0,449034.0,669881.8,702237.4,false
US,M,30206,US-M-DE-STM-4,96,164,1,0.76,98.0,449034.0,419405.9,427508.5,false
US,M,30246,US-M-DE-NYC-3,96,140,1,0.76,98.0,449034.0,463102.5,587616.1,false
US,M,30250,US-M-DE-STM-8,96,124,1,0.76,98.0,449034.0,560706.9,647361.2,false
US,M,30436,US-M-DE-STM-5,95,136,1,0.76,98.0,449034.0,451587.6,472392.0,false
US,M,30465,US-M-DE-SDL-3,95,96,1,0.76,98.0,449034.0,708532.5,810438.2,false
US,M,30802,US-M-DE-STM-2,96,173,1,0.76,98.0,449034.0,550381.7,671690.8,false
US,M,30827,US-M-DE-ATX-3,93,145,1,0.76,98.0,449034.0,451430.2,588369.4,false
US,M,31101,US-M-DE-NYC-5,95,152,1,0.76,98.0,449034.0,491200.5,613166.5,false
US,M,31330,US-M-DE-NYC-4,97,114,1,0.76,98.0,449034.0,243977.5,327332.9,false
US,M,31345,US-M-DE-ATX-2,96,148,1,0.76,98.0,449034.0,498156.4,591520.3,false
US,M,31736,US-M-DE-ATX-3,95,141,1,0.76,98.0,449034.0,385904.8,431618.2,false
US,M,31747,US-M-DE-SDL-1,95,76,0,0.76,98.0,449034.0,408832.7,375181.2,false
US,M,31825,US-M-DE-SDL-2,96,105,1,0.76,98.0,449034.0,373096.6,415044.5,false
US,M,31833,US-M-DE-STM-7,94,110,1,0.76,98.0,449034.0,449608.9,540981.5,false
US,M,31947,US-M-DE-ATX-4,94,141,1,0.76,98.0,449034.0,437578.2,479649.5,false
US,M,31948,US-M-DE-NYC-1,97,115,1,0.76,98.0,449034.0,302139.5,353725.7,false
US,M,32143,US-M-DE-STM-5,94,196,2,0.76,98.0,449034.0,583741.5,564005.4,true
US,M,32163,US-M-DE-SDL-1,94,83,0,0.76,98.0,449034.0,608344.8,656601.8,true
US,M,32196,US-M-DE-SDL-2,95,86,0,0.76,98.0,449034.0,353684.3,485938.8,false
US,M,32465,US-M-DE-STM-5,92,137,1,0.76,98.0,449034.0,361086.1,517562.0,false
US,M,32627,US-M-DE-STM-9,95,136,1,0.76,98.0,449034.0,352341.4,453311.4,false
US,M,32797,US-M-DE-ATX-1,97,134,1,0.76,98.0,449034.0,692368.1,820429.9,false
US,M,32829,US-M-DE-NYC-4,95,116,1,0.76,98.0,449034.0,457017.2,543513.3,false
US,M,32869,US-M-DE-NYC-3,96,129,1,0.76,98.0,449034.0,241271.9,318037.2,false
US,M,32881,US-M-DE-STM-4,96,147,1,0.76,98.0,449034.0,584332.0,666486.6,false
US,M,32882,US-M-DE-STM-1,94,154,1,0.76,98.0,449034.0,527840.2,576619.8,false
US,M,33317,US-M-DE-NYC-6,92,93,1,0.76,98.0,449034.0,183762.8,238367.9,false
US,M,33353,US-M-DE-STM-8,95,123,1,0.76,98.0,449034.0,477801.3,544434.6,false
US,M,33376,US-M-DE-ATX-1,95,101,1,0.76,98.0,449034.0,565259.0,660159.6,false
US,M,33438,US-M-DE-NYC-5,95,146,1,0.76,98.0,449034.0,392213.3,529500.8,false
US,M,33441,US-M-DE-ATX-6,95,140,1,0.76,98.0,449034.0,466303.1,616662.5,false
US,M,33447,US-M-DE-NYC-8,96,127,1,0.76,98.0,449034.0,349314.0,475896.8,false
US,M,33448,US-M-DE-NYC-7,95,145,1,0.76,98.0,449034.0,362157.5,414394.7,false
US,M,33595,US-M-DE-NYC-6,94,162,1,0.76,98.0,449034.0,256861.2,336329.5,false
US,M,33606,US-M-DE-STM-1,98,122,1,0.76,98.0,449034.0,517872.3,581925.6,false
US,M,33667,US-M-DE-NYC-6,97,130,1,0.76,98.0,449034.0,295924.2,307695.7,false
US,M,33672,US-M-DE-STM-1,98,146,1,0.76,98.0,449034.0,396893.6,552948.0,false
US,M,33673,US-M-DE-STM-2,97,123,1,0.76,98.0,449034.0,387422.1,469462.9,false
US,M,33694,US-M-DE-NYC-5,96,142,1,0.76,98.0,449034.0,486799.6,558055.6,false
US,M,33715,US-M-DE-ATX-1,97,164,1,0.76,98.0,449034.0,594405.2,714086.9,false
US,M,33718,US-M-DE-NYC-3,97,145,1,0.76,98.0,449034.0,424514.3,512490.0,false
US,M,33722,US-M-DE-SDL-2,98,3,0,0.76,98.0,449034.0,336040.8,336993.8,false
US,M,33749,US-M-DE-ATX-3,95,109,1,0.76,98.0,449034.0,443295.2,519080.0,false
US,M,33985,US-M-DE-ATX-6,96,135,1,0.76,98.0,449034.0,584608.1,671418.4,false
US,M,34174,US-M-DE-ATX-5,93,115,1,0.76,98.0,449034.0,531836.2,710192.3,false
US,M,34177,US-M-DE-STM-5,94,190,2,0.76,98.0,449034.0,598897.6,682800.8,false
US,M,34432,US-M-DE-STM-7,96,169,1,0.76,98.0,449034.0,515443.7,498500.2,true
US,M,34433,US-M-DE-NYC-4,97,82,0,0.76,98.0,449034.0,447841.3,412962.9,false
US,M,34490,US-M-DE-NYC-7,94,125,1,0.76,98.0,449034.0,316508.6,388478.9,false
US,M,34519,US-M-DE-NYC-9,94,99,1,0.76,98.0,449034.0,398744.9,454152.6,false
US,M,34620,US-M-DE-NYC-9,95,135,1,0.76,98.0,449034.0,715124.8,1081938.2,false
US,M,34829,US-M-DE-NYC-5,92,156,1,0.76,98.0,449034.0,518453.0,680990.6,false
US,M,34896,US-M-DE-NYC-2,95,100,1,0.76,98.0,449034.0,359404.7,462349.9,false
US,M,34906,US-M-DE-STM-6,94,136,1,0.76,98.0,449034.0,571422.3,602201.7,false
US,M,35134,US-M-DE-NYC-4,97,127,1,0.76,98.0,449034.0,339027.9,389802.3,false
US,M,35413,US-M-DE-ATX-4,95,130,1,0.76,98.0,449034.0,526762.7,602494.8,false
US,M,35541,US-M-DE-ATX-6,94,133,1,0.76,98.0,449034.0,551428.8,637872.8,false
US,M,35764,US-M-DE-ATX-1,95,137,1,0.76,98.0,449034.0,522303.1,587694.3,false
US,M,35861,US-M-DE-ATX-1,92,64,0,0.76,98.0,449034.0,526928.1,736085.5,true
US,M,35920,US-M-DE-STM-2,94,118,1,0.76,98.0,449034.0,526016.9,590853.3,false
US,M,36031,US-M-DE-SDL-2,96,131,1,0.76,98.0,449034.0,286891.7,367574.2,false
US,M,36323,US-M-SA-STM-1,139,142,1,0.76,98.0,449034.0,363376.8,478617.8,false
US,M,38557,US-M-DE-ATX-6,96,134,1,0.76,98.0,449034.0,572325.3,637999.1,false
US,M,38741,US-M-DE-SDL-3,94,100,1,0.76,98.0,449034.0,315761.3,378701.5,false
US,M,38750,US-M-DE-SDL-3,94,154,1,0.76,98.0,449034.0,552563.3,608277.3,false
US,M,39018,US-M-SA-STM-1,138,194,1,0.76,98.0,449034.0,490822.6,523768.7,false
US,M,39026,US-M-DE-STM-6,94,135,1,0.76,98.0,449034.0,515984.1,502819.4,true
US,M,39587,US-M-SA-NYC-1,137,177,1,0.76,98.0,449034.0,479032.7,598826.9,false
US,M,39656,US-M-SA-NYC-1,135,197,1,0.76,98.0,449034.0,424361.4,528071.5,false
US,M,40055,US-M-DE-ATX-4,93,121,1,0.76,98.0,449034.0,420846.9,583371.6,false
US,M,40185,US-M-SA-NYC-1,134,120,0,0.76,98.0,449034.0,603685.6,575097.4,true
US,M,40244,US-M-DE-NYC-8,95,83,0,0.76,98.0,449034.0,477797.8,527299.9,true
US,M,40817,US-M-DE-NYC-8,95,96,1,0.76,98.0,449034.0,324621.5,443383.7,false
US,M,40949,US-M-SA-NYC-1,134,117,0,0.76,98.0,449034.0,362899.9,398872.7,true
US,M,40950,US-M-DE-NYC-2,95,144,1,0.76,98.0,449034.0,486042.8,544025.2,false
US,M,41049,US-M-DE-ATX-2,95,147,1,0.76,98.0,449034.0,570500.2,647923.7,false
US,M,41086,US-M-DE-NYC-3,94,92,0,0.76,98.0,449034.0,517209.8,633050.4,true
US,M,41410,US-M-DE-ATX-5,94,116,1,0.76,98.0,449034.0,408719.6,485142.3,false
US,M,41599,US-M-DE-NYC-1,95,155,1,0.76,98.0,449034.0,375100.7,460494.0,false
US,M,41601,US-M-DE-NYC-7,95,156,1,0.76,98.0,449034.0,327876.1,429872.5,false
US,M,41683,US-M-DE-SDL-3,97,152,1,0.76,98.0,449034.0,414410.8,405698.9,false
US,M,41720,US-M-DE-NYC-8,94,89,0,0.76,98.0,449034.0,415620.0,516584.3,false
US,M,41803,US-M-DE-NYC-2,97,164,1,0.76,98.0,449034.0,297875.6,426741.1,false
US,M,42592,US-M-SA-NYC-1,133,137,1,0.76,98.0,449034.0,353545.8,458693.4,false
US,M,42638,US-M-DE-ATX-5,93,144,1,0.76,98.0,449034.0,464331.1,478202.2,false
US,M,42784,US-M-DE-STM-9,92,102,1,0.76,98.0,449034.0,462171.7,560132.6,false
US,M,42819,US-M-DE-ATX-1,95,86,0,0.76,98.0,449034.0,425518.5,467713.9,false
US,M,42947,US-M-DE-NYC-6,94,86,0,0.76,98.0,449034.0,223252.4,272628.2,false
US,M,43063,US-M-DE-SDL-3,96,203,2,0.76,98.0,449034.0,415997.2,439673.5,false
US,M,43193,US-M-DE-LOA-1,96,70,0,0.76,98.0,449034.0,547660.6,598391.3,true
US,M,43246,US-M-DE-LOA-1,154,7,0,0.76,98.0,449034.0,1038806.1,925213.7,true
US,M,43655,US-M-SA-NYC-1,136,131,0,0.76,98.0,449034.0,463324.6,599276.9,true
US,M,43811,US-M-DE-NYC-2,95,142,1,0.76,98.0,449034.0,331310.6,461119.2,false
US,M,43934,US-M-DE-NYC-6,95,65,0,0.76,98.0,449034.0,288054.3,355778.5,false
US,M,44140,US-M-DE-ATX-5,91,107,1,0.76,98.0,449034.0,538061.7,646312.2,false
US,M,44144,US-M-DE-ATX-6,93,139,1,0.76,98.0,449034.0,659036.4,657699.9,true
US,M,44161,US-M-DE-NYC-8,95,100,1,0.76,98.0,449034.0,334610.2,447088.8,false
US,M,44384,US-M-DE-NYC-3,95,164,1,0.76,98.0,449034.0,541381.5,570911.4,false
US,M,44385,US-M-DE-NYC-7,94,114,1,0.76,98.0,449034.0,362996.4,405984.8,false
US,M,44451,US-M-DE-STM-8,93,90,0,0.76,98.0,449034.0,502872.2,553655.3,true
US,M,44452,US-M-DE-NYC-2,94,123,1,0.76,98.0,449034.0,472272.1,583999.9,false
US,M,44676,US-M-DE-NYC-6,95,64,0,0.76,98.0,449034.0,351167.9,343184.8,false
US,M,44725,US-M-DE-STM-8,96,125,1,0.76,98.0,449034.0,352949.2,370179.6,false
US,M,44729,US-M-DE-NYC-2,99,118,1,0.76,98.0,449034.0,259095.0,380551.2,false
US,M,44947,US-M-DE-NYC-3,96,104,1,0.76,98.0,449034.0,562394.5,576081.4,false
US,M,44998,US-M-DE-ATX-3,91,108,1,0.76,98.0,449034.0,523690.9,692918.4,false
US,M,45074,US-M-DE-NYC-4,97,158,1,0.76,98.0,449034.0,357167.4,421763.2,false
US,M,45241,US-M-DE-NYC-4,95,137,1,0.76,98.0,449034.0,515848.0,572329.3,false
US,M,45339,US-M-DE-NYC-8,96,36,0,0.76,98.0,449034.0,359594.1,369018.2,false
US,M,45379,US-M-SA-STM-1,138,125,0,0.76,98.0,449034.0,402245.2,445116.2,true
US,M,45451,US-M-DE-STM-9,96,84,0,0.76,98.0,449034.0,462527.7,563213.4,true
US,M,46707,US-M-DE-STM-5,98,0,0,0.76,98.0,449034.0,458908.9,633586.9,true
US,M,46816,US-M-DE-NYC-5,97,0,0,0.76,98.0,449034.0,37722.4,386409.2,false
US,M,46850,US-M-DE-NYC-9,94,0,0,0.76,98.0,449034.0,55472.1,585451.2,false
US,NAM,379,US-NAM-HC-RMT-5,3,0,0,0.07,16.3,251211.0,31338.5,57278.9,false
US,NAM,528,US-NAM-PSE-RMT-1,17,0,0,0.07,16.3,251211.0,211674.8,228570.7,true
US,NAM,737,US-NAM-SA-RMT-2,7,0,0,0.07,16.3,251211.0,45295.8,48735.3,false
US,NAM,795,US-NAM-LTL-RMT-8,3,0,0,0.07,16.3,251211.0,312576.2,622424.6,true
US,NAM,842,US-NAM-LTL-RMT-7,5,0,0,0.07,16.3,251211.0,919502.6,1126479.3,true
US,NAM,1049,US-NAM-LTL-RMT-2,3,0,0,0.07,16.3,251211.0,662704.4,1087090.1,true
US,NAM,1084,US-NAM-HC-RMT-2,5,0,0,0.07,16.3,251211.0,163466.8,205425.9,false
US,NAM,1133,US-NAM-HC-RMT-5,18,0,0,0.07,16.3,251211.0,145307.7,121440.9,true
US,NAM,1139,US-NAM-HC-RMT-1,9,0,0,0.07,16.3,251211.0,78494.1,95898.5,false
US,NAM,1214,US-NAM-RHMS-RMT-5,9,0,0,0.07,16.3,251211.0,235245.0,312955.4,false
US,NAM,1259,US-NAM-LTL-RMT-5,6,0,0,0.07,16.3,251211.0,194424.1,278225.4,false
US,NAM,1277,US-NAM-RHMS-RMT-3,4,0,0,0.07,16.3,251211.0,528563.5,567738.5,true
US,NAM,1549,US-NAM-RPO-RMT-1,4,0,0,0.07,16.3,251211.0,82201.5,88636.7,false
US,NAM,1647,US-NAM-RHMS-RMT-2,21,3,0,0.07,16.3,251211.0,145977.8,161048.8,true
US,NAM,1698,US-NAM-SA-RMT-4,6,0,0,0.07,16.3,251211.0,37970.5,38034.3,false
US,NAM,1799,US-NAM-LTL-RMT-8,4,0,0,0.07,16.3,251211.0,553452.0,672878.0,true
US,NAM,1909,US-NAM-HC-RMT-2,4,0,0,0.07,16.3,251211.0,42577.2,87141.9,false
US,NAM,1992,US-NAM-RHMS-RMT-5,20,4,0,0.07,16.3,251211.0,116301.6,127633.4,true
US,NAM,2007,US-NAM-HC-RMT-4,10,0,0,0.07,16.3,251211.0,66109.8,50054.4,false
US,NAM,2154,US-NAM-LTL-RMT-1,1,4,4,0.07,16.3,251211.0,3298564.8,5363639.2,false
US,NAM,2168,US-NAM-LTL-RMT-5,8,13,1,0.07,16.3,251211.0,188611.1,168482.0,false
US,NAM,2276,US-NAM-RPO-RMT-1,3,0,0,0.07,16.3,251211.0,98320.4,104288.0,false
US,NAM,2515,US-NAM-LTL-RMT-5,5,0,0,0.07,16.3,251211.0,319967.7,275532.0,true
US,NAM,2530,US-NAM-LTL-RMT-8,8,0,0,0.07,16.3,251211.0,292370.1,420258.9,true
US,NAM,2571,US-NAM-LTL-RMT-4,1,1,1,0.07,16.3,251211.0,15463.4,19561.5,false
US,NAM,2718,US-NAM-LTL-RMT-1,3,0,0,0.07,16.3,251211.0,650229.7,1113258.0,true
US,NAM,2719,US-NAM-LTL-RMT-6,4,0,0,0.07,16.3,251211.0,2388174.9,3787386.5,true
US,NAM,2782,US-NAM-HC-RMT-3,4,0,0,0.07,16.3,251211.0,49963.5,56005.2,false
US,NAM,2857,US-NAM-HC-RMT-6,9,0,0,0.07,16.3,251211.0,149444.8,102341.2,false
US,NAM,3158,US-NAM-HC-RMT-3,4,0,0,0.07,16.3,251211.0,337367.6,317690.7,true
US,NAM,3420,US-NAM-HC-RMT-7,5,0,0,0.07,16.3,251211.0,21066.7,11582.7,false
US,NAM,3426,US-NAM-LTL-RMT-5,6,2,0,0.07,16.3,251211.0,583795.7,688469.6,true
US,NAM,3485,US-NAM-RHMS-RMT-3,7,0,0,0.07,16.3,251211.0,414658.0,430441.7,true
US,NAM,3486,US-NAM-SA-RMT-3,4,0,0,0.07,16.3,251211.0,221772.6,268354.7,false
US,NAM,3601,US-NAM-SA-RMT-3,6,0,0,0.07,16.3,251211.0,38166.4,40707.3,false
US,NAM,3778,US-NAM-LTL-RMT-8,24,2,0,0.07,16.3,251211.0,152134.7,197731.3,true
US,NAM,3821,US-NAM-HC-RMT-5,8,0,0,0.07,16.3,251211.0,64098.3,45951.3,false
US,NAM,3898,US-NAM-LTL-RMT-6,6,0,0,0.07,16.3,251211.0,364178.5,510560.1,true
US,NAM,3900,US-NAM-LTL-RMT-1,2,0,0,0.07,16.3,251211.0,577065.3,2012639.7,true
US,NAM,4076,US-NAM-LTL-RMT-1,1,0,0,0.07,16.3,251211.0,242498.4,519141.6,false
US,NAM,4501,US-NAM-LTL-RMT-4,4,0,0,0.07,16.3,251211.0,769232.9,986807.3,true
US,NAM,4667,US-NAM-HC-RMT-4,3,0,0,0.07,16.3,251211.0,1254653.3,1540393.3,true
US,NAM,4792,US-NAM-LTL-RMT-7,4,0,0,0.07,16.3,251211.0,290065.6,426881.1,true
US,NAM,5034,US-NAM-LTL-RMT-8,4,0,0,0.07,16.3,251211.0,182973.9,270600.6,false
US,NAM,5136,US-NAM-RHMS-RMT-1,6,0,0,0.07,16.3,251211.0,116753.8,245039.8,false
US,NAM,5268,US-NAM-HC-RMT-4,3,0,0,0.07,16.3,251211.0,658514.2,603965.5,true
US,NAM,5416,US-NAM-LTL-RMT-7,26,0,0,0.07,16.3,251211.0,199755.0,217597.0,true
US,NAM,5454,US-NAM-RHMS-RMT-1,21,0,0,0.07,16.3,251211.0,218806.2,210505.6,true
US,NAM,5465,US-NAM-HC-RMT-7,3,0,0,0.07,16.3,251211.0,460266.3,645537.7,true
US,NAM,5466,US-NAM-RHMS-RMT-4,6,0,0,0.07,16.3,251211.0,133346.3,181748.1,false
US,NAM,5666,US-NAM-RHMS-RMT-6,8,0,0,0.07,16.3,251211.0,346567.0,392978.3,true
US,NAM,6021,US-NAM-SA-RMT-4,9,0,0,0.07,16.3,251211.0,14772.5,46567.2,false
US,NAM,6061,US-NAM-LTL-RMT-5,22,0,0,0.07,16.3,251211.0,73612.5,112006.1,true
US,NAM,6305,US-NAM-RHMS-RMT-1,4,0,0,0.07,16.3,251211.0,510420.3,719831.7,true
US,NAM,6440,US-NAM-PSE-RMT-1,37,1,0,0.07,16.3,251211.0,211328.4,223254.2,true
US,NAM,6672,US-NAM-HC-RMT-6,2,0,0,0.07,16.3,251211.0,551805.5,789653.6,true
US,NAM,7067,US-NAM-PSE-RMT-ACC-1,252,126,0,0.07,16.3,251211.0,65826.8,127775.5,true
US,NAM,7076,US-NAM-SA-RMT-2,6,0,0,0.07,16.3,251211.0,23041.3,100688.9,false
US,NAM,7087,US-NAM-PSE-RMT-3,41,21,0,0.07,16.3,251211.0,155648.1,186715.2,true
US,NAM,7221,US-NAM-SA-RMT-2,13,7,0,0.07,16.3,251211.0,81244.7,157788.8,false
US,NAM,7308,US-NAM-LTL-RMT-2,24,0,0,0.07,16.3,251211.0,272723.0,399571.8,true
US,NAM,7309,US-NAM-HC-RMT-3,2,0,0,0.07,16.3,251211.0,154182.7,169022.3,false
US,NAM,7316,US-NAM-RHMS-RMT-5,4,0,0,0.07,16.3,251211.0,633036.3,699955.9,true
US,NAM,7389,US-NAM-HC-RMT-1,3,0,0,0.07,16.3,251211.0,7982.7,41957.1,false
US,NAM,7574,US-NAM-RHMS-RMT-4,4,0,0,0.07,16.3,251211.0,1422086.4,1166825.5,true
US,NAM,7650,US-NAM-SA-RMT-1,2,0,0,0.07,16.3,251211.0,40840.5,31727.4,false
US,NAM,7826,US-NAM-SA-RMT-4,5,0,0,0.07,16.3,251211.0,45290.6,62123.5,false
US,NAM,8346,US-NAM-RHMS-RMT-3,23,0,0,0.07,16.3,251211.0,118192.6,175683.6,true
US,NAM,8465,US-NAM-HC-RMT-5,3,0,0,0.07,16.3,251211.0,120361.5,91695.7,false
US,NAM,8592,US-NAM-RHMS-RMT-7,6,0,0,0.07,16.3,251211.0,134176.7,242772.2,false
US,NAM,8606,US-NAM-HC-RMT-4,10,0,0,0.07,16.3,251211.0,333490.9,300277.6,true
US,NAM,8770,US-NAM-SA-RMT-1,2,0,0,0.07,16.3,251211.0,248743.1,330156.8,false
US,NAM,9089,US-NAM-RHMS-RMT-4,9,0,0,0.07,16.3,251211.0,66217.3,41048.0,false
US,NAM,9256,US-NAM-RHMS-RMT-7,9,0,0,0.07,16.3,251211.0,84913.1,85574.1,false
US,NAM,9297,US-NAM-PSE-RMT-ACC-1,262,117,0,0.07,16.3,251211.0,86015.1,117824.6,true
US,NAM,9662,US-NAM-PSE-RMT-1,29,23,0,0.07,16.3,251211.0,128356.7,161981.6,true
US,NAM,9925,US-NAM-LTL-RMT-7,4,0,0,0.07,16.3,251211.0,46868.8,41263.5,false
US,NAM,9926,US-NAM-HC-RMT-4,4,0,0,0.07,16.3,251211.0,942236.6,1043849.9,true
US,NAM,9927,US-NAM-SA-RMT-5,6,0,0,0.07,16.3,251211.0,483002.3,552497.4,true
US,NAM,10085,US-NAM-RHMS-RMT-6,5,0,0,0.07,16.3,251211.0,126237.5,178686.2,false
US,NAM,10311,US-NAM-RHMS-RMT-7,9,0,0,0.07,16.3,251211.0,201938.7,222993.6,false
US,NAM,10327,US-NAM-RHMS-RMT-6,8,0,0,0.07,16.3,251211.0,113174.2,101860.5,false
US,NAM,10351,US-NAM-HC-RMT-2,17,0,0,0.07,16.3,251211.0,75742.5,89208.6,true
US,NAM,10467,US-NAM-RHMS-RMT-6,22,3,0,0.07,16.3,251211.0,141126.8,151441.2,true
US,NAM,10769,US-NAM-LTL-RMT-6,8,0,0,0.07,16.3,251211.0,384522.5,463823.5,true
US,NAM,10890,US-NAM-SA-RMT-4,4,0,0,0.07,16.3,251211.0,45431.1,14616.5,false
US,NAM,11762,US-NAM-RHMS-RMT-1,9,0,0,0.07,16.3,251211.0,155394.4,220285.7,false
US,NAM,12195,US-NAM-SA-RMT-2,7,0,0,0.07,16.3,251211.0,131994.8,177826.1,false
US,NAM,12196,US-NAM-HC-RMT-4,6,0,0,0.07,16.3,251211.0,62861.6,120361.8,false
US,NAM,12216,US-NAM-SA-RMT-3,3,0,0,0.07,16.3,251211.0,378709.2,325826.3,true
US,NAM,12637,US-NAM-SA-RMT-1,3,0,0,0.07,16.3,251211.0,57347.5,181933.2,false
US,NAM,13212,US-NAM-RHMS-RMT-2,5,0,0,0.07,16.3,251211.0,174194.2,171547.8,false
US,NAM,13213,US-NAM-LTL-RMT-3,23,0,0,0.07,16.3,251211.0,122901.3,157079.3,true
US,NAM,13476,US-NAM-RPO-RMT-1,3,0,0,0.07,16.3,251211.0,92207.5,159000.2,false
US,NAM,13477,US-NAM-SA-RMT-1,2,0,0,0.07,16.3,251211.0,35542.5,46356.2,false
US,NAM,13478,US-NAM-SA-RMT-1,2,0,0,0.07,16.3,251211.0,33577.9,40128.2,false
US,NAM,14426,US-NAM-HC-RMT-3,3,0,0,0.07,16.3,251211.0,85611.2,87650.8,false
US,NAM,14428,US-NAM-RHMS-RMT-1,8,0,0,0.07,16.3,251211.0,96850.3,218002.3,false
US,NAM,14541,US-NAM-LTL-RMT-3,7,0,0,0.07,16.3,251211.0,133406.2,317414.4,false
US,NAM,14542,US-NAM-LTL-RMT-2,8,0,0,0.07,16.3,251211.0,359858.4,546007.1,true
US,NAM,14544,US-NAM-SA-RMT-5,8,0,0,0.07,16.3,251211.0,165844.3,211943.8,false
US,NAM,14546,US-NAM-LTL-RMT-4,8,0,0,0.07,16.3,251211.0,464213.8,568248.8,true
US,NAM,14548,US-NAM-LTL-RMT-6,8,0,0,0.07,16.3,251211.0,220457.3,340841.4,false
US,NAM,15039,US-NAM-SA-RMT-2,7,0,0,0.07,16.3,251211.0,43638.2,79630.9,false
US,NAM,15041,US-NAM-HC-RMT-1,4,0,0,0.07,16.3,251211.0,62178.4,51019.9,false
US,NAM,15608,US-NAM-RHMS-RMT-7,19,0,0,0.07,16.3,251211.0,60196.1,67806.5,true
US,NAM,15621,US-NAM-SA-RMT-3,3,0,0,0.07,16.3,251211.0,329890.1,397601.7,true
US,NAM,15655,US-NAM-HC-RMT-1,6,0,0,0.07,16.3,251211.0,160998.0,136064.0,false
US,NAM,16058,US-NAM-RPO-RMT-1,5,0,0,0.07,16.3,251211.0,201050.7,218814.3,false
US,NAM,16303,US-NAM-PSE-RMT-1,31,10,0,0.07,16.3,251211.0,285980.2,386605.2,true
US,NAM,16305,US-NAM-HC-RMT-7,20,0,0,0.07,16.3,251211.0,88199.3,60107.1,true
US,NAM,16306,US-NAM-LTL-RMT-7,8,0,0,0.07,16.3,251211.0,213584.0,333966.7,false
US,NAM,16307,US-NAM-SA-RMT-4,21,0,0,0.07,16.3,251211.0,22338.2,46320.3,true
US,NAM,16382,US-NAM-PSE-RMT-2,40,17,0,0.07,16.3,251211.0,101098.3,135846.2,true
US,NAM,16707,US-NAM-LTL-RMT-4,26,0,0,0.07,16.3,251211.0,181131.6,213176.8,true
US,NAM,16995,US-NAM-LTL-RMT-3,5,0,0,0.07,16.3,251211.0,212650.9,365491.8,false
US,NAM,17283,US-NAM-LTL-RMT-1,4,0,0,0.07,16.3,251211.0,783388.1,1578458.6,true
US,NAM,17349,US-NAM-HC-RMT-5,1,0,0,0.07,16.3,251211.0,21761.4,38472.8,false
US,NAM,17531,US-NAM-RHMS-RMT-1,9,0,0,0.07,16.3,251211.0,178415.0,203838.5,false
US,NAM,17547,US-NAM-HC-RMT-1,17,1,0,0.07,16.3,251211.0,32672.2,52752.3,true
US,NAM,17749,US-NAM-HC-RMT-3,9,0,0,0.07,16.3,251211.0,73304.4,106774.2,false
US,NAM,17822,US-NAM-LTL-RMT-1,5,0,0,0.07,16.3,251211.0,1667406.6,2894087.2,true
US,NAM,18326,US-NAM-PSE-RMT-1,15,0,0,0.07,16.3,251211.0,3120826.9,1234659.7,true
US,NAM,18501,US-NAM-RHMS-RMT-6,19,4,0,0.07,16.3,251211.0,88421.8,89509.4,true
US,NAM,18700,US-NAM-HC-RMT-6,7,0,0,0.07,16.3,251211.0,111669.2,121353.7,false
US,NAM,18722,US-NAM-PSE-RMT-3,41,45,1,0.07,16.3,251211.0,201276.8,157070.6,true
US,NAM,18784,US-NAM-HC-RMT-1,4,0,0,0.07,16.3,251211.0,1670015.7,1777017.8,true
US,NAM,19007,US-NAM-HC-RMT-5,4,0,0,0.07,16.3,251211.0,129731.9,127136.1,false
US,NAM,19169,US-NAM-LTL-RMT-4,2,0,0,0.07,16.3,251211.0,174087.8,261447.9,false
US,NAM,19174,US-NAM-PSE-RMT-ACC-1,265,122,0,0.07,16.3,251211.0,54458.8,135140.1,true
US,NAM,19176,US-NAM-SA-RMT-2,7,0,0,0.07,16.3,251211.0,39286.3,57603.5,false
US,NAM,19641,US-NAM-LTL-RMT-6,9,0,0,0.07,16.3,251211.0,227737.3,288432.2,false
US,NAM,19656,US-NAM-HC-RMT-2,6,0,0,0.07,16.3,251211.0,135099.1,146339.8,false
US,NAM,19834,US-NAM-PSE-RMT-1,14,4,0,0.07,16.3,251211.0,78494.7,109780.8,false
US,NAM,19863,US-NAM-LTL-RMT-2,8,0,0,0.07,16.3,251211.0,78376.8,65612.8,false
US,NAM,19890,US-NAM-HC-RMT-3,20,0,0,0.07,16.3,251211.0,80685.0,131471.1,true
US,NAM,20308,US-NAM-RHMS-RMT-5,19,2,0,0.07,16.3,251211.0,134881.0,157580.8,true
US,NAM,21305,US-NAM-HC-RMT-7,8,0,0,0.07,16.3,251211.0,240466.7,240157.5,false
US,NAM,23206,US-NAM-RHMS-RMT-4,9,0,0,0.07,16.3,251211.0,137026.6,218782.8,false
US,NAM,23446,US-NAM-RHMS-RMT-3,10,0,0,0.07,16.3,251211.0,256167.4,338178.2,true
US,NAM,23715,US-NAM-LTL-RMT-4,8,0,0,0.07,16.3,251211.0,443835.5,504320.2,true
US,NAM,23721,US-NAM-HC-RMT-2,7,0,0,0.07,16.3,251211.0,271705.4,303568.7,true
US,NAM,23723,US-NAM-SA-RMT-5,7,0,0,0.07,16.3,251211.0,56543.3,91184.0,false
US,NAM,23727,US-NAM-LTL-RMT-7,5,0,0,0.07,16.3,251211.0,195102.7,273060.2,false
US,NAM,23787,US-NAM-RHMS-RMT-4,6,0,0,0.07,16.3,251211.0,303333.4,403546.0,true
US,NAM,23788,US-NAM-HC-RMT-6,4,0,0,0.07,16.3,251211.0,131794.5,398170.3,false
US,NAM,23790,US-NAM-LTL-RMT-5,5,0,0,0.07,16.3,251211.0,152226.5,184163.8,false
US,NAM,23792,US-NAM-LTL-RMT-8,8,0,0,0.07,16.3,251211.0,110397.6,139506.0,false
US,NAM,23980,US-NAM-HC-RMT-6,10,0,0,0.07,16.3,251211.0,84779.3,108392.3,false
US,NAM,24095,US-NAM-RHMS-RMT-4,8,0,0,0.07,16.3,251211.0,372045.4,446300.5,true
US,NAM,24658,US-NAM-RHMS-RMT-7,6,0,0,0.07,16.3,251211.0,394568.4,520035.4,true
US,NAM,25613,US-NAM-PSE-RMT-2,39,,,0.07,16.3,251211.0,116328.9,143970.9,
US,NAM,25617,US-NAM-PSE-RMT-2,14,,,0.07,16.3,251211.0,96113.1,107441.1,false
US,NAM,25638,US-NAM-RHMS-RMT-7,6,,,0.07,16.3,251211.0,301644.7,293315.6,true
US,NAM,25639,US-NAM-HC-RMT-5,5,,,0.07,16.3,251211.0,91056.9,80370.0,false
US,NAM,25643,US-NAM-LTL-RMT-6,6,,,0.07,16.3,251211.0,334049.4,458270.9,
US,NAM,25646,US-NAM-PSE-RMT-3,31,,,0.07,16.3,251211.0,70217.0,57279.5,true
US,NAM,25652,US-NAM-LTL-RMT-2,7,,,0.07,16.3,251211.0,128343.6,322537.7,false
US,NAM,27360,US-NAM-SA-RMT-5,10,0,0,0.07,16.3,251211.0,54045.6,92401.5,false
US,NAM,27619,US-NAM-SA-RMT-2,15,1,0,0.07,16.3,251211.0,139900.6,191815.3,false
US,NAM,27637,US-NAM-RPO-RMT-1,3,0,0,0.07,16.3,251211.0,254719.2,244714.2,true
US,NAM,27767,US-NAM-HC-RMT-3,4,0,0,0.07,16.3,251211.0,41862.2,35977.7,false
US,NAM,28524,US-NAM-PSE-RMT-2,31,34,1,0.07,16.3,251211.0,96617.9,88208.1,true
US,NAM,29577,US-NAM-LTL-RMT-8,6,0,0,0.07,16.3,251211.0,203981.7,277695.9,false
US,NAM,29580,US-NAM-SA-RMT-5,15,2,0,0.07,16.3,251211.0,102061.8,164591.1,false
US,NAM,29614,US-NAM-LTL-RMT-7,9,0,0,0.07,16.3,251211.0,265877.4,348544.7,true
US,NAM,29651,US-NAM-HC-RMT-7,5,0,0,0.07,16.3,251211.0,119942.7,137992.0,false
US,NAM,29653,US-NAM-HC-RMT-6,6,0,0,0.07,16.3,251211.0,50699.5,86018.9,false
US,NAM,29893,US-NAM-LTL-RMT-2,8,0,0,0.07,16.3,251211.0,206803.5,176660.6,false
US,NAM,29938,US-NAM-PSE-RMT-2,42,31,0,0.07,16.3,251211.0,171573.1,189530.6,true
US,NAM,29950,US-NAM-SA-RMT-5,8,0,0,0.07,16.3,251211.0,25965.9,44102.5,false
US,NAM,29952,US-NAM-RHMS-RMT-2,5,0,0,0.07,16.3,251211.0,610520.4,738197.2,true
US,NAM,30006,US-NAM-SA-RMT-3,5,0,0,0.07,16.3,251211.0,25897.1,36344.8,false
US,NAM,30167,US-NAM-LTL-RMT-3,6,0,0,0.07,16.3,251211.0,262353.8,463810.7,true
US,NAM,30173,US-NAM-RHMS-RMT-5,10,0,0,0.07,16.3,251211.0,117930.9,440915.0,false
US,NAM,30175,US-NAM-LTL-RMT-3,3,0,0,0.07,16.3,251211.0,321068.9,275408.2,true
US,NAM,30213,US-NAM-LTL-RMT-3,6,0,0,0.07,16.3,251211.0,780343.3,1238869.2,true
US,NAM,30214,US-NAM-HC-RMT-1,10,0,0,0.07,16.3,251211.0,23866.5,19539.1,false
US,NAM,30216,US-NAM-HC-RMT-5,4,0,0,0.07,16.3,251211.0,119333.1,150159.7,false
US,NAM,30217,US-NAM-RPO-RMT-1,3,0,0,0.07,16.3,251211.0,22091.8,25159.0,false
US,NAM,30218,US-NAM-RPO-RMT-1,4,0,0,0.07,16.3,251211.0,118701.2,157464.3,false
US,NAM,30240,US-NAM-PSE-RMT-1,42,82,1,0.07,16.3,251211.0,133806.5,177884.3,false
US,NAM,30458,US-NAM-RHMS-RMT-3,6,0,0,0.07,16.3,251211.0,233198.7,286184.8,false
US,NAM,30464,US-NAM-HC-RMT-2,3,0,0,0.07,16.3,251211.0,85763.2,52140.1,false
US,NAM,30477,US-NAM-HC-RMT-2,7,0,0,0.07,16.3,251211.0,157449.6,123830.3,false
US,NAM,30550,US-NAM-SA-RMT-4,18,0,0,0.07,16.3,251211.0,20653.3,12344.0,true
US,NAM,30830,US-NAM-SA-RMT-5,3,0,0,0.07,16.3,251211.0,7537.8,11111.4,false
US,NAM,31076,US-NAM-RHMS-RMT-2,20,10,0,0.07,16.3,251211.0,86311.3,111208.5,true
US,NAM,31661,US-NAM-HC-RMT-7,11,2,0,0.07,16.3,251211.0,73324.2,79579.2,false
US,NAM,32447,US-NAM-LTL-RMT-3,8,0,0,0.07,16.3,251211.0,50875.7,168102.6,false
US,NAM,32476,US-NAM-PSE-RMT-ACC-1,240,121,0,0.07,16.3,251211.0,38688.0,83972.2,true
US,NAM,32828,US-NAM-PSE-RMT-ACC-1,275,94,0,0.07,16.3,251211.0,63868.7,114200.4,true
US,NAM,32875,US-NAM-PSE-RMT-3,41,93,2,0.07,16.3,251211.0,130022.1,121857.2,true
US,NAM,34838,US-NAM-LTL-RMT-2,9,0,0,0.07,16.3,251211.0,257841.3,340110.2,true
US,NAM,36034,US-NAM-SA-RMT-3,17,0,0,0.07,16.3,251211.0,95416.3,89306.8,true
US,NAM,36414,US-NAM-RHMS-RMT-2,8,0,0,0.07,16.3,251211.0,127773.9,179515.6,false
US,NAM,38024,US-NAM-RHMS-RMT-3,9,0,0,0.07,16.3,251211.0,147280.8,171359.7,false
US,NAM,39140,US-NAM-RHMS-RMT-1,5,0,0,0.07,16.3,251211.0,207563.8,366540.5,false
US,NAM,39352,US-NAM-LTL-RMT-5,5,0,0,0.07,16.3,251211.0,118761.7,131425.7,false
US,NAM,39534,US-NAM-RHMS-RMT-5,9,0,0,0.07,16.3,251211.0,276099.1,198215.1,true
US,NAM,40905,US-NAM-HC-RMT-4,20,0,0,0.07,16.3,251211.0,113969.2,126180.5,true
US,NAM,40906,US-NAM-RHMS-RMT-6,8,0,0,0.07,16.3,251211.0,118337.6,187804.8,false
US,NAM,40909,US-NAM-RHMS-RMT-2,8,0,0,0.07,16.3,251211.0,397392.4,497464.2,true
US,NAM,40910,US-NAM-HC-RMT-1,9,0,0,0.07,16.3,251211.0,258714.1,285182.7,true
US,NAM,41373,US-NAM-PSE-RMT-3,14,11,0,0.07,16.3,251211.0,118659.5,132955.6,false
US,NAM,41617,US-NAM-PSE-RMT-3,36,0,0,0.07,16.3,251211.0,160141.7,162138.7,true
US,NAM,41622,US-NAM-SA-RMT-1,3,0,0,0.07,16.3,251211.0,83561.2,145558.4,false
US,NAM,41659,US-NAM-PSE-RMT-2,33,21,0,0.07,16.3,251211.0,158076.0,209712.3,true
US,NAM,41718,US-NAM-PSE-RMT-4,32,4,0,0.07,16.3,251211.0,239866.2,254153.6,true
US,NAM,41741,US-NAM-PSE-RMT-1,15,0,0,0.07,16.3,251211.0,312698.4,452841.0,true
US,NAM,41836,US-NAM-PSE-RMT-3,41,5,0,0.07,16.3,251211.0,179666.0,196775.0,true
US,NAM,41845,US-NAM-PSE-RMT-2,19,3,0,0.07,16.3,251211.0,113456.3,109460.8,true
US,NAM,41846,US-NAM-PSE-RMT-2,37,0,0,0.07,16.3,251211.0,210277.8,254170.1,true
US,NAM,42422,US-NAM-PSE-RMT-2,14,24,1,0.07,16.3,251211.0,120622.0,199802.5,false
US,NAM,42472,US-NAM-PSE-RMT-4,38,21,0,0.07,16.3,251211.0,161989.7,129354.6,true
US,NAM,42570,US-NAM-PSE-RMT-4,31,14,0,0.07,16.3,251211.0,198093.4,239127.0,true
US,NAM,42639,US-NAM-PSE-RMT-3,24,7,0,0.07,16.3,251211.0,120436.2,184931.3,true
US,NAM,43019,US-NAM-PSE-RMT-1,16,2,0,0.07,16.3,251211.0,132620.0,189029.6,false
US,NAM,44012,US-NAM-RHMS-RMT-4,20,0,0,0.07,16.3,251211.0,194256.2,266805.8,true
US,NAM,45233,US-NAM-PSE-RMT-4,11,34,3,0.07,16.3,251211.0,138062.6,145946.4,false
US,NAM,45264,US-NAM-HC-RMT-7,19,0,0,0.07,16.3,251211.0,64763.5,98325.0,true
US,NAM,45338,US-NAM-PSE-RMT-3,29,1,0,0.07,16.3,251211.0,192227.0,197687.0,true
US,NAM,45457,US-NAM-HC-RMT-6,3,0,0,0.07,16.3,251211.0,41370.1,50248.6,false
US,NAM,46240,US-NAM-RHMS-RMT-2,10,0,0,0.07,16.3,251211.0,318267.8,312311.8,true
US,NAM,46460,US-NAM-RHMS-RMT-7,10,0,0,0.07,16.3,251211.0,351099.3,545263.9,true
US,NAM,46565,US-NAM-RHMS-RMT-6,7,0,0,0.07,16.3,251211.0,52455.8,50040.8,false
US,NAM,46698,US-NAM-RHMS-RMT-5,9,0,0,0.07,16.3,251211.0,105226.8,114678.2,false
US,UMM,895,US-MUpper-DE-NYC-5,59,10,0,0.77,61.5,390137.0,419651.4,437719.0,true
US,UMM,910,US-MUpper-DE-STM-3,59,10,0,0.77,61.5,390137.0,427454.3,528578.3,true
US,UMM,952,US-MUpper-DE-NYC-2,59,64,1,0.77,61.5,390137.0,208737.3,301204.2,false
US,UMM,1191,US-MUpper-DE-STM-1,61,0,0,0.77,61.5,390137.0,270907.4,371171.2,false
US,UMM,1222,US-MUpper-DE-STM-4,61,0,0,0.77,61.5,390137.0,268334.4,299361.8,false
US,UMM,2468,US-MUpper-DE-STM-2,58,50,0,0.77,61.5,390137.0,392794.4,638104.5,true
US,UMM,2861,US-MUpper-DE-STM-5,59,108,1,0.77,61.5,390137.0,493604.3,598129.7,false
US,UMM,3071,US-MUpper-DE-NYC-4,123,1,0,0.77,61.5,390137.0,748816.1,866604.1,true
US,UMM,3111,US-MUpper-DE-STM-4,59,77,1,0.77,61.5,390137.0,312152.7,403981.0,false
US,UMM,3559,US-MUpper-DE-STM-2,62,108,1,0.77,61.5,390137.0,437147.7,486027.2,false
US,UMM,3726,US-MUpper-DE-NYC-1,61,17,0,0.77,61.5,390137.0,333749.2,481728.8,false
US,UMM,3904,US-MUpper-DE-STM-1,60,80,1,0.77,61.5,390137.0,334883.7,333675.8,false
US,UMM,4068,US-MUpper-DE-STM-5,61,99,1,0.77,61.5,390137.0,302287.6,388237.0,false
US,UMM,4431,US-MUpper-DE-NYC-2,62,12,0,0.77,61.5,390137.0,523770.4,697788.7,true
US,UMM,4795,US-MUpper-DE-NYC-3,64,43,0,0.77,61.5,390137.0,344968.4,308191.7,true
US,UMM,4805,US-MUpper-DE-NYC-1,63,105,1,0.77,61.5,390137.0,310541.1,398533.3,false
US,UMM,5421,US-MUpper-DE-STM-5,62,71,1,0.77,61.5,390137.0,260082.1,338299.1,false
US,UMM,6138,US-MUpper-DE-NYC-2,59,39,0,0.77,61.5,390137.0,369722.1,414199.7,false
US,UMM,6294,US-MUpper-DE-STM-6,60,45,0,0.77,61.5,390137.0,336863.6,461508.7,false
US,UMM,8086,US-MUpper-DE-ATX-1,62,72,1,0.77,61.5,390137.0,422640.0,512633.3,false
US,UMM,8227,US-MUpper-DE-ATX-2,64,83,1,0.77,61.5,390137.0,354765.8,375709.7,false
US,UMM,8374,US-MUpper-DE-ATL-1,62,76,1,0.77,61.5,390137.0,341635.4,388279.4,false
US,UMM,9296,US-MUpper-DE-STM-4,61,101,1,0.77,61.5,390137.0,445755.4,487528.1,false
US,UMM,9399,US-MUpper-DE-STM-4,62,52,0,0.77,61.5,390137.0,174115.4,200528.7,true
US,UMM,10674,US-MUpper-DE-STM-3,64,54,0,0.77,61.5,390137.0,363220.7,480551.8,true
US,UMM,11155,US-MUpper-DE-STM-3,60,137,2,0.77,61.5,390137.0,417311.9,522396.9,false
US,UMM,11158,US-MUpper-DE-STM-6,63,95,1,0.77,61.5,390137.0,506320.2,475051.1,true
US,UMM,11164,US-MUpper-DE-NYC-1,61,92,1,0.77,61.5,390137.0,464829.0,489053.4,false
US,UMM,11566,US-MUpper-DE-ATX-3,60,8,0,0.77,61.5,390137.0,355304.1,372336.5,false
US,UMM,11567,US-MUpper-DE-ATX-1,62,0,0,0.77,61.5,390137.0,502413.8,644915.6,true
US,UMM,11794,US-MUpper-DE-STM-4,59,81,1,0.77,61.5,390137.0,628864.5,647469.5,false
US,UMM,12723,US-MUpper-DE-STM-1,60,49,0,0.77,61.5,390137.0,352665.9,377994.5,false
US,UMM,12954,US-MUpper-DE-NYC-1,61,65,1,0.77,61.5,390137.0,266647.5,315083.5,false
US,UMM,12990,US-MUpper-DE-ATX-2,65,51,0,0.77,61.5,390137.0,374330.0,387658.0,true
US,UMM,13118,US-MUpper-DE-NYC-3,62,89,1,0.77,61.5,390137.0,232720.0,200586.2,true
US,UMM,13770,US-MUpper-DE-ATX-2,63,84,1,0.77,61.5,390137.0,356127.7,429975.4,false
US,UMM,14473,US-MUpper-DE-STM-2,61,114,1,0.77,61.5,390137.0,433364.4,513620.4,false
US,UMM,14474,US-MUpper-DE-STM-1,60,74,1,0.77,61.5,390137.0,376099.9,358769.4,false
US,UMM,14509,US-MUpper-DE-NYC-5,59,85,1,0.77,61.5,390137.0,532522.0,567525.4,false
US,UMM,15076,US-MUpper-DE-STM-1,61,61,1,0.77,61.5,390137.0,353616.3,400966.3,false
US,UMM,15241,US-MUpper-DE-STM-2,56,93,1,0.77,61.5,390137.0,428937.5,438387.4,false
US,UMM,15433,US-MUpper-DE-NYC-2,63,72,1,0.77,61.5,390137.0,389173.5,430353.7,false
US,UMM,15607,US-MUpper-DE-NYC-5,62,82,1,0.77,61.5,390137.0,489894.2,580405.8,false
US,UMM,15734,US-MUpper-DE-ATX-4,61,100,1,0.77,61.5,390137.0,457964.7,548695.7,false
US,UMM,15966,US-MUpper-DE-NYC-5,60,93,1,0.77,61.5,390137.0,418234.2,466542.3,false
US,UMM,16440,US-MUpper-DE-STM-4,61,104,1,0.77,61.5,390137.0,321917.1,309993.7,false
US,UMM,16990,US-MUpper-DE-NYC-3,62,74,1,0.77,61.5,390137.0,341109.8,426441.7,false
US,UMM,16992,US-MUpper-DE-NYC-4,61,95,1,0.77,61.5,390137.0,496613.7,469792.0,true
US,UMM,17060,US-MUpper-DE-STM-2,63,130,2,0.77,61.5,390137.0,453763.2,508730.1,false
US,UMM,17244,US-MUpper-DE-NYC-3,60,40,0,0.77,61.5,390137.0,406910.0,531905.4,true
US,UMM,17537,US-MUpper-DE-STM-5,62,71,1,0.77,61.5,390137.0,376572.5,505561.7,false
US,UMM,17541,US-MUpper-DE-STM-5,59,56,0,0.77,61.5,390137.0,308183.1,411175.7,false
US,UMM,17648,US-MUpper-DE-STM-3,60,74,1,0.77,61.5,390137.0,325771.7,434452.6,false
US,UMM,17697,US-MUpper-DE-STM-1,60,85,1,0.77,61.5,390137.0,315624.3,346795.6,false
US,UMM,17742,US-MUpper-DE-NYC-2,61,42,0,0.77,61.5,390137.0,279533.3,507683.7,false
US,UMM,17836,US-MUpper-DE-STM-4,60,100,1,0.77,61.5,390137.0,353970.1,435103.6,false
US,UMM,18087,US-MUpper-DE-NYC-1,61,75,1,0.77,61.5,390137.0,312217.8,402258.7,false
US,UMM,18367,US-MUpper-DE-NYC-2,60,4,0,0.77,61.5,390137.0,594307.0,799759.8,true
US,UMM,18412,US-MUpper-DE-ATX-1,62,98,1,0.77,61.5,390137.0,539211.2,549264.5,false
US,UMM,18760,US-MUpper-DE-NYC-5,60,23,0,0.77,61.5,390137.0,284460.6,412579.6,false
US,UMM,18916,US-MUpper-DE-NYC-5,58,90,1,0.77,61.5,390137.0,246835.7,251084.7,false
US,UMM,18936,US-MUpper-DE-ATX-2,62,79,1,0.77,61.5,390137.0,361338.5,444491.9,false
US,UMM,19180,US-MUpper-DE-STM-3,61,146,2,0.77,61.5,390137.0,334242.3,374136.1,false
US,UMM,19348,US-MUpper-DE-ATX-2,62,58,0,0.77,61.5,390137.0,303681.1,365956.4,true
US,UMM,19547,US-MUpper-DE-STM-2,61,78,1,0.77,61.5,390137.0,420203.3,452344.0,false
US,UMM,19849,US-MUpper-DE-STM-3,61,65,1,0.77,61.5,390137.0,318798.2,363877.6,false
US,UMM,20151,US-MUpper-DE-STM-4,60,92,1,0.77,61.5,390137.0,398752.7,437288.0,false
US,UMM,21251,US-MUpper-DE-NYC-3,63,105,1,0.77,61.5,390137.0,286648.5,400564.0,false
US,UMM,23315,US-MUpper-DE-STM-6,61,99,1,0.77,61.5,390137.0,480726.0,532875.0,false
US,UMM,23657,US-MUpper-DE-ATX-4,58,115,1,0.77,61.5,390137.0,561615.8,612360.4,false
US,UMM,23709,US-MUpper-DE-STM-6,61,105,1,0.77,61.5,390137.0,357347.7,410964.2,false
US,UMM,24954,US-MUpper-DE-NYC-4,59,151,2,0.77,61.5,390137.0,523467.5,642319.9,false
US,UMM,26480,US-MUpper-DE-ATX-1,59,106,1,0.77,61.5,390137.0,600680.6,508279.2,true
US,UMM,27272,US-MUpper-DE-ATX-3,60,51,0,0.77,61.5,390137.0,342752.6,380089.3,false
US,UMM,30836,US-MUpper-DE-ATL-1,60,70,1,0.77,61.5,390137.0,406887.3,487416.2,false
US,UMM,30853,US-MUpper-DE-ATL-1,60,84,1,0.77,61.5,390137.0,382771.1,413188.4,false
US,UMM,30876,US-MUpper-DE-ATL-1,64,81,1,0.77,61.5,390137.0,387883.0,449620.3,false
US,UMM,31053,US-MUpper-DE-NYC-3,65,51,0,0.77,61.5,390137.0,491631.3,649580.4,true
US,UMM,31274,US-MUpper-DE-ATL-1,62,88,1,0.77,61.5,390137.0,474485.4,625883.8,false
US,UMM,32083,US-MUpper-DE-NYC-2,60,62,1,0.77,61.5,390137.0,507443.6,519226.8,false
US,UMM,32111,US-MUpper-DE-STM-6,62,51,0,0.77,61.5,390137.0,391218.1,378187.8,true
US,UMM,32152,US-MUpper-DE-ATX-2,65,3,0,0.77,61.5,390137.0,534192.3,532442.4,true
US,UMM,32190,US-MUpper-DE-NYC-2,62,106,1,0.77,61.5,390137.0,456743.1,744460.9,false
US,UMM,32872,US-MUpper-DE-STM-2,58,121,2,0.77,61.5,390137.0,400698.8,481800.5,false
US,UMM,34173,US-MUpper-DE-STM-1,63,92,1,0.77,61.5,390137.0,271719.5,264513.1,true
US,UMM,34176,US-MUpper-DE-NYC-4,60,113,1,0.77,61.5,390137.0,319151.2,309190.1,false
US,UMM,34180,US-MUpper-DE-STM-1,59,57,0,0.77,61.5,390137.0,520487.9,535404.3,true
US,UMM,34192,US-MUpper-DE-NYC-2,63,93,1,0.77,61.5,390137.0,367134.4,421078.8,false
US,UMM,34410,US-MUpper-DE-STM-5,59,149,2,0.77,61.5,390137.0,613323.0,721468.3,false
US,UMM,34456,US-MUpper-DE-STM-3,61,97,1,0.77,61.5,390137.0,445683.2,453092.7,false
US,UMM,34460,US-MUpper-DE-ATX-4,59,57,0,0.77,61.5,390137.0,399693.6,406806.3,true
US,UMM,34492,US-MUpper-DE-STM-6,59,37,0,0.77,61.5,390137.0,392300.6,515733.9,true
US,UMM,34500,US-MUpper-DE-ATX-1,62,134,2,0.77,61.5,390137.0,243934.4,383297.2,false
US,UMM,34535,US-MUpper-DE-ATX-3,69,84,1,0.77,61.5,390137.0,518638.6,554334.4,false
US,UMM,34667,US-MUpper-DE-ATX-3,62,68,1,0.77,61.5,390137.0,337268.5,363355.2,false
US,UMM,34862,US-MUpper-DE-STM-6,59,40,0,0.77,61.5,390137.0,404511.7,576187.9,true
US,UMM,34875,US-MUpper-DE-STM-3,62,93,1,0.77,61.5,390137.0,249032.0,282500.2,false
US,UMM,35199,US-MUpper-DE-NYC-4,63,94,1,0.77,61.5,390137.0,456785.6,614647.6,false
US,UMM,35502,US-MUpper-DE-NYC-3,60,80,1,0.77,61.5,390137.0,511636.9,687608.7,false
US,UMM,35555,US-MUpper-DE-NYC-5,62,92,1,0.77,61.5,390137.0,359838.8,446352.6,false
US,UMM,35758,US-MUpper-DE-ATX-3,60,111,1,0.77,61.5,390137.0,665637.1,583624.9,true
US,UMM,36240,US-MUpper-DE-NYC-5,60,83,1,0.77,61.5,390137.0,324744.2,350216.1,false
US,UMM,36375,US-MUpper-DE-STM-2,61,125,2,0.77,61.5,390137.0,465067.7,452030.3,true
US,UMM,36394,US-MUpper-DE-NYC-2,64,109,1,0.77,61.5,390137.0,265777.6,385238.0,false
US,UMM,38558,US-MUpper-DE-NYC-4,63,63,1,0.77,61.5,390137.0,568866.0,870830.7,false
US,UMM,38742,US-MUpper-DE-NYC-1,64,103,1,0.77,61.5,390137.0,321731.2,364239.9,false
US,UMM,39361,US-MUpper-DE-ATX-3,65,83,1,0.77,61.5,390137.0,309760.8,294936.4,true
US,UMM,39397,US-MUpper-DE-ATX-1,60,116,1,0.77,61.5,390137.0,393004.9,447567.4,false
US,UMM,39530,US-MUpper-DE-ATX-1,59,93,1,0.77,61.5,390137.0,259543.4,352121.5,false
US,UMM,39531,US-MUpper-DE-ATX-4,60,71,1,0.77,61.5,390137.0,262156.6,342236.8,false
US,UMM,39998,US-MUpper-DE-ATX-4,61,112,1,0.77,61.5,390137.0,306846.4,381607.3,false
US,UMM,40001,US-MUpper-DE-ATX-3,62,65,1,0.77,61.5,390137.0,351887.3,465534.2,false
US,UMM,40901,US-MUpper-DE-ATX-2,60,106,1,0.77,61.5,390137.0,510057.4,620970.5,false
US,UMM,40951,US-MUpper-DE-NYC-1,64,97,1,0.77,61.5,390137.0,307453.3,336273.5,false
US,UMM,41598,US-MUpper-DE-ATX-4,58,56,0,0.77,61.5,390137.0,386839.2,480546.8,false
US,UMM,41742,US-MUpper-DE-ATL-1,60,66,1,0.77,61.5,390137.0,404998.0,466657.2,false
US,UMM,41961,US-MUpper-DE-STM-2,61,63,1,0.77,61.5,390137.0,514251.8,764763.5,false
US,UMM,42326,US-MUpper-DE-STM-3,60,83,1,0.77,61.5,390137.0,266052.2,334104.2,false
US,UMM,42723,US-MUpper-DE-ATX-4,59,77,1,0.77,61.5,390137.0,354851.4,391754.0,false
US,UMM,42982,US-MUpper-DE-STM-5,58,72,1,0.77,61.5,390137.0,542897.8,585133.6,false
US,UMM,43737,US-MUpper-DE-STM-6,63,69,1,0.77,61.5,390137.0,422682.6,577576.7,false
US,UMM,43746,US-MUpper-DE-ATL-1,63,76,1,0.77,61.5,390137.0,333964.6,424297.9,false
US,UMM,43930,US-MUpper-DE-NYC-1,63,46,0,0.77,61.5,390137.0,261839.0,220510.6,true
US,UMM,43966,US-MUpper-DE-ATL-1,65,109,1,0.77,61.5,390137.0,392103.6,373692.0,true
US,UMM,44285,US-MUpper-DE-NYC-4,60,69,1,0.77,61.5,390137.0,435114.7,454835.4,false
US,UMM,44997,US-MUpper-DE-NYC-5,60,67,1,0.77,61.5,390137.0,428626.4,442046.8,false
US,UMM,45005,US-MUpper-DE-STM-4,58,76,1,0.77,61.5,390137.0,528775.5,535639.5,false
US,UMM,46515,US-MUpper-DE-NYC-3,62,4,0,0.77,61.5,390137.0,502017.4,798921.2,true
US,UMM,46517,US-MUpper-DE-NYC-1,58,49,0,0.77,61.5,390137.0,299687.6,452598.3,false
US,UMM,46546,US-MUpper-DE-STM-5,62,7,0,0.77,61.5,390137.0,284110.3,307530.4,true
US,UMM,46553,US-MUpper-DE-STM-1,62,8,0,0.77,61.5,390137.0,232429.0,328186.3,true
US,UMM,46578,US-MUpper-DE-STM-5,60,6,0,0.77,61.5,390137.0,327998.6,447861.0,false
US,UMM,46817,US-MUpper-DE-NYC-3,62,0,0,0.77,61.5,390137.0,28191.5,417159.3,true
